codice_voce,macro,titolo,macroaggregato,descrizione
1.01.01.06.001,E,1,01,Imposta municipale propria riscossa a seguito dell'attività ordinaria di gestione
1.01.01.06.002,E,1,01,Imposte municipale propria riscosse a seguito di attività di verifica e controllo
1.01.01.08.001,E,1,01,Imposta comunale sugli immobili (ICI) riscossa a seguito dell'attività ordinaria di gestione
1.01.01.08.002,E,1,01,Imposta comunale sugli immobili (ICI) riscossa a seguito di attività di verifica e controllo
1.01.01.16.001,E,1,01,Addizionale comunale IRPEF riscossa a seguito dell'attività ordinaria di gestione
1.01.01.16.002,E,1,01,Addizionale comunale IRPEF riscossa a seguito di attività di verifica e controllo
1.01.01.17.001,E,1,01,Addizionale regionale IRPEF non sanità riscossa a seguito dell'attività ordinaria di gestione
1.01.01.17.002,E,1,01,Addizionale regionale IRPEF non sanità riscossa a seguito di attività di verifica e controllo
1.01.01.20.001,E,1,01,Imposta regionale sulle attività produttive (IRAP) non Sanità riscossa a seguito dell'attività ordinaria di gestione
1.01.01.20.002,E,1,01,Imposta regionale sulle attività produttive (IRAP) non Sanità riscossa a seguito di attività di verifica e controllo
1.01.01.31.001,E,1,01,Imposta regionale sulla benzina per autotrazione riscossa a seguito dell'attività ordinaria di gestione
1.01.01.31.002,E,1,01,Imposta regionale sulla benzina per autotrazione riscossi a seguito di attività di verifica e controllo
1.01.01.39.001,E,1,01,Imposta sulle assicurazioni RC auto riscossa a seguito dell'attività ordinaria di gestione
1.01.01.39.002,E,1,01,Imposta sulle assicurazioni RC auto riscossa a seguito di attività di verifica e controllo
1.01.01.40.001,E,1,01,Imposta di iscrizione al pubblico registro automobilistico (PRA) riscossa a seguito dell'attività ordinaria di gestione
1.01.01.40.002,E,1,01,Imposta di iscrizione al pubblico registro automobilistico (PRA) riscossa a seguito di attività di verifica e controllo
1.01.01.41.001,E,1,01,Imposta di soggiorno riscossa a seguito dell'attività ordinaria di gestione
1.01.01.41.002,E,1,01,Imposta di soggiorno riscossa a seguito di attività di verifica e controllo
1.01.01.42.001,E,1,01,Imposta regionale sulle concessioni statali sui beni del demanio marittimo riscossa a seguito dell'attività ordinaria di gestione
1.01.01.42.002,E,1,01,Imposta regionale sulle concessioni statali sui beni del demanio marittimo riscossa a seguito di attività di verifica e controllo
1.01.01.43.001,E,1,01,Imposta regionale sulle concessioni statali sui beni del patrimonio indisponibile riscossa a seguito dell'attività ordinaria di gestione
1.01.01.43.002,E,1,01,Imposta regionale sulle concessioni statali sui beni del patrimonio indisponibile riscossa a seguito di attività di verifica e controllo
1.01.01.44.001,E,1,01,Imposta regionale per le emissioni sonore degli aeromobili riscossa a seguito dell'attività ordinaria di gestione
1.01.01.44.002,E,1,01,Imposta regionale per le emissioni sonore degli aeromobili riscossa a seguito di attività di verifica e controllo
1.01.01.46.001,E,1,01,Tassa regionale per il diritto allo studio universitario riscossa a seguito dell'attività ordinaria di gestione
1.01.01.46.002,E,1,01,Tassa regionale per il diritto allo studio universitario riscossa a seguito di attività di verifica e controllo
1.01.01.47.001,E,1,01,Tassa sulla concessione per la caccia e per la pesca riscossa a seguito dell'attività ordinaria di gestione
1.01.01.47.002,E,1,01,Tassa sulla concessione per la caccia e per la pesca riscosse a seguito di attività di verifica e controllo
1.01.01.48.001,E,1,01,Tasse sulle concessioni regionali riscosse a seguito dell'attività ordinaria di gestione
1.01.01.48.002,E,1,01,Tasse sulle concessioni regionali riscosse a seguito di attività di verifica e controllo
1.01.01.49.001,E,1,01,Tasse sulle concessioni comunali riscosse a seguito dell'attività ordinaria di gestione
1.01.01.49.002,E,1,01,Tasse sulle concessioni comunali riscosse a seguito di attività di verifica e controllo
1.01.01.50.001,E,1,01,Tassa di circolazione dei veicoli a motore (tassa automobilistica) riscosse a seguito dell'attività ordinaria di gestione
1.01.01.50.002,E,1,01,Tassa di circolazione dei veicoli a motore (tassa automobilistica) riscosse a seguito di attività di verifica e controllo
1.01.01.51.001,E,1,01,Tassa smaltimento rifiuti solidi urbani riscossa a seguito dell'attività ordinaria di gestione
1.01.01.51.002,E,1,01,Tassa smaltimento rifiuti solidi urbani riscossa a seguito di attività di verifica e controllo
1.01.01.52.001,E,1,01,Tassa occupazione spazi e aree pubbliche riscossa a seguito dell'attività ordinaria di gestione
1.01.01.52.002,E,1,01,Tassa occupazione spazi e aree pubbliche riscossa a seguito di attività di verifica e controllo
1.01.01.53.001,E,1,01,Imposta comunale sulla pubblicità e diritto sulle pubbliche affissioni riscossa a seguito dell'attività ordinaria di gestione
1.01.01.53.002,E,1,01,Imposta comunale sulla pubblicità e diritto sulle pubbliche affissioni riscossa a seguito di attività di verifica e controllo
1.01.01.54.001,E,1,01,Imposta municipale secondaria  riscossa a seguito dell'attività ordinaria di gestione
1.01.01.54.002,E,1,01,Imposta municipale secondaria  riscossa a seguito di attività di verifica e controllo
1.01.01.55.001,E,1,01,Tassa di abilitazione all'esercizio professionale riscossa a seguito dell'attività ordinaria di gestione
1.01.01.55.002,E,1,01,Tassa di abilitazione all'esercizio professionale riscossa a seguito di attività di verifica e controllo
1.01.01.59.001,E,1,01,Tributo speciale per il deposito in discarica dei rifiuti solidi riscosso a seguito dell'attività ordinaria di gestione
1.01.01.59.002,E,1,01,Tributo speciale per il deposito in discarica dei rifiuti solidi riscosso a seguito di attività di verifica e controllo
1.01.01.60.001,E,1,01,"Tributo per l'esercizio delle funzioni di tutela, protezione e igiene dell'ambiente"
1.01.01.60.002,E,1,01,"Tributo per l'esercizio delle funzioni di tutela, protezione e igiene dell'ambiente riscosso a seguito di attività di verifica e controllo"
1.01.01.61.001,E,1,01,Tributo comunale sui rifiuti e sui servizi
1.01.01.61.002,E,1,01,Tributo comunale sui rifiuti e sui servizi riscosso a seguito di attività di verifica e controllo
1.01.01.64.001,E,1,01,Diritti mattatoi riscossa a seguito dell'attività ordinaria di gestione
1.01.01.64.002,E,1,01,Diritti mattatoi riscossi a seguito di attività di verifica e controllo
1.01.01.65.001,E,1,01,Diritti degli Enti provinciali turismo riscossi a seguito dell'attività ordinaria di gestione
1.01.01.65.002,E,1,01,Diritti degli Enti provinciali turismo riscossi a seguito di attività di verifica e controllo
1.01.01.68.001,E,1,01,Addizionale regionale sui canoni per le utenze di acque pubbliche riscossa a seguito dell'attività ordinaria di gestione
1.01.01.68.002,E,1,01,Addizionale regionale sui canoni per le utenze di acque pubbliche riscossa a seguito di attività di verifica e controllo
1.01.01.70.001,E,1,01,Proventi dei Casinò riscossi a seguito dell'attività ordinaria di gestione
1.01.01.70.002,E,1,01,Proventi dei Casinò riscossi a seguito di attività di verifica e controllo
1.01.01.76.001,E,1,01,Tributo per i servizi indivisibili (TASI) riscosso a seguito dell'attività ordinaria di gestione
1.01.01.76.002,E,1,01,Tributo per i servizi indivisibili (TASI) riscosso a seguito di attività di verifica e controllo
1.01.01.77.001,E,1,01,Addizionale regionale sul gas naturale  riscossa a seguito dell'attività ordinaria di gestione riscossa a seguito dell'attività ordinaria di gestione
1.01.01.77.002,E,1,01,Addizionale regionale sul gas naturale  riscossa a seguito di attività di verifica e controllo riscossa a seguito di attività di verifica e controllo
1.01.01.95.001,E,1,01,Altre ritenute n.a.c. riscosse a seguito dell'attività ordinaria di gestione
1.01.01.95.002,E,1,01,Altre ritenute n.a.c. riscosse a seguito di attività di verifica e controllo
1.01.01.96.001,E,1,01,"Altre entrate su lotto, lotterie e altre attività di gioco n.a.c. riscosse a seguito dell'attività ordinaria di gestione"
1.01.01.96.002,E,1,01,"Altre entrate su lotto, lotterie e altre attività di gioco n.a.c. riscosse a seguito di attività di verifica e controllo"
1.01.01.97.001,E,1,01,Altre accise n.a.c. riscosse a seguito dell'attività ordinaria di gestione
1.01.01.97.002,E,1,01,Altre accise n.a.c. riscosse a seguito di attività di verifica e controllo
1.01.01.98.001,E,1,01,Altre imposte sostitutive n.a.c. riscosse a seguito dell'attività ordinaria di gestione
1.01.01.98.002,E,1,01,Altre imposte sostitutive n.a.c. riscosse a seguito di attività di verifica e controllo
1.01.01.99.001,E,1,01,"Altre imposte, tasse e proventi assimilati n.a.c. riscosse a seguito dell'attività ordinaria di gestione"
1.01.01.99.002,E,1,01,"Altre imposte, tasse e proventi assimilati n.a.c. riscosse a seguito di attività di verifica e controllo"
1.01.02.01.001,E,1,01,Imposta regionale sulle attività produttive - IRAP - Sanità
1.01.02.02.001,E,1,01,Imposta regionale sulle attività produttive - IRAP - Sanità derivante da manovra fiscale regionale
1.01.02.03.001,E,1,01,Compartecipazione IVA - Sanità
1.01.02.04.001,E,1,01,Addizionale IRPEF - Sanità
1.01.02.05.001,E,1,01,Addizionale IRPEF - Sanità derivante da manovra fiscale regionale
1.01.02.06.001,E,1,01,Accisa sulla benzina per autotrazione - sanità
1.01.02.99.999,E,1,01,Altri tributi destinati al finanziamento della spesa sanitaria n.a.c.
1.01.03.01.001,E,1,01,Imposta sul reddito delle persone fisiche (ex IRPEF) riscossa a seguito dell'attività ordinaria di gestione
1.01.03.01.002,E,1,01,Imposta sul reddito delle persone fisiche (ex IRPEF) riscossa a seguito di attività di verifica e controllo
1.01.03.02.001,E,1,01,Imposta sul reddito delle società (ex IRPEG) riscosse a seguito dell'attività ordinaria di gestione
1.01.03.02.002,E,1,01,Imposta sul reddito delle società (ex IRPEG) riscosse a seguito di attività di verifica e controllo
1.01.03.03.001,E,1,01,Imposta sostitutiva dell'IRPEF e dell'imposta di registro e di bollo sulle locazioni di immobili per finalità abitative (cedolare secca) riscossa a seguito dell'attività ordinaria di gestione
1.01.03.03.002,E,1,01,Imposta sostitutiva dell'IRPEF e dell'imposta di registro e di bollo sulle locazioni di immobili per finalità abitative (cedolare secca) riscossa a seguito di attività di verifica e controllo
1.01.03.04.001,E,1,01,Imposte sostitutive su risparmio gestito riscosse a seguito dell'attività ordinaria di gestione
1.01.03.04.002,E,1,01,Imposte sostitutive su risparmio gestito riscosse a seguito di attività di verifica e controllo
1.01.03.05.001,E,1,01,"Imposta sostitutiva in materia di conferimenti di aziende, fusioni e scissioni riscossa a seguito dell'attività ordinaria di gestione"
1.01.03.05.002,E,1,01,"Imposta sostitutiva in materia di conferimenti di aziende, fusioni e scissioni riscossa a seguito di attività di verifica e controllo"
1.01.03.07.001,E,1,01,Imposta municipale propria riservata all'erario riscossa a seguito dell'attività ordinaria di gestione
1.01.03.07.002,E,1,01,Imposta municipale propria riservata all'erario riscossa a seguito di attività di verifica e controllo
1.01.03.09.001,E,1,01,Imposta patrimoniale sul valore degli immobili situati all'estero riscossa a seguito dell'attività ordinaria di gestione
1.01.03.09.002,E,1,01,Imposta patrimoniale sul valore degli immobili situati all'estero riscossa a seguito di attività di verifica e controllo
1.01.03.10.001,E,1,01,Imposta sulle riserve matematiche delle imprese di assicurazione riscossa a seguito dell'attività ordinaria di gestione
1.01.03.10.002,E,1,01,Imposta sulle riserve matematiche delle imprese di assicurazione riscossa a seguito di attività di verifica e controllo
1.01.03.11.001,E,1,01,Imposta sul valore delle attività finanziarie detenute all'estero dalle persone fisiche residenti nel territorio dello stato riscossa a seguito dell'attività ordinaria di gestione
1.01.03.11.002,E,1,01,Imposta sul valore delle attività finanziarie detenute all'estero dalle persone fisiche residenti nel territorio dello stato riscossa a seguito di attività di verifica e controllo
1.01.03.12.001,E,1,01,Imposta sulle plusvalenze da cessione di attività finanziarie riscossa a seguito dell'attività ordinaria di gestione
1.01.03.12.002,E,1,01,Imposta sulle plusvalenze da cessione di attività finanziarie riscossa a seguito di attività di verifica e controllo
1.01.03.13.001,E,1,01,Imposta sostitutiva delle imposte sui redditi su plusvalenze da cessione a titolo oneroso di azioni e di altri rapporti partecipativi riscossa a seguito dell'attività ordinaria di gestione
1.01.03.13.002,E,1,01,Imposta sostitutiva delle imposte sui redditi su plusvalenze da cessione a titolo oneroso di azioni e di altri rapporti partecipativi riscossa a seguito di attività di verifica e controllo
1.01.03.14.001,E,1,01,Imposte su assicurazione vita riscosse a seguito dell'attività ordinaria di gestione
1.01.03.14.002,E,1,01,Imposte su assicurazione vita riscosse a seguito di attività di verifica e controllo
1.01.03.15.001,E,1,01,Imposta erariale sugli aeromobili privati riscossa a seguito dell'attività ordinaria di gestione
1.01.03.15.002,E,1,01,Imposta erariale sugli aeromobili privati riscossa a seguito di attività di verifica e controllo
1.01.03.18.000,E,1,01,Ritenute sugli interessi e su altri redditi da capitale
1.01.03.18.001,E,1,01,Ritenute sugli interessi e su altri redditi da capitale riscosse a seguito dell'attività ordinaria di gestione
1.01.03.18.002,E,1,01,Ritenute sugli interessi e su altri redditi da capitale riscosse a seguito di attività di verifica e controllo
1.01.03.19.000,E,1,01,Ritenute e imposte sostitutive sugli utili distribuiti dalle società di capitali
1.01.03.19.001,E,1,01,Ritenute e imposte sostitutive sugli utili distribuiti dalle società di capitali riscosse a seguito dell'attività ordinaria di gestione
1.01.03.19.002,E,1,01,Ritenute e imposte sostitutive sugli utili distribuiti dalle società di capitali riscosse a seguito di attività di verifica e controllo
1.01.03.21.000,E,1,01,Imposta sul valore aggiunto (IVA) sugli scambi interni
1.01.03.21.001,E,1,01,Imposta sul valore aggiunto (IVA) sugli scambi interni riscossa a seguito dell'attività ordinaria di gestione
1.01.03.21.002,E,1,01,Imposta sul valore aggiunto (IVA) sugli scambi interni riscossa a seguito di attività di verifica e controllo
1.01.03.22.000,E,1,01,Imposta sul valore aggiunto (IVA) sulle importazioni
1.01.03.22.001,E,1,01,Imposta sul valore aggiunto (IVA) sulle importazioni riscossa a seguito dell'attività ordinaria di gestione
1.01.03.22.002,E,1,01,Imposta sul valore aggiunto (IVA) sulle importazioni riscossa a seguito di attività di verifica e controllo
1.01.03.23.001,E,1,01,Imposta sulle assicurazioni riscossa a seguito dell'attività ordinaria di gestione
1.01.03.23.002,E,1,01,Imposta sulle assicurazioni riscossa a seguito di attività di verifica e controllo
1.01.03.24.000,E,1,01,Accisa sui tabacchi
1.01.03.24.001,E,1,01,Accisa sui tabacchi riscossa a seguito dell'attività ordinaria di gestione
1.01.03.24.002,E,1,01,Accisa sui tabacchi riscossa a seguito di attività di verifica e controllo
1.01.03.25.000,E,1,01,Accisa sull'alcole e le bevande alcoliche
1.01.03.25.001,E,1,01,Accisa sull'alcole e le bevande alcoliche riscossa a seguito dell'attività ordinaria di gestione
1.01.03.25.002,E,1,01,Accisa sull'alcole e le bevande alcoliche riscossa a seguito di attività di verifica e controllo
1.01.03.26.000,E,1,01,Accisa sull'energia elettrica
1.01.03.26.001,E,1,01,Accisa sull'energia elettrica riscossa a seguito dell'attività ordinaria di gestione
1.01.03.26.002,E,1,01,Accisa sull'energia elettrica riscossa a seguito di attività di verifica e controllo
1.01.03.27.000,E,1,01,Accisa sui prodotti energetici
1.01.03.27.001,E,1,01,Accisa sui prodotti energetici riscossa a seguito dell'attività ordinaria di gestione
1.01.03.27.002,E,1,01,Accisa sui prodotti energetici riscossa a seguito di attività di verifica e controllo
1.01.03.28.001,E,1,01,Accisa sulla benzina per autotrazione - non sanità riscossa a seguito dell'attività ordinaria di gestione
1.01.03.28.002,E,1,01,Accisa sulla benzina per autotrazione - non sanità riscossa a seguito di attività di verifica e controllo
1.01.03.29.001,E,1,01,Accisa sul gasolio riscossa a seguito dell'attività ordinaria di gestione
1.01.03.29.002,E,1,01,Accisa sul gasolio riscossa a seguito di attività di verifica e controllo
1.01.03.30.001,E,1,01,Imposta sul gas naturale riscossa a seguito dell'attività ordinaria di gestione
1.01.03.30.002,E,1,01,Imposta sul gas naturale riscossa a seguito di attività di verifica e controllo
1.01.03.32.001,E,1,01,Imposta di consumo su oli lubrificanti e bitumi di petrolio riscossa a seguito dell'attività ordinaria di gestione
1.01.03.32.002,E,1,01,Imposta di consumo su oli lubrificanti e bitumi di petrolio riscossa a seguito di attività di verifica e controllo
1.01.03.33.001,E,1,01,Imposta di registro riscossa a seguito dell'attività ordinaria di gestione
1.01.03.33.002,E,1,01,Imposta di registro riscossa a seguito di attività di verifica e controllo
1.01.03.34.001,E,1,01,Imposta di bollo riscossa a seguito dell'attività ordinaria di gestione
1.01.03.34.002,E,1,01,Imposta di bollo riscossa a seguito di attività di verifica e controllo
1.01.03.35.001,E,1,01,Imposta ipotecaria riscossa a seguito dell'attività ordinaria di gestione
1.01.03.35.002,E,1,01,Imposta ipotecaria riscossa a seguito di attività di verifica e controllo
1.01.03.36.001,E,1,01,Imposta unica sui concorsi pronostici e sulle scommesse riscossa a seguito dell'attività ordinaria di gestione
1.01.03.36.002,E,1,01,Imposta unica sui concorsi pronostici e sulle scommesse riscossa a seguito di attività di verifica e controllo
1.01.03.37.001,E,1,01,"Proventi da lotto, lotterie e altri giochi riscossi a seguito dell'attività ordinaria di gestione"
1.01.03.37.002,E,1,01,"Proventi da lotto, lotterie e altri giochi riscossi a seguito di attività di verifica e controllo"
1.01.03.38.001,E,1,01,Imposta sugli intrattenimenti riscossa a seguito dell'attività ordinaria di gestione
1.01.03.38.002,E,1,01,Imposta sugli intrattenimenti riscossa a seguito di attività di verifica e controllo
1.01.03.45.001,E,1,01,Tassa sulle concessioni governative riscossa a seguito dell'attività ordinaria di gestione
1.01.03.45.002,E,1,01,Tassa sulle concessioni governative riscossa a seguito di attività di verifica e controllo
1.01.03.50.001,E,1,01,Tassa di circolazione dei veicoli a motore (tassa automobilistica) riscossa a seguito dell'attività ordinaria di gestione
1.01.03.50.002,E,1,01,Tassa di circolazione dei veicoli a motore (tassa automobilistica) riscossa a seguito di attività di verifica e controllo
1.01.03.56.001,E,1,01,Tassa sulle emissioni di anidride solforosa riscossa a seguito dell'attività ordinaria di gestione
1.01.03.56.002,E,1,01,Tassa sulle emissioni di anidride solforosa riscossa a seguito di attività di verifica e controllo
1.01.03.58.001,E,1,01,Canone radiotelevisivo riscosso a seguito dell'attività ordinaria di gestione
1.01.03.58.002,E,1,01,Canone radiotelevisivo riscosso a seguito di attività di verifica e controllo
1.01.03.62.001,E,1,01,Diritti catastali riscossi a seguito dell'attività ordinaria di gestione
1.01.03.62.002,E,1,01,Diritti catastali riscossi a seguito di attività di verifica e controllo
1.01.03.71.001,E,1,01,Proventi della vendita di denaturanti e contrassegni di Stato riscossi a seguito dell'attività ordinaria di gestione
1.01.03.71.002,E,1,01,Proventi della vendita di denaturanti e contrassegni di Stato riscossi a seguito di attività di verifica e controllo
1.01.03.72.001,E,1,01,Proventi vari dei Monopoli di Stato riscossi a seguito dell'attività ordinaria di gestione
1.01.03.72.002,E,1,01,Proventi vari dei Monopoli di Stato riscossi a seguito di attività di verifica e controllo
1.01.03.74.001,E,1,01,Imposte sulle successioni e donazioni riscosse a seguito dell'attività ordinaria di gestione
1.01.03.74.002,E,1,01,Imposte sulle successioni e donazioni riscosse a seguito di attività di verifica e controllo
1.01.03.95.001,E,1,01,Altre accise n.a.c. riscosse a seguito dell'attività ordinaria di gestione
1.01.03.95.002,E,1,01,Altre accise n.a.c. riscosse a seguito di attività di verifica e controllo
1.01.03.96.001,E,1,01,"Altre entrate su lotto, lotterie e altre attività di gioco n.a.c. riscosse a seguito dell'attività ordinaria di gestione"
1.01.03.96.002,E,1,01,"Altre entrate su lotto, lotterie e altre attività di gioco n.a.c. riscosse a seguito di attività di verifica e controllo"
1.01.03.97.001,E,1,01,Altre ritenute n.a.c. riscosse a seguito dell'attività ordinaria di gestione
1.01.03.97.002,E,1,01,Altre ritenute n.a.c. riscosse a seguito di attività di verifica e controllo
1.01.03.98.001,E,1,01,Altre imposte sostitutive n.a.c. riscosse a seguito dell'attività ordinaria di gestione
1.01.03.98.002,E,1,01,Altre imposte sostitutive n.a.c. riscosse a seguito di attività di verifica e controllo
1.01.03.99.001,E,1,01,Altri tributi devoluti e regolati alle autonomie speciali n.a.c. riscossi a seguito dell'attività ordinaria di gestione
1.01.03.99.002,E,1,01,Altri tributi devoluti e regolati alle autonomie speciali n.a.c. riscossi a seguito di attività di verifica e controllo
1.01.04.01.001,E,1,01,Compartecipazione IVA a Regioni - non Sanità
1.01.04.02.001,E,1,01,Addizionale regionale alla compartecipazione IVA
1.01.04.03.001,E,1,01,Compartecipazione al bollo auto
1.01.04.04.001,E,1,01,Compartecipazione al gasolio
1.01.04.05.001,E,1,01,Compartecipazione IVA ai Comuni
1.01.04.06.001,E,1,01,Compartecipazione IRPEF ai Comuni
1.01.04.07.001,E,1,01,Compartecipazione IRPEF alle Province
1.01.04.08.001,E,1,01,Tributo provinciale deposito in discarica dei rifiuti solidi
1.01.04.09.001,E,1,01,Compartecipazioni accise benzina e gasolio destinate ad alimentare il Fondo Nazionale Trasporti di cui all'art.16 bis del DL 95/2012
1.01.04.97.999,E,1,01,Altre compartecipazioni di imposte a Regioni non destinati al finanziamento della spesa sanitaria
1.01.04.98.999,E,1,01,Altre compartecipazioni alle province n.a.c.
1.01.04.99.999,E,1,01,Altre compartecipazioni a comuni n.a.c.
1.03.01.01.001,E,1,03,Fondi perequativi dallo Stato
1.03.01.02.001,E,1,03,Fondo perequativo dallo Stato - Sanità
1.03.02.01.001,E,1,03,Fondi perequativi dalla Regione o Provincia autonoma
2.01.01.01.001,E,2,01,Trasferimenti correnti da Ministeri
2.01.01.01.002,E,2,01,Trasferimenti correnti da Ministero dell'Istruzione - Istituzioni Scolastiche
2.01.01.01.014,E,2,01,Trasferimenti correnti da Stato - Fondo Sanitario Nazionale - finanziamento del Servizio sanitario nazionale
2.01.01.01.003,E,2,01,Trasferimenti correnti da Presidenza del Consiglio dei Ministri
2.01.01.01.004,E,2,01,Trasferimenti correnti da Organi Costituzionali e di rilievo costituzionale
2.01.01.01.005,E,2,01,Trasferimenti correnti da Agenzie Fiscali
2.01.01.01.006,E,2,01,Trasferimenti correnti da enti di regolazione dell'attività economica
2.01.01.01.007,E,2,01,Trasferimenti correnti da Gruppo Equitalia
2.01.01.01.008,E,2,01,Trasferimenti correnti da Anas S.p.A.
2.01.01.01.009,E,2,01,Trasferimenti correnti da altri enti centrali produttori di servizi economici
2.01.01.01.010,E,2,01,Trasferimenti correnti da autorità amministrative indipendenti
2.01.01.01.011,E,2,01,Trasferimenti correnti da enti centrali a struttura associativa
2.01.01.01.012,E,2,01,"Trasferimenti correnti da enti centrali produttori di servizi assistenziali, ricreativi e culturali"
2.01.01.01.013,E,2,01,Trasferimenti correnti da enti e istituzioni centrali di ricerca e Istituti e stazioni sperimentali per la ricerca
2.01.01.01.015,E,2,01,Trasferimenti correnti da GSE e da altre Amministrazioni centrali che operano nei settori dell'energia
2.01.01.01.999,E,2,01,Trasferimenti correnti da altre Amministrazioni Centrali n.a.c.
2.01.01.02.001,E,2,01,Trasferimenti correnti da Regioni e province autonome
2.01.01.02.002,E,2,01,Trasferimenti correnti da Province
2.01.01.02.003,E,2,01,Trasferimenti correnti da Comuni
2.01.01.02.004,E,2,01,Trasferimenti correnti da Città metropolitane e Roma capitale
2.01.01.02.005,E,2,01,Trasferimenti correnti da Unioni di Comuni
2.01.01.02.006,E,2,01,Trasferimenti correnti da Comunità Montane
2.01.01.02.007,E,2,01,Trasferimenti correnti da Camere di Commercio
2.01.01.02.008,E,2,01,Trasferimenti correnti da Università
2.01.01.02.009,E,2,01,Trasferimenti correnti da Parchi nazionali e consorzi ed enti autonomi gestori di parchi e aree naturali protette
2.01.01.02.010,E,2,01,Trasferimenti correnti da Autorità Portuali
2.01.01.02.011,E,2,01,Trasferimenti correnti da Aziende sanitarie locali
2.01.01.02.012,E,2,01,Trasferimenti correnti da Aziende ospedaliere e Aziende ospedaliere universitarie integrate con il SSN
2.01.01.02.013,E,2,01,Trasferimenti correnti da Policlinici
2.01.01.02.014,E,2,01,Trasferimenti correnti da Istituti di ricovero e cura a carattere scientifico pubblici
2.01.01.02.015,E,2,01,Trasferimenti correnti da altre Amministrazioni Locali produttrici di servizi sanitari
2.01.01.02.016,E,2,01,Trasferimenti correnti da Agenzie regionali per le erogazioni in agricoltura
2.01.01.02.017,E,2,01,Trasferimenti correnti da altri enti e agenzie regionali e sub regionali
2.01.01.02.018,E,2,01,Trasferimenti correnti da Consorzi di enti locali
2.01.01.02.019,E,2,01,Trasferimenti correnti da Fondazioni e istituzioni liriche locali e da teatri stabili di iniziativa pubblica
2.01.01.02.999,E,2,01,Trasferimenti correnti da altre Amministrazioni Locali n.a.c.
2.01.01.03.001,E,2,01,Trasferimenti correnti da INPS
2.01.01.03.002,E,2,01,Trasferimenti correnti da INAIL
2.01.01.03.999,E,2,01,Trasferimenti correnti da altri Enti di Previdenza n.a.c.
2.01.01.04.001,E,2,01,Trasferimenti correnti da organismi interni e/o unità locali della amministrazione
2.01.02.01.001,E,2,01,Trasferimenti correnti da famiglie
2.01.03.01.001,E,2,01,Sponsorizzazioni da imprese controllate
2.01.03.01.002,E,2,01,Sponsorizzazioni da altre imprese partecipate
2.01.03.01.999,E,2,01,Sponsorizzazioni da altre imprese
2.01.03.02.001,E,2,01,Altri trasferimenti correnti da imprese controllate
2.01.03.02.002,E,2,01,Altri trasferimenti correnti da altre imprese partecipate
2.01.03.02.003,E,2,01,Altri trasferimenti correnti da imprese: pay-back sanità per il superamento del tetto della spesa farmaceutica territoriale
2.01.03.02.004,E,2,01,Altri trasferimenti correnti da imprese: pay-back sanità per il superamento del tetto della spesa farmaceutica ospedaliera
2.01.03.02.005,E,2,01,Altri trasferimenti correnti da imprese: ulteriore pay-back sanità
2.01.03.02.999,E,2,01,Altri trasferimenti correnti da altre imprese
2.01.04.01.001,E,2,01,Trasferimenti correnti da Istituzioni Sociali Private
2.01.05.01.002,E,2,01,Fondo europeo agricolo per lo sviluppo rurale (FEASR)
2.01.05.01.003,E,2,01,Fondo europeo per la pesca (FEP)
2.01.05.01.004,E,2,01,Fondo europeo di sviluppo regionale (FESR)
2.01.05.01.005,E,2,01,Fondo Sociale Europeo (FSE)
2.01.05.01.006,E,2,01,Fondo Europeo Agricolo di Orientamento e di Garanzia
2.01.05.01.007,E,2,01,Strumento finanziario di orientamento della pesca (SFOP)
2.01.05.01.999,E,2,01,Altri trasferimenti correnti dall'Unione Europea
2.01.05.02.001,E,2,01,Trasferimenti correnti dal Resto del Mondo
3.01.01.01.001,E,3,01,Proventi dalla vendita di beni di consumo
3.01.01.01.002,E,3,01,Proventi dalla vendita di medicinali e altri beni di consumo sanitario
3.01.01.01.003,E,3,01,Proventi dalla vendita di flora e fauna
3.01.01.01.004,E,3,01,"Proventi da energia, acqua, gas e riscaldamento"
3.01.01.01.005,E,3,01,Proventi derivanti dallo sfruttamento di brevetti
3.01.01.01.006,E,3,01,Proventi dalla vendita di riviste e pubblicazioni
3.01.01.01.007,E,3,01,Proventi da energia
3.01.01.01.008,E,3,01,Proventi da acqua
3.01.01.01.009,E,3,01,Proventi da gas e riscaldamento
3.01.01.01.999,E,3,01,Proventi da vendita di beni n.a.c.
3.01.02.01.001,E,3,01,Proventi da alberghi
3.01.02.01.002,E,3,01,Proventi da asili nido
3.01.02.01.003,E,3,01,"Proventi da convitti, colonie, ostelli, stabilimenti termali"
3.01.02.01.004,E,3,01,Proventi da corsi extrascolastici
3.01.02.01.005,E,3,01,Proventi da giardini zoologici
3.01.02.01.006,E,3,01,Proventi da impianti sportivi
3.01.02.01.007,E,3,01,Proventi da mattatoi
3.01.02.01.008,E,3,01,Proventi da mense
3.01.02.01.009,E,3,01,Proventi da mercati e fiere
3.01.02.01.010,E,3,01,Proventi da pesa pubblica
3.01.02.01.011,E,3,01,Proventi da servizi turistici
3.01.02.01.012,E,3,01,Proventi da spurgo pozzi neri
3.01.02.01.013,E,3,01,"Proventi da teatri, musei, spettacoli, mostre"
3.01.02.01.014,E,3,01,"Proventi da trasporti funebri, pompe funebri, illuminazione votiva"
3.01.02.01.015,E,3,01,Proventi da trasporto carni macellate
3.01.02.01.016,E,3,01,Proventi da trasporto scolastico
3.01.02.01.017,E,3,01,Proventi da strutture residenziali per anziani
3.01.02.01.018,E,3,01,Proventi dall'uso di locali adibiti stabilmente ed esclusivamente a riunioni non istituzionali
3.01.02.01.019,E,3,01,Proventi da bagni pubblici
3.01.02.01.020,E,3,01,Proventi da parcheggi custoditi e parchimetri
3.01.02.01.021,E,3,01,Tariffa smaltimento rifiuti solidi urbani
3.01.02.01.022,E,3,01,Proventi da servizi di accesso a banche dati e pubblicazioni on line
3.01.02.01.023,E,3,01,Proventi da servizi per formazione e addestramento
3.01.02.01.024,E,3,01,Proventi da servizi sanitari
3.01.02.01.025,E,3,01,Entrate per mobilità sanitaria attiva
3.01.02.01.026,E,3,01,Proventi da licenze d'uso per software
3.01.02.01.027,E,3,01,Proventi da consulenze
3.01.02.01.028,E,3,01,Proventi da servizi informatici
3.01.02.01.029,E,3,01,Proventi da servizi di copia e stampa
3.01.02.01.030,E,3,01,Proventi da servizi ispettivi e controllo
3.01.02.01.031,E,3,01,Proventi da servizi di arbitrato e collaudi
3.01.02.01.032,E,3,01,Proventi da diritti di segreteria e rogito
3.01.02.01.033,E,3,01,Proventi da rilascio documenti e diritti di cancelleria
3.01.02.01.035,E,3,01,Proventi da autorizzazioni
3.01.02.01.036,E,3,01,Proventi da attività di monitoraggio e controllo ambientale
3.01.02.01.037,E,3,01,Proventi da quote associative
3.01.02.01.038,E,3,01,Proventi da analisi e studi nel campo della ricerca
3.01.02.01.039,E,3,01,Proventi dallo svolgimento di attività di certificazione
3.01.02.01.040,E,3,01,Proventi per organizzazione convegni
3.01.02.01.041,E,3,01,Proventi per lo smaltimento dei rifiuti tossico-nocivi e di altri materiali
3.01.02.01.043,E,3,01,Proventi per traffico e trasporto passeggeri e utenti
3.01.02.01.999,E,3,01,Proventi da servizi n.a.c.
3.01.03.01.001,E,3,01,Diritti reali di godimento
3.01.03.01.002,E,3,01,Canone occupazione spazi e aree pubbliche
3.01.03.01.003,E,3,01,Proventi da concessioni su beni
3.01.03.02.001,E,3,01,Fitti di terreni e diritti di sfruttamento di giacimenti e risorse naturali
3.01.03.02.002,E,3,01,Locazioni di altri beni immobili
3.01.03.02.003,E,3,01,Noleggi e locazioni di beni mobili
3.02.01.01.002,E,3,02,Proventi da multe e sanzioni per violazioni delle norme di polizia amministrativa a carico delle amministrazioni pubbliche
3.02.01.01.003,E,3,02,Proventi da multe e sanzioni per violazioni delle norme urbanistiche a carico delle amministrazioni pubbliche
3.02.01.01.004,E,,02,Proventi da multe e sanzioni per violazioni delle norme del codice della strada a carico delle amministrazioni pubbliche
3.02.01.01.999,E,,02,"Proventi da altre multe, ammende, sanzioni e oblazioni a carico delle amministrazioni pubbliche"
3.02.01.02.001,E,3,02,Proventi da risarcimento danni a carico delle amministrazioni pubbliche
3.02.01.99.001,E,3,02,Altre entrate derivanti dall'attività di controllo e repressione di irregolarità e illeciti delle amministrazioni pubbliche n.a.c.
3.02.02.01.002,E,3,02,Proventi da multe e sanzioni per violazioni delle norme di polizia amministrativa a carico delle famiglie
3.02.02.01.003,E,3,02,Proventi da multe e sanzioni per violazioni delle norme urbanistiche a carico delle famiglie
3.02.02.01.004,E,3,02,Proventi da multe e sanzioni per violazioni delle norme del codice della strada a carico delle famiglie
3.02.02.01.999,E,3,02,"Proventi da altre multe, ammende, sanzioni e oblazioni a carico delle famiglie"
3.02.02.02.001,E,3,02,Proventi da risarcimento danni a carico delle famiglie
3.02.02.99.001,E,3,02,Altre entrate derivanti dall'attività di controllo e repressione di irregolarità e illeciti delle famiglie n.a.c.
3.02.03.01.002,E,3,02,Proventi da multe e sanzioni per violazioni delle norme di polizia amministrativa a carico delle imprese
3.02.03.01.003,E,3,02,Proventi da multe e sanzioni per violazioni delle norme urbanistiche a carico delle imprese
3.02.03.01.004,E,3,02,Proventi da multe e sanzioni per violazioni delle norme del codice della strada a carico delle imprese
3.02.03.01.999,E,3,02,"Proventi da altre multe, ammende, sanzioni e oblazioni a carico delle imprese"
3.02.03.02.001,E,3,02,Proventi da risarcimento danni a carico delle imprese
3.02.03.99.001,E,3,02,Altre entrate derivanti dall'attività di controllo e repressione delle irregolarità e degli illeciti delle imprese n.a.c.
3.02.04.01.002,E,3,02,Proventi da multe e sanzioni per violazioni delle norme di polizia amministrativa a carico delle Istituzioni Sociali Private
3.02.04.01.003,E,3,02,Proventi da multe e sanzioni per violazioni delle norme urbanistiche a carico delle  Istituzioni Sociali Private
3.02.04.01.004,E,3,02,Proventi da multe e sanzioni per violazioni delle norme del codice della strada a carico delle Istituzioni Sociali Private
3.02.04.01.999,E,3,02,"Proventi da altre multe, ammende, sanzioni e oblazioni a carico delle Istituzioni Sociali Private"
3.02.04.02.001,E,3,02,Proventi da risarcimento danni a carico delle Istituzioni Sociali Private
3.02.04.99.001,E,3,02,Altre entrate derivanti dall'attività di controllo e repressione delle irregolarità e degli illeciti delle Istituzioni Sociali Private n.a.c.
3.03.01.01.001,E,3,03,Interessi attivi da titoli obbligazionari a breve termine emessi da Amministrazioni Centrali
3.03.01.01.002,E,3,03,Interessi attivi da titoli obbligazionari a breve termine  emessi da Amministrazioni locali
3.03.01.01.003,E,3,03,Interessi attivi da titoli obbligazionari a breve termine emessi da altri soggetti residenti
3.03.01.01.004,E,3,03,Interessi attivi da titoli obbligazionari a breve termine emessi da soggetti non residenti
3.03.01.02.001,E,3,03,Interessi attivi da finanziamenti a breve termine concessi a Amministrazioni Centrali
3.03.01.02.002,E,3,03,Interessi attivi da finanziamenti a breve termine concessi a Amministrazioni locali
3.03.01.02.003,E,3,03,Interessi attivi da finanziamenti a breve termine concessi a Enti di previdenza
3.03.01.02.004,E,3,03,Interessi attivi da finanziamenti a breve termine concessi a imprese controllate
3.03.01.02.005,E,3,03,Interessi attivi da finanziamenti a breve termine concessi a altre imprese partecipate
3.03.01.02.006,E,3,03,Interessi attivi da finanziamenti a breve termine concessi a altre imprese
3.03.01.02.999,E,3,03,Interessi attivi da finanziamenti a breve termine concessi a altri soggetti
3.03.02.01.001,E,3,03,Interessi attivi da titoli obbligazionari a medio - lungo termine emessi da Amministrazioni Centrali
3.03.02.01.002,E,3,03,Interessi attivi da titoli obbligazionari a medio - lungo termine emessi da Amministrazioni Locali
3.03.02.01.003,E,3,03,Interessi attivi da titoli obbligazionari a medio - lungo termine emessi da altri soggetti residenti
3.03.02.01.004,E,3,03,Interessi attivi da titoli obbligazionari a medio - lungo termine emessi da soggetti non residenti
3.03.02.02.001,E,3,03,Interessi attivi da finanziamenti a medio lungo termine concessi a Amministrazioni Centrali
3.03.02.02.002,E,3,03,Interessi attivi da finanziamenti a medio lungo termine concessi a Amministrazioni Locali
3.03.02.02.003,E,3,03,Interessi attivi da finanziamenti a medio lungo termine concessi a Enti previdenziali
3.03.02.02.004,E,3,03,Interessi attivi da finanziamenti a medio lungo termine concessi a imprese controllate
3.03.02.02.005,E,3,03,Interessi attivi da finanziamenti a medio lungo termine concessi a altre imprese partecipate
3.03.02.02.006,E,3,03,Interessi attivi da finanziamenti a medio lungo termine concessi a altre imprese
3.03.02.02.999,E,3,03,Interessi attivi da finanziamenti a medio lungo termine concessi a altri soggetti
3.03.03.01.001,E,3,03,Flussi periodici netti in entrata
3.03.03.01.002,E,3,03,Entrate per chiusura anticipata di operazioni in essere
3.03.03.02.001,E,3,03,Interessi attivi di mora da Amministrazioni Centrali
3.03.03.02.002,E,3,03,Interessi attivi di mora da Amministrazioni Locali
3.03.03.02.003,E,3,03,Interessi attivi di mora da Enti previdenziali
3.03.03.02.999,E,3,03,Interessi attivi di mora da altri soggetti
3.03.03.03.001,E,3,03,Interessi attivi da conti della tesoreria dello Stato o di altre Amministrazioni pubbliche
3.03.03.04.001,E,3,03,Interessi attivi da depositi bancari o postali
3.03.03.99.001,E,3,03,Altri interessi attivi da Amministrazioni Centrali
3.03.03.99.002,E,3,03,Altri interessi attivi da Amministrazioni Locali
3.03.03.99.003,E,3,03,Altri interessi attivi da Enti previdenziali
3.03.03.99.999,E,3,03,Altri interessi attivi da altri soggetti
3.04.01.01.001,E,3,04,Rendimenti da fondi immobiliari
3.04.01.02.999,E,3,04,Rendimenti da altri fondi comuni di investimento
3.04.02.01.001,E,3,04,Entrate derivanti dalla distribuzione di dividendi da imprese controllate incluse nelle Amministrazioni Centrali
3.04.02.01.002,E,3,04,Entrate derivanti dalla distribuzione di dividendi da altre imprese partecipate incluse nelle Amministrazioni Centrali
3.04.02.01.003,E,3,04,Entrate derivanti dalla distribuzione di dividendi da altre imprese incluse nelle Amministrazioni Centrali
3.04.02.02.001,E,3,04,Entrate derivanti dalla distribuzione di dividendi da imprese controllate incluse nelle Amministrazioni Locali
3.04.02.02.002,E,3,04,Entrate derivanti dalla distribuzione di dividendi da altre imprese partecipate incluse nelle Amministrazioni Locali
3.04.02.02.003,E,3,04,Entrate derivanti dalla distribuzione di dividendi da altre imprese incluse nelle Amministrazioni Locali
3.04.02.03.001,E,3,04,Entrate derivanti dalla distribuzione di dividendi da imprese controllate non incluse in amministrazioni pubbliche
3.04.02.03.002,E,3,04,Entrate derivanti dalla distribuzione di dividendi da altre imprese partecipate non incluse in amministrazioni pubbliche
3.04.02.03.999,E,3,04,Entrate derivanti dalla distribuzione di dividendi da altre imprese non incluse in amministrazioni pubbliche
3.04.03.01.001,E,3,04,Entrate derivanti dalla distribuzione di utili e avanzi
3.04.99.01.001,E,3,04,Proventi finanziari derivanti dalla estinzione anticipata di prestiti
3.04.99.99.999,E,3,04,Altre entrate da redditi da capitale n.a.c.
3.05.01.01.001,E,3,05,Indennizzi di assicurazione su beni immobili
3.05.01.01.002,E,3,05,Indennizzi di assicurazione su beni mobili
3.05.01.01.999,E,3,05,Altri indennizzi di assicurazione contro i danni
3.05.01.99.999,E,3,05,Altri indennizzi di assicurazione n.a.c.
3.05.02.01.001,E,3,05,"Rimborsi ricevuti per spese di personale (comando, distacco, fuori ruolo, convenzioni, ecc…)"
3.05.02.02.001,E,3,05,Entrate per rimborsi di imposte indirette
3.05.02.02.002,E,3,05,Entrate da rimborsi di IVA a credito
3.05.02.02.003,E,3,05,Entrate da rimborsi di imposte dirette
3.05.02.03.001,E,3,05,"Entrate da rimborsi, recuperi e restituzioni di somme non dovute o incassate in eccesso da Amministrazioni Centrali"
3.05.02.03.002,E,3,05,"Entrate da rimborsi, recuperi e restituzioni di somme non dovute o incassate in eccesso da Amministrazioni Locali"
3.05.02.03.003,E,3,05,"Entrate da rimborsi, recuperi e restituzioni di somme non dovute o incassate in eccesso da Enti Previdenziali"
3.05.02.03.004,E,3,05,"Entrate da rimborsi, recuperi e restituzioni di somme non dovute o incassate in eccesso da Famiglie"
3.05.02.03.005,E,3,05,"Entrate da rimborsi, recuperi e restituzioni di somme non dovute o incassate in eccesso da Imprese"
3.05.02.03.006,E,3,05,"Entrate da rimborsi, recuperi e restituzioni di somme non dovute o incassate in eccesso da ISP"
3.05.02.03.007,E,3,05,Entrate derivanti dal divieto di cumulo
3.05.02.03.008,E,3,05,"Entrate da rimborsi, recuperi e restituzioni di somme non dovute o incassate in eccesso dal Resto del mondo"
3.05.02.04.001,E,3,05,Incassi per azioni di regresso nei confronti di terzi
3.05.02.04.002,E,3,05,Incassi per azioni di surroga nei confronti di terzi
3.05.99.02.001,E,3,05,Fondi incentivanti il personale (art. 113 del d.lgs. 50/2016) (legge Merloni)
3.05.99.03.001,E,3,05,Entrate per sterilizzazione Inversione contabile IVA (reverse charge)
3.05.99.99.999,E,3,05,Altre entrate correnti n.a.c.
4.01.01.01.001,E,4,01,Condoni edilizi e sanatoria opere edilizie abusive
4.01.01.99.999,E,4,01,Altre imposte in conto capitale relative a condoni e sanatorie n.a.c.
4.01.02.99.999,E,4,01,Altre imposte in conto capitale n.a.c.
4.02.01.01.001,E,4,02,Contributi agli investimenti da Ministeri
4.02.01.01.002,E,4,02,Contributi agli investimenti da Ministero dell'Istruzione - Istituzioni Scolastiche
4.02.01.01.014,E,4,02,Contributo agli investimenti da Ministeri - finanziamento degli investimenti sanitari ai sensi dell'articolo 20 della legge 67/1988
4.02.01.01.003,E,4,02,Contributi agli investimenti da Presidenza del Consiglio dei Ministri
4.02.01.01.004,E,4,02,Contributi agli investimenti da Organi Costituzionali e di rilievo costituzionale
4.02.01.01.005,E,4,02,Contributi agli investimenti da Agenzie Fiscali
4.02.01.01.006,E,4,02,Contributi agli investimenti da enti di regolazione dell'attività economica
4.02.01.01.007,E,4,02,Contributi agli investimenti da Gruppo Equitalia
4.02.01.01.008,E,4,02,Contributi agli investimenti da Anas S.p.A.
4.02.01.01.009,E,4,02,Contributi agli investimenti da altri enti centrali produttori di servizi economici
4.02.01.01.010,E,4,02,Contributi agli investimenti da autorità amministrative indipendenti
4.02.01.01.011,E,4,02,Contributi agli investimenti da enti centrali a struttura associativa
4.02.01.01.012,E,4,02,"Contributi agli investimenti da enti centrali produttori di servizi assistenziali, ricreativi e culturali"
4.02.01.01.013,E,4,02,Contributi agli investimenti da enti e istituzioni centrali di ricerca e Istituti e stazioni sperimentali per la ricerca
4.02.01.01.015,E,4,02,Contributi agli investimenti  da GSE e da altre Amministrazioni centrali che operano nei settori dell'energia
4.02.01.01.999,E,4,02,Contributi agli investimenti da altre Amministrazioni Centrali n.a.c.
4.02.01.02.001,E,4,02,Contributi agli investimenti da Regioni e province autonome
4.02.01.02.002,E,4,02,Contributi agli investimenti da Province
4.02.01.02.003,E,4,02,Contributi agli investimenti da Comuni
4.02.01.02.004,E,4,02,Contributi agli investimenti da Città metropolitane e Roma capitale
4.02.01.02.005,E,4,02,Contributi agli investimenti da Unioni di Comuni
4.02.01.02.006,E,4,02,Contributi agli investimenti da Comunità Montane
4.02.01.02.007,E,4,02,Contributi agli investimenti da Camere di Commercio
4.02.01.02.008,E,4,02,Contributi agli investimenti da Università
4.02.01.02.009,E,4,02,Contributi agli investimenti da Parchi nazionali e consorzi ed enti autonomi gestori di parchi e aree naturali protette
4.02.01.02.010,E,4,02,Contributi agli investimenti da Autorità Portuali
4.02.01.02.011,E,4,02,Contributi agli investimenti da Aziende sanitarie locali
4.02.01.02.012,E,4,02,Contributi agli investimenti da Aziende ospedaliere e Aziende ospedaliere universitarie integrate con il SSN
4.02.01.02.013,E,4,02,Contributi agli investimenti da Policlinici
4.02.01.02.014,E,4,02,Contributi agli investimenti da Istituti di ricovero e cura a carattere scientifico pubblici
4.02.01.02.015,E,4,02,Contributi agli investimenti da altre Amministrazioni Locali produttrici di servizi sanitari
4.02.01.02.016,E,4,02,Contributi agli investimenti da Agenzie regionali per le erogazioni in agricoltura
4.02.01.02.017,E,4,02,Contributi agli investimenti da altri enti e agenzie regionali e sub regionali
4.02.01.02.018,E,4,02,Contributi agli investimenti da Consorzi di enti locali
4.02.01.02.019,E,4,02,Contributi agli investimenti da Fondazioni e istituzioni liriche locali e da teatri stabili di iniziativa pubblica
4.02.01.02.999,E,4,02,Contributi agli investimenti da altre Amministrazioni Locali n.a.c.
4.02.01.03.001,E,4,02,Contributi agli investimenti da INPS
4.02.01.03.002,E,4,02,Contributi agli investimenti da INAIL
4.02.01.03.999,E,4,02,Contributi agli investimenti da altri Enti di Previdenza n.a.c.
4.02.01.04.001,E,4,02,Contributi agli investimenti interni da organismi interni e/o unità locali della amministrazione
4.02.02.01.001,E,4,02,Contributi agli investimenti da Famiglie
4.02.03.01.001,E,4,02,Contributi agli investimenti da imprese controllate
4.02.03.02.001,E,4,02,Contributi agli investimenti da altre imprese partecipate
4.02.03.03.999,E,4,02,Contributi agli investimenti da altre Imprese
4.02.04.01.001,E,4,02,Contributi agli investimenti da Istituzioni Sociali Private
4.02.05.01.001,E,4,02,Fondo europeo agricolo per lo sviluppo rurale (FEASR)
4.02.05.02.001,E,4,02,Fondo europeo per la pesca (FEP)
4.02.05.03.001,E,4,02,Fondo europeo di sviluppo regionale (FESR)
4.02.05.04.001,E,4,02,Fondo Sociale Europeo (FSE)
4.02.05.05.001,E,4,02,Fondo Europeo Agricolo di Orientamento e di Garanzia
4.02.05.06.001,E,4,02,Strumento finanziario di orientamento della pesca (SFOP)
4.02.05.07.001,E,4,02,Contributi agli investimenti dal Resto del Mondo
4.02.05.99.999,E,4,02,Altri contributi agli investimenti dall'Unione Europea
4.02.06.01.001,E,4,02,Contributi agli investimenti direttamente destinati al rimborso di prestiti da Ministeri
4.02.06.01.002,E,4,02,Contributi agli investimenti direttamente destinati al rimborso di prestiti da Ministero dell'Istruzione - Istituzioni Scolastiche
4.02.06.01.003,E,4,02,Contributi agli investimenti direttamente destinati al rimborso di prestiti da Presidenza del Consiglio dei Ministri
4.02.06.01.004,E,4,02,Contributi agli investimenti direttamente destinati al rimborso di prestiti da Organi Costituzionali e di rilievo costituzionale
4.02.06.01.005,E,4,02,Contributi agli investimenti direttamente destinati al rimborso di prestiti da Agenzie Fiscali
4.02.06.01.006,E,4,02,Contributi agli investimenti direttamente destinati al rimborso di prestiti da enti di regolazione dell'attività economica
4.02.06.01.007,E,4,02,Contributi agli investimenti direttamente destinati al rimborso di prestiti da Gruppo Equitalia
4.02.06.01.008,E,4,02,Contributi agli investimenti direttamente destinati al rimborso di prestiti da Anas S.p.A.
4.02.06.01.009,E,4,02,Contributi agli investimenti direttamente destinati al rimborso di prestiti da altri enti centrali produttori di servizi economici
4.02.06.01.010,E,4,02,Contributi agli investimenti direttamente destinati al rimborso di prestiti da autorità amministrative indipendenti
4.02.06.01.011,E,4,02,Contributi agli investimenti direttamente destinati al rimborso di prestiti da enti centrali a struttura associativa
4.02.06.01.012,E,4,02,"Contributi agli investimenti direttamente destinati al rimborso di prestiti da enti centrali produttori di servizi assistenziali, ricreativi e culturali"
4.02.06.01.013,E,4,02,Contributi agli investimenti direttamente destinati al rimborso di prestiti da enti e istituzioni centrali di ricerca e Istituti e stazioni sperimentali per la ricerca
4.02.06.01.999,E,4,02,Contributi agli investimenti direttamente destinati al rimborso di prestiti da altre Amministrazioni Centrali n.a.c.
4.02.06.02.001,E,4,02,Contributi agli investimenti direttamente destinati al rimborso di prestiti da Regioni e province autonome
4.02.06.02.002,E,4,02,Contributi agli investimenti direttamente destinati al rimborso di prestiti da Province
4.02.06.02.003,E,4,02,Contributi agli investimenti direttamente destinati al rimborso di prestiti da Comuni
4.02.06.02.004,E,4,02,Contributi agli investimenti direttamente destinati al rimborso di prestiti da Città metropolitane e Roma capitale
4.02.06.02.005,E,4,02,Contributi agli investimenti direttamente destinati al rimborso di prestiti da Unioni di Comuni
4.02.06.02.006,E,4,02,Contributi agli investimenti direttamente destinati al rimborso di prestiti da Comunità Montane
4.02.06.02.007,E,4,02,Contributi agli investimenti direttamente destinati al rimborso di prestiti da Camere di Commercio
4.02.06.02.008,E,4,02,Contributi agli investimenti direttamente destinati al rimborso di prestiti da Università
4.02.06.02.009,E,4,02,Contributi agli investimenti direttamente destinati al rimborso di prestiti da Parchi nazionali e consorzi ed enti autonomi gestori di parchi e aree naturali protette
4.02.06.02.010,E,4,02,Contributi agli investimenti direttamente destinati al rimborso di prestiti da Autorità Portuali
4.02.06.02.011,E,4,02,Contributi agli investimenti direttamente destinati al rimborso di prestiti da Aziende sanitarie locali
4.02.06.02.012,E,4,02,Contributi agli investimenti direttamente destinati al rimborso di prestiti da Aziende ospedaliere e Aziende ospedaliere universitarie integrate con il SSN
4.02.06.02.013,E,4,02,Contributi agli investimenti direttamente destinati al rimborso di prestiti da Policlinici
4.02.06.02.014,E,4,02,Contributi agli investimenti direttamente destinati al rimborso di prestiti da Istituti di ricovero e cura a carattere scientifico pubblici
4.02.06.02.015,E,4,02,Contributi agli investimenti direttamente destinati al rimborso di prestiti da altre Amministrazioni Locali produttrici di servizi sanitari
4.02.06.02.016,E,4,02,Contributi agli investimenti direttamente destinati al rimborso di prestiti da Agenzie regionali per le erogazioni in agricoltura
4.02.06.02.017,E,4,02,Contributi agli investimenti direttamente destinati al rimborso di prestiti da altri enti e agenzie regionali e sub regionali
4.02.06.02.018,E,4,02,Contributi agli investimenti direttamente destinati al rimborso di prestiti da Consorzi di enti locali
4.02.06.02.019,E,4,02,Contributi agli investimenti direttamente destinati al rimborso di prestiti da Fondazioni e istituzioni liriche locali e da teatri stabili di iniziativa pubblica
4.02.06.02.999,E,4,02,Contributi agli investimenti direttamente destinati al rimborso di prestiti da altre Amministrazioni Locali n.a.c.
4.02.06.03.001,E,4,02,Contributi agli investimenti direttamente destinati al rimborso di prestiti da INPS
4.02.06.03.002,E,4,02,Contributi agli investimenti direttamente destinati al rimborso di prestiti da INAIL
4.02.06.03.999,E,4,02,Contributi agli investimenti direttamente destinati al rimborso di prestiti da altri Enti di Previdenza n.a.c.
4.02.06.04.001,E,4,02,Contributi agli investimenti direttamente destinati al rimborso di prestiti da organismi interni e/o unità locali della amministrazione
4.03.01.01.001,E,4,03,Trasferimenti in conto capitale per assunzione di debiti dell'amministrazione da parte di Ministeri
4.03.01.01.003,E,4,03,Trasferimenti in conto capitale per assunzione di debiti dell'amministrazione da parte di Presidenza del Consiglio dei Ministri
4.03.01.01.004,E,4,03,Trasferimenti in conto capitale per assunzione di debiti dell'amministrazione da parte di Organi Costituzionali e di rilievo costituzionale
4.03.01.01.005,E,4,03,Trasferimenti in conto capitale per assunzione di debiti dell'amministrazione da parte di Agenzie Fiscali
4.03.01.01.006,E,4,03,Trasferimenti in conto capitale per assunzione di debiti dell'amministrazione da parte di enti di regolazione dell'attività economica
4.03.01.01.007,E,4,03,Trasferimenti in conto capitale per assunzione di debiti dell'amministrazione da parte di Gruppo Equitalia
4.03.01.01.008,E,4,03,Trasferimenti in conto capitale per assunzione di debiti dell'amministrazione da parte di Anas S.p.A.
4.03.01.01.009,E,4,03,Trasferimenti in conto capitale per assunzione di debiti dell'amministrazione da parte di altri enti centrali produttori di servizi economici
4.03.01.01.010,E,4,03,Trasferimenti in conto capitale per assunzione di debiti dell'amministrazione da parte di autorità amministrative indipendenti
4.03.01.01.011,E,4,03,Trasferimenti in conto capitale per assunzione di debiti dell'amministrazione da parte di enti centrali a struttura associativa
4.03.01.01.012,E,4,03,"Trasferimenti in conto capitale per assunzione di debiti dell'amministrazione da parte di enti centrali produttori di servizi assistenziali, ricreativi e culturali"
4.03.01.01.013,E,4,03,Trasferimenti in conto capitale per assunzione di debiti dell'amministrazione da parte di enti e istituzioni centrali di ricerca e Istituti e stazioni sperimentali per la ricerca
4.03.01.01.999,E,4,03,Trasferimenti in conto capitale per assunzione di debiti dell'amministrazione da parte di altre Amministrazioni Centrali n.a.c.
4.03.01.02.001,E,4,03,Trasferimenti in conto capitale per assunzione di debiti dell'amministrazione da parte di Regioni e province autonome
4.03.01.02.002,E,4,03,Trasferimenti in conto capitale per assunzione di debiti dell'amministrazione da parte di Province
4.03.01.02.003,E,4,03,Trasferimenti in conto capitale per assunzione di debiti dell'amministrazione da parte di Comuni
4.03.01.02.004,E,4,03,Trasferimenti in conto capitale per assunzione di debiti dell'amministrazione da parte di Città metropolitane e Roma capitale
4.03.01.02.005,E,4,03,Trasferimenti in conto capitale per assunzione di debiti dell'amministrazione da parte di Unioni di Comuni
4.03.01.02.006,E,4,03,Trasferimenti in conto capitale per assunzione di debiti dell'amministrazione da parte di Comunità Montane
4.03.01.02.007,E,4,03,Trasferimenti in conto capitale per assunzione di debiti dell'amministrazione da parte di Camere di Commercio
4.03.01.02.008,E,4,03,Trasferimenti in conto capitale per assunzione di debiti dell'amministrazione da parte di Università
4.03.01.02.009,E,4,03,Trasferimenti in conto capitale per assunzione di debiti dell'amministrazione da parte di Parchi nazionali e consorzi ed enti autonomi gestori di parchi e aree naturali protette
4.03.01.02.010,E,4,03,Trasferimenti in conto capitale per assunzione di debiti dell'amministrazione da parte di Autorità Portuali
4.03.01.02.011,E,4,03,Trasferimenti in conto capitale per assunzione di debiti dell'amministrazione da parte di Aziende sanitarie locali
4.03.01.02.012,E,4,03,Trasferimenti in conto capitale per assunzione di debiti dell'amministrazione da parte di Aziende ospedaliere e Aziende ospedaliere universitarie integrate con il SSN
4.03.01.02.013,E,4,03,Trasferimenti in conto capitale per assunzione di debiti dell'amministrazione da parte di Policlinici
4.03.01.02.014,E,4,03,Trasferimenti in conto capitale per assunzione di debiti dell'amministrazione da parte di Istituti di ricovero e cura a carattere scientifico pubblici
4.03.01.02.015,E,4,03,Trasferimenti in conto capitale per assunzione di debiti dell'amministrazione da parte di altre Amministrazioni Locali produttrici di servizi sanitari
4.03.01.02.016,E,4,03,Trasferimenti in conto capitale per assunzione di debiti dell'amministrazione da parte di Agenzie regionali per le erogazioni in agricoltura
4.03.01.02.017,E,4,03,Trasferimenti in conto capitale per assunzione di debiti dell'amministrazione da parte di altri enti e agenzie regionali e sub regionali
4.03.01.02.018,E,4,03,Trasferimenti in conto capitale per assunzione di debiti dell'amministrazione da parte di Consorzi di enti locali
4.03.01.02.019,E,4,03,Trasferimenti in conto capitale per assunzione di debiti dell'amministrazione da parte di Fondazioni e istituzioni liriche locali e a Teatri stabili di iniziativa pubblica
4.03.01.02.999,E,4,03,Trasferimenti in conto capitale per assunzione di debiti dell'amministrazione da parte di altre Amministrazioni Locali n.a.c.
4.03.01.03.001,E,4,03,Trasferimenti in conto capitale per assunzione di debiti dell'amministrazione da parte di INPS
4.03.01.03.002,E,4,03,Trasferimenti in conto capitale per assunzione di debiti dell'amministrazione da parte di INAIL
4.03.01.03.999,E,4,03,Trasferimenti in conto capitale per assunzione di debiti dell'amministrazione da parte di altri Enti di Previdenza n.a.c.
4.03.01.04.001,E,4,03,Trasferimenti in conto capitale per assunzione di debiti dell'amministrazione da parte di organismi interni e/o unità locali della amministrazione
4.03.02.01.001,E,4,03,Trasferimenti in conto capitale per assunzione di debiti dell'amministrazione da parte di imprese controllate
4.03.02.02.001,E,4,03,Trasferimenti in conto capitale per assunzione di debiti dell'amministrazione da parte di altre imprese partecipate
4.03.02.99.999,E,4,03,Trasferimenti in conto capitale per assunzione di debiti dell'amministrazione da parte di altre Imprese
4.03.03.01.001,E,4,03,Trasferimenti in conto capitale per assunzione di debiti dell'amministrazione da parte dell'Unione Europea
4.03.03.02.001,E,4,03,Trasferimenti in conto capitale per assunzione di debiti dell'amministrazione da parte del Resto del Mondo
4.03.04.01.001,E,4,03,Trasferimenti in conto capitale da parte di Ministeri per cancellazione di debiti dell'amministrazione
4.03.04.01.003,E,4,03,Trasferimenti in conto capitale da parte di Presidenza del Consiglio dei Ministri per cancellazione di debiti dell'amministrazione
4.03.04.01.004,E,4,03,Trasferimenti in conto capitale da parte di Organi Costituzionali e di rilievo costituzionale per cancellazione di debiti dell'amministrazione
4.03.04.01.005,E,4,03,Trasferimenti in conto capitale da parte di Agenzie Fiscali per cancellazione di debiti dell'amministrazione
4.03.04.01.006,E,4,03,Trasferimenti in conto capitale da parte di enti di regolazione dell'attività economica per cancellazione di debiti dell'amministrazione
4.03.04.01.007,E,4,03,Trasferimenti in conto capitale da parte di Gruppo Equitalia per cancellazione di debiti dell'amministrazione
4.03.04.01.008,E,4,03,Trasferimenti in conto capitale da parte di Anas S.p.A. per cancellazione di debiti dell'amministrazione
4.03.04.01.009,E,4,03,Trasferimenti in conto capitale da parte di altri enti centrali produttori di servizi economici per cancellazione di debiti dell'amministrazione
4.03.04.01.010,E,4,03,Trasferimenti in conto capitale da parte di autorità amministrative indipendenti per cancellazione di debiti dell'amministrazione
4.03.04.01.011,E,4,03,Trasferimenti in conto capitale da parte di enti centrali a struttura associativa per cancellazione di debiti dell'amministrazione
4.03.04.01.012,E,4,03,"Trasferimenti in conto capitale da parte di enti centrali produttori di servizi assistenziali, ricreativi e culturali per cancellazione di debiti dell'amministrazione"
4.03.04.01.013,E,4,03,Trasferimenti in conto capitale da parte di enti e istituzioni centrali di ricerca e Istituti e stazioni sperimentali per la ricerca per cancellazione di debiti dell'amministrazione
4.03.04.01.999,E,4,03,Trasferimenti in conto capitale da parte di altre Amministrazioni Centrali n.a.c. per cancellazione di debiti dell'amministrazione
4.03.04.02.001,E,4,03,Trasferimenti in conto capitale da parte di Regioni e province autonome per cancellazione di debiti dell'amministrazione
4.03.04.02.002,E,4,03,Trasferimenti in conto capitale da parte di Province per cancellazione di debiti dell'amministrazione
4.03.04.02.003,E,4,03,Trasferimenti in conto capitale da parte di Comuni per cancellazione di debiti dell'amministrazione
4.03.04.02.004,E,4,03,Trasferimenti in conto capitale da parte di Città metropolitane e Roma capitale per cancellazione di debiti dell'amministrazione
4.03.04.02.005,E,4,03,Trasferimenti in conto capitale da parte di Unioni di Comuni per cancellazione di debiti dell'amministrazione
4.03.04.02.006,E,4,03,Trasferimenti in conto capitale da parte di Comunità Montane per cancellazione di debiti dell'amministrazione
4.03.04.02.007,E,4,03,Trasferimenti in conto capitale da parte di Camere di Commercio per cancellazione di debiti dell'amministrazione
4.03.04.02.008,E,4,03,Trasferimenti in conto capitale da parte di Università per cancellazione di debiti dell'amministrazione
4.03.04.02.009,E,4,03,Trasferimenti in conto capitale da parte di Parchi nazionali e consorzi ed enti autonomi gestori di parchi e aree naturali protette per cancellazione di debiti dell'amministrazione
4.03.04.02.010,E,4,03,Trasferimenti in conto capitale da parte di Autorità Portuali per cancellazione di debiti dell'amministrazione
4.03.04.02.011,E,4,03,Trasferimenti in conto capitale da parte di Aziende sanitarie locali  per cancellazione di debiti dell'amministrazione
4.03.04.02.012,E,4,03,Trasferimenti in conto capitale da parte di Aziende ospedaliere e Aziende ospedaliere universitarie integrate con il SSN per cancellazione di debiti dell'amministrazione
4.03.04.02.013,E,4,03,Trasferimenti in conto capitale da parte di Policlinici per cancellazione di debiti dell'amministrazione
4.03.04.02.014,E,4,03,Trasferimenti in conto capitale da parte di Istituti di ricovero e cura a carattere scientifico pubblici per cancellazione di debiti dell'amministrazione
4.03.04.02.015,E,4,03,Trasferimenti in conto capitale da parte di altre Amministrazioni Locali produttrici di servizi sanitari per cancellazione di debiti dell'amministrazione
4.03.04.02.016,E,4,03,Trasferimenti in conto capitale da parte di Agenzie regionali per le erogazioni in agricoltura per cancellazione di debiti dell'amministrazione
4.03.04.02.017,E,4,03,Trasferimenti in conto capitale da parte di altri enti e agenzie regionali e sub regionali per cancellazione di debiti dell'amministrazione
4.03.04.02.018,E,4,03,Trasferimenti in conto capitale da parte di Consorzi di enti locali per cancellazione di debiti dell'amministrazione
4.03.04.02.019,E,4,03,Trasferimenti in conto capitale da parte di Fondazioni e istituzioni liriche locali e a Teatri stabili di iniziativa pubblica per cancellazione di debiti dell'amministrazione
4.03.04.02.999,E,4,03,Trasferimenti in conto capitale da parte di altre Amministrazioni Locali n.a.c. per cancellazione di debiti dell'amministrazione
4.03.04.03.001,E,4,03,Trasferimenti in conto capitale da parte di INPS per cancellazione di debiti dell'amministrazione
4.03.04.03.002,E,4,03,Trasferimenti in conto capitale da parte di INAIL per cancellazione di debiti dell'amministrazione
4.03.04.03.999,E,4,03,Trasferimenti in conto capitale da parte di altri Enti di Previdenza n.a.c. per cancellazione di debiti dell'amministrazione
4.03.04.04.001,E,4,03,Trasferimenti in conto capitale da parte di organismi interni e/o unità locali della amministrazione per cancellazione di debiti dell'amministrazione
4.03.05.01.001,E,4,03,Trasferimenti in conto capitale da parte di imprese controllate per cancellazione di debiti dell'amministrazione
4.03.05.02.001,E,4,03,Trasferimenti in conto capitale da parte di altre imprese partecipate per cancellazione di debiti dell'amministrazione
4.03.05.99.999,E,4,03,Trasferimenti in conto capitale da parte di altre Imprese per cancellazione di debiti dell'amministrazione
4.03.06.01.001,E,4,03,Trasferimenti in conto capitale da parte dell'Unione Europea per cancellazione di debiti dell'amministrazione
4.03.06.02.001,E,4,03,Trasferimenti in conto capitale da parte del Resto del Mondo per cancellazione di debiti dell'amministrazione
4.03.07.01.001,E,4,03,Trasferimenti in conto capitale per ripiano disavanzi pregressi da Ministeri
4.03.07.01.003,E,4,03,Trasferimenti in conto capitale per ripiano disavanzi pregressi da Presidenza del Consiglio dei Ministri
4.03.07.01.004,E,4,03,Trasferimenti in conto capitale per ripiano disavanzi pregressi da Organi Costituzionali e di rilievo costituzionale
4.03.07.01.005,E,4,03,Trasferimenti in conto capitale per ripiano disavanzi pregressi da Agenzie Fiscali
4.03.07.01.006,E,4,03,Trasferimenti in conto capitale per ripiano disavanzi pregressi da enti di regolazione dell'attività economica
4.03.07.01.007,E,4,03,Trasferimenti in conto capitale per ripiano disavanzi pregressi da Gruppo Equitalia
4.03.07.01.008,E,4,03,Trasferimenti in conto capitale per ripiano disavanzi pregressi da Anas S.p.A.
4.03.07.01.009,E,4,03,Trasferimenti in conto capitale per ripiano disavanzi pregressi da altri enti centrali produttori di servizi economici
4.03.07.01.010,E,4,03,Trasferimenti in conto capitale per ripiano disavanzi pregressi da autorità amministrative indipendenti
4.03.07.01.011,E,4,03,Trasferimenti in conto capitale per ripiano disavanzi pregressi da enti centrali a struttura associativa
4.03.07.01.012,E,4,03,"Trasferimenti in conto capitale per ripiano disavanzi pregressi da enti centrali produttori di servizi assistenziali, ricreativi e culturali"
4.03.07.01.013,E,4,03,Trasferimenti in conto capitale per ripiano disavanzi pregressi da enti e istituzioni centrali di ricerca e Istituti e stazioni sperimentali per la ricerca
4.03.07.01.999,E,4,03,Trasferimenti in conto capitale per ripiano disavanzi pregressi da altre Amministrazioni Centrali n.a.c.
4.03.07.02.001,E,4,03,Trasferimenti in conto capitale per ripiano disavanzi pregressi da Regioni e province autonome
4.03.07.02.002,E,4,03,Trasferimenti in conto capitale per ripiano disavanzi pregressi da Province
4.03.07.02.003,E,4,03,Trasferimenti in conto capitale per ripiano disavanzi pregressi da Comuni
4.03.07.02.004,E,4,03,Trasferimenti in conto capitale per ripiano disavanzi pregressi da Città metropolitane e Roma capitale
4.03.07.02.005,E,4,03,Trasferimenti in conto capitale per ripiano disavanzi pregressi da Unioni di Comuni
4.03.07.02.006,E,4,03,Trasferimenti in conto capitale per ripiano disavanzi pregressi da Comunità Montane
4.03.07.02.007,E,4,03,Trasferimenti in conto capitale per ripiano disavanzi pregressi da Camere di Commercio
4.03.07.02.008,E,4,03,Trasferimenti in conto capitale per ripiano disavanzi pregressi da Università
4.03.07.02.009,E,4,03,Trasferimenti in conto capitale per ripiano disavanzi pregressi da Parchi nazionali e consorzi ed enti autonomi gestori di parchi e aree naturali protette
4.03.07.02.010,E,4,03,Trasferimenti in conto capitale per ripiano disavanzi pregressi da Autorità Portuali
4.03.07.02.011,E,4,03,Trasferimenti in conto capitale per ripiano disavanzi pregressi da Aziende sanitarie locali
4.03.07.02.012,E,4,03,Trasferimenti in conto capitale per ripiano disavanzi pregressi da Aziende ospedaliere e Aziende ospedaliere universitarie integrate con il SSN
4.03.07.02.013,E,4,03,Trasferimenti in conto capitale per ripiano disavanzi pregressi da Policlinici
4.03.07.02.014,E,4,03,Trasferimenti in conto capitale per ripiano disavanzi pregressi da Istituti di ricovero e cura a carattere scientifico pubblici
4.03.07.02.015,E,4,03,Trasferimenti in conto capitale per ripiano disavanzi pregressi da altre Amministrazioni Locali produttrici di servizi sanitari
4.03.07.02.016,E,4,03,Trasferimenti in conto capitale per ripiano disavanzi pregressi da Agenzie regionali per le erogazioni in agricoltura
4.03.07.02.017,E,4,03,Trasferimenti in conto capitale per ripiano disavanzi pregressi da altri enti e agenzie regionali e sub regionali
4.03.07.02.018,E,4,03,Trasferimenti in conto capitale per ripiano disavanzi pregressi da Consorzi di enti locali
4.03.07.02.019,E,4,03,Trasferimenti in conto capitale per ripiano disavanzi pregressi da Fondazioni e istituzioni liriche locali e da teatri stabili di iniziativa pubblica
4.03.07.02.999,E,4,03,Trasferimenti in conto capitale per ripiano disavanzi pregressi da altre Amministrazioni Locali n.a.c.
4.03.07.03.001,E,4,03,Trasferimenti in conto capitale per ripiano disavanzi pregressi da INPS
4.03.07.03.002,E,4,03,Trasferimenti in conto capitale per ripiano disavanzi pregressi da INAIL
4.03.07.03.999,E,4,03,Trasferimenti in conto capitale per ripiano disavanzi pregressi da altri Enti di Previdenza n.a.c.
4.03.07.04.001,E,4,03,Trasferimenti in conto capitale per ripiano disavanzi pregressi da organismi interni e/o unità locali della amministrazione
4.03.08.01.001,E,4,03,Trasferimenti in conto capitale per ripiano disavanzi pregressi da imprese controllate
4.03.08.02.001,E,4,03,Trasferimenti in conto capitale per ripiano disavanzi pregressi da altre imprese partecipate
4.03.08.99.999,E,4,03,Trasferimenti in conto capitale per ripiano disavanzi pregressi da altre Imprese
4.03.09.01.001,E,4,03,Trasferimenti in conto capitale per ripiano disavanzi pregressi dall'Unione Europea
4.03.09.02.001,E,4,03,Trasferimenti in conto capitale per ripiano disavanzi pregressi dal Resto del Mondo
4.03.10.01.001,E,4,03,Altri trasferimenti in conto capitale da Ministeri
4.03.10.01.003,E,4,03,Altri trasferimenti in conto capitale da Presidenza del Consiglio dei Ministri
4.03.10.01.004,E,4,03,Altri trasferimenti in conto capitale da Organi Costituzionali e di rilievo costituzionale
4.03.10.01.005,E,4,03,Altri trasferimenti in conto capitale da Agenzie Fiscali
4.03.10.01.006,E,4,03,Altri trasferimenti in conto capitale da enti di regolazione dell'attività economica
4.03.10.01.007,E,4,03,Altri trasferimenti in conto capitale da Gruppo Equitalia
4.03.10.01.008,E,4,03,Altri trasferimenti in conto capitale da Anas S.p.A.
4.03.10.01.009,E,4,03,Altri trasferimenti in conto capitale da altri enti centrali produttori di servizi economici
4.03.10.01.010,E,4,03,Altri trasferimenti in conto capitale da autorità amministrative indipendenti
4.03.10.01.011,E,4,03,Altri trasferimenti in conto capitale da enti centrali a struttura associativa
4.03.10.01.012,E,4,03,"Altri trasferimenti in conto capitale da enti centrali produttori di servizi assistenziali, ricreativi e culturali"
4.03.10.01.013,E,4,03,Altri trasferimenti in conto capitale da enti e istituzioni centrali di ricerca e Istituti e stazioni sperimentali per la ricerca
4.03.10.01.999,E,4,03,Altri trasferimenti in conto capitale da altre Amministrazioni Centrali n.a.c.
4.03.10.02.001,E,4,03,Altri trasferimenti in conto capitale da Regioni e province autonome
4.03.10.02.002,E,4,03,Altri trasferimenti in conto capitale da Province
4.03.10.02.003,E,4,03,Altri trasferimenti in conto capitale da Comuni
4.03.10.02.004,E,4,03,Altri trasferimenti in conto capitale da Città metropolitane e Roma capitale
4.03.10.02.005,E,4,03,Altri trasferimenti in conto capitale da Unioni di Comuni
4.03.10.02.006,E,4,03,Altri trasferimenti in conto capitale da Comunità Montane
4.03.10.02.007,E,4,03,Altri trasferimenti in conto capitale da Camere di Commercio
4.03.10.02.008,E,4,03,Altri trasferimenti in conto capitale da Università
4.03.10.02.009,E,4,03,Altri trasferimenti in conto capitale da Parchi nazionali e consorzi ed enti autonomi gestori di parchi e aree naturali protette
4.03.10.02.010,E,4,03,Altri trasferimenti in conto capitale da Autorità Portuali
4.03.10.02.011,E,4,03,Altri trasferimenti in conto capitale da Aziende sanitarie locali
4.03.10.02.012,E,4,03,Altri trasferimenti in conto capitale da Aziende ospedaliere e Aziende ospedaliere universitarie integrate con il SSN
4.03.10.02.013,E,4,03,Altri trasferimenti in conto capitale da Policlinici
4.03.10.02.014,E,4,03,Altri trasferimenti in conto capitale da Istituti di ricovero e cura a carattere scientifico pubblici
4.03.10.02.015,E,4,03,Altri trasferimenti in conto capitale da altre Amministrazioni Locali produttrici di servizi sanitari
4.03.10.02.016,E,4,03,Altri trasferimenti in conto capitale da Agenzie regionali per le erogazioni in agricoltura
4.03.10.02.017,E,4,03,Altri trasferimenti in conto capitale da altri enti e agenzie regionali e sub regionali
4.03.10.02.018,E,4,03,Altri trasferimenti in conto capitale da Consorzi di enti locali
4.03.10.02.019,E,4,03,Altri trasferimenti in conto capitale da Fondazioni e istituzioni liriche locali e da teatri stabili di iniziativa pubblica
4.03.10.02.999,E,4,03,Altri trasferimenti in conto capitale da altre Amministrazioni Locali n.a.c.
4.03.10.03.001,E,4,03,Altri trasferimenti in conto capitale da INPS
4.03.10.03.002,E,4,03,Altri trasferimenti in conto capitale da INAIL
4.03.10.03.999,E,4,03,Altri trasferimenti in conto capitale da altri Enti di Previdenza n.a.c.
4.03.10.04.001,E,4,03,Altri trasferimenti in conto capitale da organismi interni e/o unità locali della amministrazione
4.03.11.01.001,E,4,03,Altri trasferimenti in conto capitale da Famiglie
4.03.12.01.001,E,4,03,Altri trasferimenti in conto capitale da imprese controllate
4.03.12.02.001,E,4,03,Altri trasferimenti in conto capitale da altre imprese partecipate
4.03.12.99.999,E,4,03,Altri trasferimenti in conto capitale da altre Imprese
4.03.13.01.001,E,4,03,Altri trasferimenti in conto capitale da Istituzioni Sociali Private
4.03.14.01.001,E,4,03,Altri trasferimenti in conto capitale dall'Unione Europea
4.03.14.02.001,E,4,03,Altri trasferimenti in conto capitale dal Resto del Mondo
4.04.01.01.001,E,4,04,Alienazione di Mezzi di trasporto stradali
4.04.01.01.002,E,4,04,Alienazione di Mezzi di trasporto aerei
4.04.01.01.003,E,4,04,Alienazione di Mezzi di trasporto per vie d'acqua
4.04.01.01.999,E,4,04,"Alienazione di altri mezzi di trasporto ad uso civile, di sicurezza e ordine pubblico n.a.c."
4.04.01.03.001,E,4,04,Alienazione di mobili e arredi per ufficio
4.04.01.03.002,E,4,04,Alienazione di mobili e arredi per alloggi e pertinenze
4.04.01.03.003,E,4,04,Alienazione di mobili e arredi per laboratori
4.04.01.03.999,E,4,04,Alienazione di mobili e arredi n.a.c.
4.04.01.04.001,E,4,04,Alienazione di Macchinari
4.04.01.04.999,E,4,04,Alienazione di impianti
4.04.01.05.001,E,4,04,Attrezzature scientifiche
4.04.01.05.002,E,4,04,Attrezzature sanitarie
4.04.01.05.999,E,4,04,Alienazione di Attrezzature n.a.c.
4.04.01.06.001,E,4,04,Alienazione di macchine per ufficio
4.04.01.07.001,E,4,04,Alienazione di server
4.04.01.07.002,E,4,04,Alienazione di postazioni di lavoro
4.04.01.07.003,E,4,04,Alienazione di periferiche
4.04.01.07.004,E,4,04,Alienazione di apparati di telecomunicazione
4.04.01.07.005,E,4,04,Alienazione di Tablet e dispositivi di telefonia fissa e mobile
4.04.01.07.999,E,4,04,Alienazione di hardware n.a.c.
4.04.01.08.001,E,4,04,Alienazione di Fabbricati ad uso abitativo
4.04.01.08.002,E,4,04,Alienazione di Fabbricati ad uso commerciale
4.04.01.08.003,E,4,04,Alienazione di Fabbricati ad uso scolastico
4.04.01.08.004,E,4,04,Alienazione di Fabbricati industriali e costruzioni leggere
4.04.01.08.005,E,4,04,Alienazione di Fabbricati rurali
4.04.01.08.007,E,4,04,Alienazione di Fabbricati Ospedalieri e altre strutture sanitarie
4.04.01.08.008,E,4,04,Alienazione di Opere destinate al culto
4.04.01.08.009,E,4,04,Alienazione di Infrastrutture telematiche
4.04.01.08.010,E,4,04,Alienazione di Infrastrutture idrauliche
4.04.01.08.011,E,4,04,Alienazione di Infrastrutture portuali e aeroportuali
4.04.01.08.012,E,4,04,Alienazione di Infrastrutture stradali
4.04.01.08.013,E,4,04,Alienazione di Altre vie di comunicazione
4.04.01.08.014,E,4,04,Alienazione di opere per la sistemazione del suolo
4.04.01.08.015,E,4,04,Alienazione di Impianti sportivi
4.04.01.08.016,E,4,04,Alienazione di Fabbricati destinati ad asili nido
4.04.01.08.017,E,4,04,Alienazione di Fabbricati ad uso strumentale
4.04.01.08.998,E,4,04,Alienazione di altre infrastrutture n.a.c.
4.04.01.08.999,E,4,04,Alienazione di altri beni immobili n.a.c.
4.04.01.09.001,E,4,04,Alienazione di Oggetti di valore
4.04.01.10.001,E,4,04,Alienazione di diritti reali
4.04.01.11.001,E,4,04,"Cessione di Fabbricati ad uso abitativo di valore culturale, storico ed artistico"
4.04.01.11.002,E,4,04,"Cessione di Fabbricati ad uso commerciale di valore culturale, storico ed artistico"
4.04.01.11.003,E,4,04,"Cessione di Fabbricati ad uso scolastico di valore culturale, storico ed artistico"
4.04.01.11.004,E,4,04,"Cessione di Opere destinate al culto di valore culturale, storico ed artistico"
4.04.01.11.005,E,4,04,"Cessione di Siti archeologici di valore culturale, storico ed artistico"
4.04.01.11.006,E,4,04,"Cessione di Cimiteri di valore culturale, storico ed artistico"
4.04.01.11.007,E,4,04,"Cessione di Impianti sportivi di valore culturale, storico ed artistico"
4.04.01.11.008,E,4,04,"Cessione di Musei, teatri e biblioteche di valore culturale, storico ed artistico"
4.04.01.11.009,E,4,04,"Cessione di Fabbricati ad uso strumentale di valore culturale, storico ed artistico"
4.04.01.11.999,E,4,04,"Cessione di Beni immobili di valore culturale, storico ed artistico n.a.c."
4.04.01.12.001,E,4,04,Cessione di Armi leggere ad uso civile e per ordine pubblico e sicurezza
4.04.01.12.999,E,4,04,Cessione di Armi n.a.c.
4.04.01.99.001,E,4,04,Alienazione di Materiale bibliografico
4.04.01.99.002,E,4,04,Alienazione di Strumenti musicali
4.04.01.99.999,E,4,04,Alienazioni di beni materiali n.a.c.
4.04.02.01.001,E,4,04,Cessione di Terreni agricoli
4.04.02.01.002,E,4,04,Cessione di Terreni edificabili
4.04.02.01.999,E,4,04,Cessione di terreni n.a.c.
4.04.02.02.001,E,4,04,Cessione di beni del Demanio marittimo
4.04.02.02.002,E,4,04,Cessione di beni del Demanio idrico
4.04.02.02.003,E,4,04,Cessione di beni del patrimonio faunistico
4.04.02.02.004,E,4,04,Cessione di beni del patrimonio floreale
4.04.03.01.001,E,4,04,Alienazione di software
4.04.03.02.001,E,4,04,Alienazione di Brevetti
4.04.03.03.001,E,4,04,Alienazione di Opere dell'ingegno e Diritti d'autore
4.04.03.04.001,E,4,04,Alienazione di altri diritti
4.04.03.99.001,E,4,04,Alienazione di altri beni immateriali n.a.c.
4.05.01.01.001,E,4,05,Permessi di costruire
4.05.02.01.999,E,4,05,Entrate derivanti da conferimento immobili a fondi immobiliari
4.05.03.01.001,E,4,05,"Entrate in conto capitale dovute a rimborsi, recuperi e restituzioni di somme non dovute o incassate in eccesso da Amministrazioni Centrali"
4.05.03.02.001,E,4,05,"Entrate in conto capitale dovute a rimborsi, recuperi e restituzioni di somme non dovute o incassate in eccesso da Amministrazioni Locali"
4.05.03.03.001,E,4,05,"Entrate in conto capitale dovute a rimborsi, recuperi e restituzioni di somme non dovute o incassate in eccesso da Enti Previdenziali"
4.05.03.04.001,E,4,05,"Entrate in conto capitale dovute a rimborsi, recuperi e restituzioni di somme non dovute o incassate in eccesso da Famiglie"
4.05.03.05.001,E,4,05,"Entrate in conto capitale dovute a rimborsi, recuperi e restituzioni di somme non dovute o incassate in eccesso da Imprese"
4.05.03.06.001,E,4,05,"Entrate in conto capitale dovute a rimborsi, recuperi e restituzioni di somme non dovute o incassate in eccesso da ISP"
4.05.04.99.999,E,4,05,Altre entrate in conto capitale n.a.c.
5.01.01.01.001,E,5,01,Alienazione di partecipazioni in imprese controllate incluse nelle Amministrazioni Centrali
5.01.01.01.002,E,5,01,Alienazione di partecipazioni in altre imprese partecipate incluse nelle Amministrazioni Centrali
5.01.01.01.999,E,5,01,Alienazione di partecipazioni in altre imprese incluse nelle Amministrazioni Centrali
5.01.01.02.001,E,5,01,Alienazione di partecipazioni in imprese controllate incluse nelle Amministrazioni Locali
5.01.01.02.002,E,5,01,Alienazione di partecipazioni in altre imprese partecipate incluse nelle Amministrazioni Locali
5.01.01.02.999,E,5,01,Alienazione di partecipazioni in altre imprese incluse nelle Amministrazioni Locali
5.01.01.03.001,E,5,01,Alienazione di partecipazioni in imprese controllate
5.01.01.03.002,E,5,01,Alienazione di partecipazioni in altre imprese partecipate
5.01.01.03.999,E,5,01,Alienazione di partecipazioni in altre imprese
5.01.01.04.001,E,5,01,Alienazione di partecipazioni in ISP controllate
5.01.01.04.999,E,5,01,Alienazione di partecipazioni in altre ISP
5.01.01.05.001,E,5,01,Alienazioni di partecipazioni in PA controllate incluse nelle   Amministrazioni Locali
5.01.01.05.002,E,5,01,Alienazioni di partecipazioni e conferimenti di capitale in PA partecipate incluse nelle   Amministrazioni Locali
5.01.01.05.003,E,5,01,Alienazioni di partecipazioni e conferimenti  di capitale in altre  PA  incluse nelle   Amministrazioni Locali
5.01.02.01.001,E,5,01,Alienazione di quote di fondi immobiliari
5.01.02.99.999,E,5,01,Alienazione di quote di altri fondi comuni di investimento
5.01.03.01.001,E,5,01,Alienazione di titoli obbligazionari a breve termine emessi da Amministrazioni Centrali
5.01.03.02.001,E,5,01,Alienazione di titoli obbligazionari a breve termine emessi da Amministrazioni Locali
5.01.03.03.001,E,5,01,Alienazione di titoli obbligazionari a breve termine emessi da altri soggetti residenti
5.01.03.04.001,E,5,01,Alienazione di titoli obbligazionari a breve termine emessi da soggetti non residenti
5.01.04.01.001,E,5,01,Alienazione di titoli obbligazionari a medio-lungo termine emessi da Amministrazioni Centrali
5.01.04.02.001,E,5,01,Alienazione di titoli obbligazionari a medio-lungo termine emessi da Amministrazioni Locali
5.01.04.03.001,E,5,01,Alienazione di titoli obbligazionari a medio-lungo termine emessi da altri soggetti residenti
5.01.04.04.001,E,5,01,Alienazione di titoli obbligazionari a medio-lungo termine emessi da soggetti non residenti
5.02.01.01.001,E,5,02,Riscossione crediti di breve termine a tasso agevolato da Ministeri
5.02.01.01.003,E,5,02,Riscossione crediti di breve termine a tasso agevolato da Presidenza del Consiglio dei Ministri
5.02.01.01.004,E,5,02,Riscossione crediti di breve termine a tasso agevolato da Organi Costituzionali e di rilievo costituzionale
5.02.01.01.005,E,5,02,Riscossione crediti di breve termine a tasso agevolato da Agenzie Fiscali
5.02.01.01.006,E,5,02,Riscossione crediti di breve termine a tasso agevolato da enti di regolazione dell'attività economica
5.02.01.01.007,E,5,02,Riscossione crediti di breve termine a tasso agevolato da Gruppo Equitalia
5.02.01.01.008,E,5,02,Riscossione crediti di breve termine a tasso agevolato da Anas S.p.A.
5.02.01.01.009,E,5,02,Riscossione crediti di breve termine a tasso agevolato da altri enti centrali produttori di servizi economici
5.02.01.01.010,E,5,02,Riscossione crediti di breve termine a tasso agevolato da autorità amministrative indipendenti
5.02.01.01.011,E,5,02,Riscossione crediti di breve termine a tasso agevolato da enti centrali a struttura associativa
5.02.01.01.012,E,5,02,"Riscossione crediti di breve termine a tasso agevolato da enti centrali produttori di servizi assistenziali, ricreativi e culturali"
5.02.01.01.013,E,5,02,Riscossione crediti di breve termine a tasso agevolato da enti e istituzioni centrali di ricerca e Istituti e stazioni sperimentali per la ricerca
5.02.01.01.999,E,5,02,Riscossione crediti di breve termine a tasso agevolato da altre Amministrazioni Centrali n.a.c.
5.02.01.02.001,E,5,02,Riscossione crediti di breve termine a tasso agevolato da Regioni e province autonome
5.02.01.02.002,E,5,02,Riscossione crediti di breve termine a tasso agevolato da Province
5.02.01.02.003,E,5,02,Riscossione crediti di breve termine a tasso agevolato da Comuni
5.02.01.02.004,E,5,02,Riscossione crediti di breve termine a tasso agevolato da Città metropolitane e Roma capitale
5.02.01.02.005,E,5,02,Riscossione crediti di breve termine a tasso agevolato da Unioni di Comuni
5.02.01.02.006,E,5,02,Riscossione crediti di breve termine a tasso agevolato da Comunità Montane
5.02.01.02.007,E,5,02,Riscossione crediti di breve termine a tasso agevolato da Camere di Commercio
5.02.01.02.008,E,5,02,Riscossione crediti di breve termine a tasso agevolato da Università
5.02.01.02.009,E,5,02,Riscossione crediti di breve termine a tasso agevolato da Parchi nazionali e consorzi ed enti autonomi gestori di parchi e aree naturali protette
5.02.01.02.010,E,5,02,Riscossione crediti di breve termine a tasso agevolato da Autorità Portuali
5.02.01.02.011,E,5,02,Riscossione crediti di breve termine a tasso agevolato da Aziende sanitarie locali
5.02.01.02.012,E,5,02,Riscossione crediti di breve termine a tasso agevolato da Aziende ospedaliere e Aziende ospedaliere universitarie integrate con il SSN
5.02.01.02.013,E,5,02,Riscossione crediti di breve termine a tasso agevolato da Policlinici
5.02.01.02.014,E,5,02,Riscossione crediti di breve termine a tasso agevolato da Istituti di ricovero e cura a carattere scientifico pubblici
5.02.01.02.015,E,5,02,Riscossione crediti di breve termine a tasso agevolato da altre Amministrazioni Locali produttrici di servizi sanitari
5.02.01.02.016,E,5,02,Riscossione crediti di breve termine a tasso agevolato da Agenzie regionali per le erogazioni in agricoltura
5.02.01.02.017,E,5,02,Riscossione crediti di breve termine a tasso agevolato da altri enti e agenzie regionali e sub regionali
5.02.01.02.018,E,5,02,Riscossione crediti di breve termine a tasso agevolato da Consorzi di enti locali
5.02.01.02.019,E,5,02,Riscossione crediti di breve termine a tasso agevolato da Fondazioni e istituzioni liriche locali e da teatri stabili di iniziativa pubblica
5.02.01.02.999,E,5,02,Riscossione crediti di breve termine a tasso agevolato da altre Amministrazioni Locali n.a.c.
5.02.01.03.001,E,5,02,Riscossione crediti di breve termine a tasso agevolato da INPS
5.02.01.03.002,E,5,02,Riscossione crediti di breve termine a tasso agevolato da INAIL
5.02.01.03.999,E,5,02,Riscossione crediti di breve termine a tasso agevolato da altri Enti di Previdenza n.a.c.
5.02.01.04.001,E,5,02,Riscossione crediti di breve termine a tasso agevolato da organismi interni e/o unità locali della amministrazione
5.02.02.01.001,E,5,02,Riscossione crediti di breve termine a tasso agevolato da Famiglie
5.02.03.01.001,E,5,02,Riscossione crediti di breve termine a tasso agevolato da imprese controllate
5.02.03.02.001,E,5,02,Riscossione crediti di breve termine a tasso agevolato da altre imprese partecipate
5.02.03.03.001,E,5,02,Riscossione crediti di breve termine a tasso agevolato dalla Cassa Depositi e prestiti
5.02.03.99.999,E,5,02,Riscossione crediti di breve termine a tasso agevolato da altre Imprese
5.02.04.01.001,E,5,02,Riscossione crediti di breve termine a tasso agevolato da Istituzioni Sociali Private
5.02.05.01.001,E,5,02,Riscossione crediti di breve termine a tasso agevolato dall'Unione Europea
5.02.05.02.001,E,5,02,Riscossione crediti di breve termine a tasso agevolato dal Resto del Mondo
5.02.06.01.001,E,5,02,Riscossione crediti di breve termine a tasso non agevolato da Ministeri
5.02.06.01.003,E,5,02,Riscossione crediti di breve termine a tasso non agevolato da Presidenza del Consiglio dei Ministri
5.02.06.01.004,E,5,02,Riscossione crediti di breve termine a tasso non agevolato da Organi Costituzionali e di rilievo costituzionale
5.02.06.01.005,E,5,02,Riscossione crediti di breve termine a tasso non agevolato da Agenzie Fiscali
5.02.06.01.006,E,5,02,Riscossione crediti di breve termine a tasso non agevolato da enti di regolazione dell'attività economica
5.02.06.01.007,E,5,02,Riscossione crediti di breve termine a tasso non agevolato da Gruppo Equitalia
5.02.06.01.008,E,5,02,Riscossione crediti di breve termine a tasso non agevolato da Anas S.p.A.
5.02.06.01.009,E,5,02,Riscossione crediti di breve termine a tasso non agevolato da altri enti centrali produttori di servizi economici
5.02.06.01.010,E,5,02,Riscossione crediti di breve termine a tasso non agevolato da autorità amministrative indipendenti
5.02.06.01.011,E,5,02,Riscossione crediti di breve termine a tasso non agevolato da enti centrali a struttura associativa
5.02.06.01.012,E,5,02,"Riscossione crediti di breve termine a tasso non agevolato da enti centrali produttori di servizi assistenziali, ricreativi e culturali"
5.02.06.01.013,E,5,02,Riscossione crediti di breve termine a tasso non agevolato da enti e istituzioni centrali di ricerca e Istituti e stazioni sperimentali per la ricerca
5.02.06.01.999,E,5,02,Riscossione crediti di breve termine a tasso non agevolato da altre Amministrazioni Centrali n.a.c.
5.02.06.02.001,E,5,02,Riscossione crediti di breve termine a tasso non agevolato da Regioni e province autonome
5.02.06.02.002,E,5,02,Riscossione crediti di breve termine a tasso non agevolato da Province
5.02.06.02.003,E,5,02,Riscossione crediti di breve termine a tasso non agevolato da Comuni
5.02.06.02.004,E,5,02,Riscossione crediti di breve termine a tasso non agevolato da Città metropolitane e Roma capitale
5.02.06.02.005,E,5,02,Riscossione crediti di breve termine a tasso non agevolato da Unioni di Comuni
5.02.06.02.006,E,5,02,Riscossione crediti di breve termine a tasso non agevolato da Comunità Montane
5.02.06.02.007,E,5,02,Riscossione crediti di breve termine a tasso non agevolato da Camere di Commercio
5.02.06.02.008,E,5,02,Riscossione crediti di breve termine a tasso non agevolato da Università
5.02.06.02.009,E,5,02,Riscossione crediti di breve termine a tasso non agevolato da Parchi nazionali e consorzi ed enti autonomi gestori di parchi e aree naturali protette
5.02.06.02.010,E,5,02,Riscossione crediti di breve termine a tasso non agevolato da Autorità Portuali
5.02.06.02.011,E,5,02,Riscossione crediti di breve termine a tasso non agevolato da Aziende sanitarie locali
5.02.06.02.012,E,5,02,Riscossione crediti di breve termine a tasso non agevolato da Aziende ospedaliere e Aziende ospedaliere universitarie integrate con il SSN
5.02.06.02.013,E,5,02,Riscossione crediti di breve termine a tasso non agevolato da Policlinici
5.02.06.02.014,E,5,02,Riscossione crediti di breve termine a tasso non agevolato da Istituti di ricovero e cura a carattere scientifico pubblici
5.02.06.02.015,E,5,02,Riscossione crediti di breve termine a tasso non agevolato da altre Amministrazioni Locali produttrici di servizi sanitari
5.02.06.02.016,E,5,02,Riscossione crediti di breve termine a tasso non agevolato da Agenzie regionali per le erogazioni in agricoltura
5.02.06.02.017,E,5,02,Riscossione crediti di breve termine a tasso non agevolato da altri enti e agenzie regionali e sub regionali
5.02.06.02.018,E,5,02,Riscossione crediti di breve termine a tasso non agevolato da Consorzi di enti locali
5.02.06.02.019,E,5,02,Riscossione crediti di breve termine a tasso non agevolato da Fondazioni e istituzioni liriche locali e da teatri stabili di iniziativa pubblica
5.02.06.02.999,E,5,02,Riscossione crediti di breve termine a tasso non agevolato da altre Amministrazioni Locali n.a.c.
5.02.06.03.001,E,5,02,Riscossione crediti di breve termine a tasso non agevolato da INPS
5.02.06.03.002,E,5,02,Riscossione crediti di breve termine a tasso non agevolato da INAIL
5.02.06.03.999,E,5,02,Riscossione crediti di breve termine a tasso non agevolato da altri Enti di Previdenza n.a.c.
5.02.06.04.001,E,5,02,Riscossione crediti di breve termine a tasso non agevolato da organismi interni e/o unità locali della amministrazione
5.02.07.01.001,E,5,02,Riscossione crediti di breve termine a tasso non agevolato da Famiglie
5.02.08.01.001,E,5,02,Riscossione crediti di breve termine a tasso non agevolato da imprese controllate
5.02.08.02.001,E,5,02,Riscossione crediti di breve termine a tasso non agevolato da altre imprese partecipate
5.02.08.03.001,E,5,02,Riscossione crediti di breve termine a tasso non agevolato da Cassa Depositi e prestiti
5.02.08.99.999,E,5,02,Riscossione crediti di breve termine a tasso non agevolato da altre Imprese
5.02.09.01.001,E,5,02,Riscossione crediti di breve termine a tasso non agevolato da Istituzioni Sociali Private
5.02.10.01.001,E,5,02,Riscossione crediti di breve termine a tasso non agevolato dall'Unione Europea
5.02.10.02.001,E,5,02,Riscossione crediti di breve termine a tasso non agevolato dal Resto del Mondo
5.03.01.01.001,E,5,03,Riscossione crediti di medio-lungo termine a tasso agevolato da Ministeri
5.03.01.01.003,E,5,03,Riscossione crediti di medio-lungo termine a tasso agevolato da Presidenza del Consiglio dei Ministri
5.03.01.01.004,E,5,03,Riscossione crediti di medio-lungo termine a tasso agevolato da Organi Costituzionali e di rilievo costituzionale
5.03.01.01.005,E,5,03,Riscossione crediti di medio-lungo termine a tasso agevolato da Agenzie Fiscali
5.03.01.01.006,E,5,03,Riscossione crediti di medio-lungo termine a tasso agevolato da enti di regolazione dell'attività economica
5.03.01.01.007,E,5,03,Riscossione crediti di medio-lungo termine a tasso agevolato da Gruppo Equitalia
5.03.01.01.008,E,5,03,Riscossione crediti di medio-lungo termine a tasso agevolato da Anas S.p.A.
5.03.01.01.009,E,5,03,Riscossione crediti di medio-lungo termine a tasso agevolato da altri enti centrali produttori di servizi economici
5.03.01.01.010,E,5,03,Riscossione crediti di medio-lungo termine a tasso agevolato da autorità amministrative indipendenti
5.03.01.01.011,E,5,03,Riscossione crediti di medio-lungo termine a tasso agevolato da enti centrali a struttura associativa
5.03.01.01.012,E,5,03,"Riscossione crediti di medio-lungo termine a tasso agevolato da enti centrali produttori di servizi assistenziali, ricreativi e culturali"
5.03.01.01.013,E,5,03,Riscossione crediti di medio-lungo termine a tasso agevolato da enti e istituzioni centrali di ricerca e Istituti e stazioni sperimentali per la ricerca
5.03.01.01.999,E,5,03,Riscossione crediti di medio-lungo termine a tasso agevolato da altre Amministrazioni Centrali n.a.c.
5.03.01.02.001,E,5,03,Riscossione crediti di medio-lungo termine a tasso agevolato da Regioni e province autonome
5.03.01.02.002,E,5,03,Riscossione crediti di medio-lungo termine a tasso agevolato da Province
5.03.01.02.003,E,5,03,Riscossione crediti di medio-lungo termine a tasso agevolato da Comuni
5.03.01.02.004,E,5,03,Riscossione crediti di medio-lungo termine a tasso agevolato da Città metropolitane e Roma capitale
5.03.01.02.005,E,5,03,Riscossione crediti di medio-lungo termine a tasso agevolato da Unioni di Comuni
5.03.01.02.006,E,5,03,Riscossione crediti di medio-lungo termine a tasso agevolato da Comunità Montane
5.03.01.02.007,E,5,03,Riscossione crediti di medio-lungo termine a tasso agevolato da Camere di Commercio
5.03.01.02.008,E,5,03,Riscossione crediti di medio-lungo termine a tasso agevolato da Università
5.03.01.02.009,E,5,03,Riscossione crediti di medio-lungo termine a tasso agevolato da Parchi nazionali e consorzi ed enti autonomi gestori di parchi e aree naturali protette
5.03.01.02.010,E,5,03,Riscossione crediti di medio-lungo termine a tasso agevolato da Autorità Portuali
5.03.01.02.011,E,5,03,Riscossione crediti di medio-lungo termine a tasso agevolato da Aziende sanitarie locali
5.03.01.02.012,E,5,03,Riscossione crediti di medio-lungo termine a tasso agevolato da Aziende ospedaliere e Aziende ospedaliere universitarie integrate con il SSN
5.03.01.02.013,E,5,03,Riscossione crediti di medio-lungo termine a tasso agevolato da Policlinici
5.03.01.02.014,E,5,03,Riscossione crediti di medio-lungo termine a tasso agevolato da Istituti di ricovero e cura a carattere scientifico pubblici
5.03.01.02.015,E,5,03,Riscossione crediti di medio-lungo termine a tasso agevolato da altre Amministrazioni Locali produttrici di servizi sanitari
5.03.01.02.016,E,5,03,Riscossione crediti di medio-lungo termine a tasso agevolato da Agenzie regionali per le erogazioni in agricoltura
5.03.01.02.017,E,5,03,Riscossione crediti di medio-lungo termine a tasso agevolato da altri enti e agenzie regionali e sub regionali
5.03.01.02.018,E,5,03,Riscossione crediti di medio-lungo termine a tasso agevolato da Consorzi di enti locali
5.03.01.02.019,E,5,03,Riscossione crediti di medio-lungo termine a tasso agevolato da Fondazioni e istituzioni liriche locali e da teatri stabili di iniziativa pubblica
5.03.01.02.999,E,5,03,Riscossione crediti di medio-lungo termine a tasso agevolato da altre Amministrazioni Locali n.a.c.
5.03.01.03.001,E,5,03,Riscossione crediti di medio-lungo termine a tasso agevolato da INPS
5.03.01.03.002,E,5,03,Riscossione crediti di medio-lungo termine a tasso agevolato da INAIL
5.03.01.03.999,E,5,03,Riscossione crediti di medio-lungo termine a tasso agevolato da altri Enti di Previdenza n.a.c.
5.03.01.04.001,E,5,03,Riscossione crediti di medio-lungo termine a tasso agevolato da organismi interni e/o unità locali della amministrazione
5.03.02.01.001,E,5,03,Riscossione crediti di medio-lungo termine a tasso agevolato da Famiglie
5.03.03.01.001,E,5,03,Riscossione crediti di medio-lungo termine a tasso agevolato da imprese controllate
5.03.03.02.001,E,5,03,Riscossione crediti di medio-lungo termine a tasso agevolato da altre imprese partecipate
5.03.03.03.001,E,5,03,Riscossione crediti di medio-lungo termine a tasso agevolato da Cassa Depositi e Prestiti
5.03.03.99.999,E,5,03,Riscossione crediti di medio-lungo termine a tasso agevolato da altre Imprese
5.03.04.01.001,E,5,03,Riscossione crediti di medio-lungo termine a tasso agevolato da Istituzioni Sociali Private
5.03.05.01.001,E,5,03,Riscossione crediti di medio-lungo termine a tasso agevolato dall'Unione Europea
5.03.05.02.001,E,5,03,Riscossione crediti di medio-lungo termine a tasso agevolato dal Resto del Mondo
5.03.06.01.001,E,5,03,Riscossione crediti di medio-lungo termine a tasso non agevolato da Ministeri
5.03.06.01.003,E,5,03,Riscossione crediti di medio-lungo termine a tasso non agevolato da Presidenza del Consiglio dei Ministri
5.03.06.01.004,E,5,03,Riscossione crediti di medio-lungo termine a tasso non agevolato da Organi Costituzionali e di rilievo costituzionale
5.03.06.01.005,E,5,03,Riscossione crediti di medio-lungo termine a tasso non agevolato da Agenzie Fiscali
5.03.06.01.006,E,5,03,Riscossione crediti di medio-lungo termine a tasso non agevolato da enti di regolazione dell'attività economica
5.03.06.01.007,E,5,03,Riscossione crediti di medio-lungo termine a tasso non agevolato da Gruppo Equitalia
5.03.06.01.008,E,5,03,Riscossione crediti di medio-lungo termine a tasso non agevolato da Anas S.p.A.
5.03.06.01.009,E,5,03,Riscossione crediti di medio-lungo termine a tasso non agevolato da altri enti centrali produttori di servizi economici
5.03.06.01.010,E,5,03,Riscossione crediti di medio-lungo termine a tasso non agevolato da autorità amministrative indipendenti
5.03.06.01.011,E,5,03,Riscossione crediti di medio-lungo termine a tasso non agevolato da enti centrali a struttura associativa
5.03.06.01.012,E,5,03,"Riscossione crediti di medio-lungo termine a tasso non agevolato da enti centrali produttori di servizi assistenziali, ricreativi e culturali"
5.03.06.01.013,E,5,03,Riscossione crediti di medio-lungo termine a tasso non agevolato da enti e istituzioni centrali di ricerca e Istituti e stazioni sperimentali per la ricerca
5.03.06.01.999,E,5,03,Riscossione crediti di medio-lungo termine a tasso non agevolato da altre Amministrazioni Centrali n.a.c.
5.03.06.02.001,E,5,03,Riscossione crediti di medio-lungo termine a tasso non agevolato da Regioni e province autonome
5.03.06.02.002,E,5,03,Riscossione crediti di medio-lungo termine a tasso non agevolato da Province
5.03.06.02.003,E,5,03,Riscossione crediti di medio-lungo termine a tasso non agevolato da Comuni
5.03.06.02.004,E,5,03,Riscossione crediti di medio-lungo termine a tasso non agevolato da Città metropolitane e Roma capitale
5.03.06.02.005,E,5,03,Riscossione crediti di medio-lungo termine a tasso non agevolato da Unioni di Comuni
5.03.06.02.006,E,5,03,Riscossione crediti di medio-lungo termine a tasso non agevolato da Comunità Montane
5.03.06.02.007,E,5,03,Riscossione crediti di medio-lungo termine a tasso non agevolato da Camere di Commercio
5.03.06.02.008,E,5,03,Riscossione crediti di medio-lungo termine a tasso non agevolato da Università
5.03.06.02.009,E,5,03,Riscossione crediti di medio-lungo termine a tasso non agevolato da Parchi nazionali e consorzi ed enti autonomi gestori di parchi e aree naturali protette
5.03.06.02.010,E,5,03,Riscossione crediti di medio-lungo termine a tasso non agevolato da Autorità Portuali
5.03.06.02.011,E,5,03,Riscossione crediti di medio-lungo termine a tasso non agevolato da Aziende sanitarie locali
5.03.06.02.012,E,5,03,Riscossione crediti di medio-lungo termine a tasso non agevolato da Aziende ospedaliere e Aziende ospedaliere universitarie integrate con il SSN
5.03.06.02.013,E,5,03,Riscossione crediti di medio-lungo termine a tasso non agevolato da Policlinici
5.03.06.02.014,E,5,03,Riscossione crediti di medio-lungo termine a tasso non agevolato da Istituti di ricovero e cura a carattere scientifico pubblici
5.03.06.02.015,E,5,03,Riscossione crediti di medio-lungo termine a tasso non agevolato da altre Amministrazioni Locali produttrici di servizi sanitari
5.03.06.02.016,E,5,03,Riscossione crediti di medio-lungo termine a tasso non agevolato da Agenzie regionali per le erogazioni in agricoltura
5.03.06.02.017,E,5,03,Riscossione crediti di medio-lungo termine a tasso non agevolato da altri enti e agenzie regionali e sub regionali
5.03.06.02.018,E,5,03,Riscossione crediti di medio-lungo termine a tasso non agevolato da Consorzi di enti locali
5.03.06.02.019,E,5,03,Riscossione crediti di medio-lungo termine a tasso non agevolato da Fondazioni e istituzioni liriche locali e da teatri stabili di iniziativa pubblica
5.03.06.02.999,E,5,03,Riscossione crediti di medio-lungo termine a tasso non agevolato da altre Amministrazioni Locali n.a.c.
5.03.06.03.001,E,5,03,Riscossione crediti di medio-lungo termine a tasso non agevolato da INPS
5.03.06.03.002,E,5,03,Riscossione crediti di medio-lungo termine a tasso non agevolato da INAIL
5.03.06.03.999,E,5,03,Riscossione crediti di medio-lungo termine a tasso non agevolato da altri Enti di Previdenza n.a.c.
5.03.06.04.001,E,5,03,Riscossione crediti di medio-lungo termine a tasso non agevolato da organismi interni e/o unità locali della amministrazione
5.03.07.01.001,E,5,03,Riscossione crediti di medio-lungo termine a tasso non agevolato da Famiglie
5.03.08.01.001,E,5,03,Riscossione crediti di medio-lungo termine a tasso non agevolato da imprese controllate
5.03.08.02.001,E,5,03,Riscossione crediti di medio-lungo termine a tasso non agevolato da altre imprese partecipate
5.03.08.03.001,E,5,03,Riscossione crediti di medio-lungo termine a tasso non agevolato da Cassa Depositi e Prestiti
5.03.08.99.999,E,5,03,Riscossione crediti di medio-lungo termine a tasso non agevolato da altre Imprese
5.03.09.01.001,E,5,03,Riscossione crediti di medio-lungo termine a tasso non agevolato da Istituzioni Sociali Private
5.03.10.01.001,E,5,03,Riscossione crediti di medio-lungo termine a tasso non agevolato dall'Unione Europea
5.03.10.02.001,E,5,03,Riscossione crediti di medio-lungo termine a tasso non agevolato dal Resto del Mondo
5.03.11.01.001,E,5,03,Riscossione crediti sorti a seguito di escussione di garanzie in favore di Ministeri
5.03.11.01.003,E,5,03,Riscossione crediti sorti a seguito di escussione di garanzie in favore di Presidenza del Consiglio dei Ministri
5.03.11.01.004,E,5,03,Riscossione crediti sorti a seguito di escussione di garanzie in favore di Organi Costituzionali e di rilievo costituzionale
5.03.11.01.005,E,5,03,Riscossione crediti sorti a seguito di escussione di garanzie in favore di Agenzie Fiscali
5.03.11.01.006,E,5,03,Riscossione crediti sorti a seguito di escussione di garanzie in favore di enti di regolazione dell'attività economica
5.03.11.01.007,E,5,03,Riscossione crediti sorti a seguito di escussione di garanzie in favore di Gruppo Equitalia
5.03.11.01.008,E,5,03,Riscossione crediti sorti a seguito di escussione di garanzie in favore di Anas S.p.A.
5.03.11.01.009,E,5,03,Riscossione crediti sorti a seguito di escussione di garanzie in favore di altri enti centrali produttori di servizi economici
5.03.11.01.010,E,5,03,Riscossione crediti sorti a seguito di escussione di garanzie in favore di autorità amministrative indipendenti
5.03.11.01.011,E,5,03,Riscossione crediti sorti a seguito di escussione di garanzie in favore di enti centrali a struttura associativa
5.03.11.01.012,E,5,03,"Riscossione crediti sorti a seguito di escussione di garanzie in favore di enti centrali produttori di servizi assistenziali, ricreativi e culturali"
5.03.11.01.013,E,5,03,Riscossione crediti sorti a seguito di escussione di garanzie in favore di enti e istituzioni centrali di ricerca e Istituti e stazioni sperimentali per la ricerca
5.03.11.01.999,E,5,03,Riscossione crediti sorti a seguito di escussione di garanzie in favore di altre Amministrazioni Centrali n.a.c.
5.03.11.02.001,E,5,03,Riscossione crediti sorti a seguito di escussione di garanzie in favore di Regioni e province autonome
5.03.11.02.002,E,5,03,Riscossione crediti sorti a seguito di escussione di garanzie in favore di Province
5.03.11.02.003,E,5,03,Riscossione crediti sorti a seguito di escussione di garanzie in favore di Comuni
5.03.11.02.004,E,5,03,Riscossione crediti sorti a seguito di escussione di garanzie in favore di Città metropolitane e Roma capitale
5.03.11.02.005,E,5,03,Riscossione crediti sorti a seguito di escussione di garanzie in favore di Unioni di Comuni
5.03.11.02.006,E,5,03,Riscossione crediti sorti a seguito di escussione di garanzie in favore di Comunità Montane
5.03.11.02.007,E,5,03,Riscossione crediti sorti a seguito di escussione di garanzie in favore di Camere di Commercio
5.03.11.02.008,E,5,03,Riscossione crediti sorti a seguito di escussione di garanzie in favore di Università
5.03.11.02.009,E,5,03,Riscossione crediti sorti a seguito di escussione di garanzie in favore di Parchi nazionali e consorzi ed enti autonomi gestori di parchi e aree naturali protette
5.03.11.02.010,E,5,03,Riscossione crediti sorti a seguito di escussione di garanzie in favore di Autorità Portuali
5.03.11.02.011,E,5,03,Riscossione crediti sorti a seguito di escussione di garanzie in favore di Aziende sanitarie locali
5.03.11.02.012,E,5,03,Riscossione crediti sorti a seguito di escussione di garanzie in favore di Aziende ospedaliere e Aziende ospedaliere universitarie integrate con il SSN
5.03.11.02.013,E,5,03,Riscossione crediti sorti a seguito di escussione di garanzie in favore di Policlinici
5.03.11.02.014,E,5,03,Riscossione crediti sorti a seguito di escussione di garanzie in favore di Istituti di ricovero e cura a carattere scientifico pubblici
5.03.11.02.015,E,5,03,Riscossione crediti sorti a seguito di escussione di garanzie in favore di altre Amministrazioni Locali produttrici di servizi sanitari
5.03.11.02.016,E,5,03,Riscossione crediti sorti a seguito di escussione di garanzie in favore di Agenzie regionali per le erogazioni in agricoltura
5.03.11.02.017,E,5,03,Riscossione crediti sorti a seguito di escussione di garanzie in favore di altri enti e agenzie regionali e sub regionali
5.03.11.02.018,E,5,03,Riscossione crediti sorti a seguito di escussione di garanzie in favore di Consorzi di enti locali
5.03.11.02.019,E,5,03,Riscossione crediti sorti a seguito di escussione di garanzie in favore di Fondazioni e istituzioni liriche locali e a Teatri stabili di iniziativa pubblica
5.03.11.02.999,E,5,03,Riscossione crediti sorti a seguito di escussione di garanzie in favore di altre Amministrazioni Locali n.a.c.
5.03.11.03.001,E,5,03,Riscossione crediti sorti a seguito di escussione di garanzie in favore di INPS
5.03.11.03.002,E,5,03,Riscossione crediti sorti a seguito di escussione di garanzie in favore di INAIL
5.03.11.03.999,E,5,03,Riscossione crediti sorti a seguito di escussione di garanzie in favore di altri Enti di Previdenza
5.03.12.01.001,E,5,03,Riscossione crediti sorti a seguito di escussione di garanzie in favore di Famiglie
5.03.13.01.001,E,5,03,Riscossione crediti sorti a seguito di escussione di garanzie in favore di imprese controllate
5.03.13.02.001,E,5,03,Riscossione crediti sorti a seguito di escussione di garanzie in favore di altre imprese partecipate
5.03.13.03.001,E,5,03,Riscossione crediti sorti a seguito di escussione di garanzie in favore della Cassa Depositi e Prestiti - SPA
5.03.13.99.999,E,5,03,Riscossione crediti sorti a seguito di escussione di garanzie in favore di altre Imprese
5.03.14.01.001,E,5,03,Riscossione crediti sorti a seguito di escussione di garanzie in favore di Istituzioni Sociali Private
5.03.15.01.001,E,5,03,Riscossione crediti sorti a seguito di escussione di garanzie in favore dell'Unione Europea
5.03.15.02.001,E,5,03,Riscossione crediti sorti a seguito di escussione di garanzie in favore del Resto del Mondo
5.04.01.01.001,E,5,04,Altre entrate per riduzione di altre attività finanziarie verso Ministeri
5.04.01.01.003,E,5,04,Altre entrate per riduzione di altre attività finanziarie verso Presidenza del Consiglio dei Ministri
5.04.01.01.004,E,5,04,Altre entrate per riduzione di altre attività finanziarie verso Organi Costituzionali e di rilievo costituzionale
5.04.01.01.005,E,5,04,Altre entrate per riduzione di altre attività finanziarie verso Agenzie Fiscali
5.04.01.01.006,E,5,04,Altre entrate per riduzione di altre attività finanziarie verso enti di regolazione dell'attività economica
5.04.01.01.007,E,5,04,Altre entrate per riduzione di altre attività finanziarie verso Gruppo Equitalia
5.04.01.01.008,E,5,04,Altre entrate per riduzione di altre attività finanziarie verso Anas S.p.A.
5.04.01.01.009,E,5,04,Altre entrate per riduzione di altre attività finanziarie verso altri enti centrali produttori di servizi economici
5.04.01.01.010,E,5,04,Altre entrate per riduzione di altre attività finanziarie verso autorità amministrative indipendenti
5.04.01.01.011,E,5,04,Altre entrate per riduzione di altre attività finanziarie verso enti centrali a struttura associativa
5.04.01.01.012,E,5,04,"Altre entrate per riduzione di altre attività finanziarie verso enti centrali produttori di servizi assistenziali, ricreativi e culturali"
5.04.01.01.013,E,5,04,Altre entrate per riduzione di altre attività finanziarie verso enti e istituzioni centrali di ricerca e Istituti e stazioni sperimentali per la ricerca
5.04.01.01.999,E,5,04,Altre entrate per riduzione di altre attività finanziarie verso altre Amministrazioni Centrali n.a.c.
5.04.01.02.001,E,5,04,Altre entrate per riduzione di altre attività finanziarie verso Regioni e province autonome
5.04.01.02.002,E,5,04,Altre entrate per riduzione di altre attività finanziarie verso Province
5.04.01.02.003,E,5,04,Altre entrate per riduzione di altre attività finanziarie verso Comuni
5.04.01.02.004,E,5,04,Altre entrate per riduzione di altre attività finanziarie verso Città metropolitane e Roma capitale
5.04.01.02.005,E,5,04,Altre entrate per riduzione di altre attività finanziarie verso Unioni di Comuni
5.04.01.02.006,E,5,04,Altre entrate per riduzione di altre attività finanziarie verso Comunità Montane
5.04.01.02.007,E,5,04,Altre entrate per riduzione di altre attività finanziarie verso Camere di Commercio
5.04.01.02.008,E,5,04,Altre entrate per riduzione di altre attività finanziarie verso Università
5.04.01.02.009,E,5,04,Altre entrate per riduzione di altre attività finanziarie verso Parchi nazionali e consorzi ed enti autonomi gestori di parchi e aree naturali protette
5.04.01.02.010,E,5,04,Altre entrate per riduzione di altre attività finanziarie verso Autorità Portuali
5.04.01.02.011,E,5,04,Altre entrate per riduzione di altre attività finanziarie verso Aziende sanitarie locali
5.04.01.02.012,E,5,04,Altre entrate per riduzione di altre attività finanziarie verso Aziende ospedaliere e Aziende ospedaliere universitarie integrate con il SSN
5.04.01.02.013,E,5,04,Altre entrate per riduzione di altre attività finanziarie verso Policlinici
5.04.01.02.014,E,5,04,Altre entrate per riduzione di altre attività finanziarie verso Istituti di ricovero e cura a carattere scientifico pubblici
5.04.01.02.015,E,5,04,Altre entrate per riduzione di altre attività finanziarie verso altre Amministrazioni Locali produttrici di servizi sanitari
5.04.01.02.016,E,5,04,Altre entrate per riduzione di altre attività finanziarie verso Agenzie regionali per le erogazioni in agricoltura
5.04.01.02.017,E,5,04,Altre entrate per riduzione di altre attività finanziarie verso altri enti e agenzie regionali e sub regionali
5.04.01.02.018,E,5,04,Altre entrate per riduzione di altre attività finanziarie verso Consorzi di enti locali
5.04.01.02.019,E,5,04,Altre entrate per riduzione di altre attività finanziarie verso Fondazioni e istituzioni liriche locali e da teatri stabili di iniziativa pubblica
5.04.01.02.999,E,5,04,Altre entrate per riduzione di altre attività finanziarie verso altre Amministrazioni Locali n.a.c.
5.04.01.03.001,E,5,04,Altre entrate per riduzione di altre attività finanziarie verso INPS
5.04.01.03.002,E,5,04,Altre entrate per riduzione di altre attività finanziarie verso INAIL
5.04.01.03.999,E,5,04,Altre entrate per riduzione di altre attività finanziarie verso altri Enti di Previdenza n.a.c.
5.04.02.01.001,E,5,04,Altre entrate per riduzione di altre attività finanziarie verso Famiglie
5.04.03.01.001,E,5,04,Altre entrate per riduzione di altre attività finanziarie verso imprese controllate
5.04.03.02.001,E,5,04,Altre entrate per riduzione di altre attività finanziarie verso altre imprese partecipate
5.04.03.03.001,E,5,04,Altre entrate per riduzione di altre attività finanziarie verso  Cassa Depositi e Prestiti
5.04.03.99.999,E,5,04,Altre entrate per riduzione di altre attività finanziarie verso altre Imprese
5.04.04.01.001,E,5,04,Altre entrate per riduzione di altre attività finanziarie verso Istituzioni Sociali Private
5.04.05.01.001,E,5,04,Altre entrate per riduzione di altre attività finanziarie verso Unione Europea
5.04.05.02.001,E,5,04,Altre entrate per riduzione di altre attività finanziarie verso Resto del Mondo
5.04.06.01.001,E,5,04,Prelievi dai conti di tesoreria statale diversi dalla Tesoreria Unica
5.04.07.01.001,E,5,04,Prelievi da depositi bancari
5.04.08.01.001,E,5,04,Entrate derivanti dalla chiusura di un derivato di ammortamento
5.04.08.01.002,E,5,04,Entrate derivanti dalla chiusura anticipata di un derivato di ammortamento
6.01.01.01.001,E,6,01,Emissione di titoli obbligazionari a breve termine a tasso fisso - valuta domestica
6.01.01.01.002,E,6,01,Emissione di titoli obbligazionari a breve termine a tasso variabile - valuta domestica
6.01.01.02.001,E,6,01,Emissione di titoli obbligazionari a breve termine a tasso fisso - valuta estera
6.01.01.02.002,E,6,01,Emissione di titoli obbligazionari a breve termine a tasso variabile - valuta estera
6.01.02.01.001,E,6,01,Emissione di titoli obbligazionari a medio-lungo termine a tasso fisso - valuta domestica
6.01.02.01.002,E,6,01,Emissione di titoli obbligazionari a medio-lungo termine a tasso variabile - valuta domestica
6.01.02.02.001,E,6,01,Emissione di titoli obbligazionari a medio-lungo termine a tasso fisso - valuta estera
6.01.02.02.002,E,6,01,Emissione di titoli obbligazionari a medio-lungo termine a tasso variabile - valuta estera
6.02.01.01.001,E,6,02,Finanziamenti a breve termine da Ministeri
6.02.01.01.002,E,6,02,Finanziamenti a breve termine da Presidenza del Consiglio dei Ministri
6.02.01.01.003,E,6,02,Finanziamenti a breve termine da Organi Costituzionali e di rilievo costituzionale
6.02.01.01.004,E,6,02,Finanziamenti a breve termine da Agenzie Fiscali
6.02.01.01.005,E,6,02,Finanziamenti a breve termine da enti di regolazione dell'attività economica
6.02.01.01.006,E,6,02,Finanziamenti a breve termine da Gruppo Equitalia
6.02.01.01.007,E,6,02,Finanziamenti a breve termine da Anas S.p.A.
6.02.01.01.008,E,6,02,Finanziamenti a breve termine da altri enti centrali produttori di servizi economici
6.02.01.01.009,E,6,02,Finanziamenti a breve termine da autorità amministrative indipendenti
6.02.01.01.010,E,6,02,Finanziamenti a breve termine da enti centrali a struttura associativa
6.02.01.01.011,E,6,02,"Finanziamenti a breve termine da enti centrali produttori di servizi assistenziali, ricreativi e culturali"
6.02.01.01.012,E,6,02,Finanziamenti a breve termine da enti e istituzioni centrali di ricerca e Istituti e stazioni sperimentali per la ricerca
6.02.01.01.999,E,6,02,Finanziamenti a breve termine da altre Amministrazioni Centrali n.a.c.
6.02.01.02.001,E,6,02,Finanziamenti a breve termine da Regioni e province autonome
6.02.01.02.002,E,6,02,Finanziamenti a breve termine da Province
6.02.01.02.003,E,6,02,Finanziamenti a breve termine da Comuni
6.02.01.02.004,E,6,02,Finanziamenti a breve termine da Città metropolitane e Roma capitale
6.02.01.02.005,E,6,02,Finanziamenti a breve termine da Unioni di Comuni
6.02.01.02.006,E,6,02,Finanziamenti a breve termine da Comunità Montane
6.02.01.02.007,E,6,02,Finanziamenti a breve termine da Camere di Commercio
6.02.01.02.008,E,6,02,Finanziamenti a breve termine da Università
6.02.01.02.009,E,6,02,Finanziamenti a breve termine da Parchi nazionali e consorzi ed enti autonomi gestori di parchi e aree naturali protette
6.02.01.02.010,E,6,02,Finanziamenti a breve termine da Autorità Portuali
6.02.01.02.011,E,6,02,Finanziamenti a breve termine da Aziende sanitarie locali
6.02.01.02.012,E,6,02,Finanziamenti a breve termine da Aziende ospedaliere e Aziende ospedaliere universitarie integrate con il SSN
6.02.01.02.013,E,6,02,Finanziamenti a breve termine da Policlinici
6.02.01.02.014,E,6,02,Finanziamenti a breve termine da Istituti di ricovero e cura a carattere scientifico pubblici
6.02.01.02.015,E,6,02,Finanziamenti a breve termine da altre Amministrazioni Locali produttrici di servizi sanitari
6.02.01.02.016,E,6,02,Finanziamenti a breve termine da Agenzie regionali per le erogazioni in agricoltura
6.02.01.02.017,E,6,02,Finanziamenti a breve termine da altri enti e agenzie regionali e sub regionali
6.02.01.02.018,E,6,02,Finanziamenti a breve termine da Consorzi di enti locali
6.02.01.02.019,E,6,02,Finanziamenti a breve termine da Fondazioni e istituzioni liriche locali e da teatri stabili di iniziativa pubblica
6.02.01.02.999,E,6,02,Finanziamenti a breve termine da altre Amministrazioni Locali n.a.c.
6.02.01.03.001,E,6,02,Finanziamenti a breve termine da INPS
6.02.01.03.002,E,6,02,Finanziamenti a breve termine da INAIL
6.02.01.03.999,E,6,02,Finanziamenti a breve termine da altri Enti di Previdenza n.a.c.
6.02.01.04.001,E,6,02,Finanziamenti a breve termine da imprese controllate
6.02.01.04.002,E,6,02,Finanziamenti a breve termine da altre imprese partecipate
6.02.01.04.999,E,6,02,Finanziamenti a breve termine da altre imprese
6.02.01.99.001,E,6,02,Finanziamenti a breve termine da altri soggetti
6.02.02.01.001,E,6,02,Anticipazioni da Amministrazioni Centrali
6.02.02.01.002,E,6,02,Anticipazioni da Amministrazioni Locali
6.02.02.01.003,E,6,02,Anticipazioni da Enti di Previdenza
6.02.02.01.999,E,6,02,Anticipazioni da altri soggetti
6.02.02.02.001,E,6,02,Anticipazioni da Amministrazioni Centrali
6.02.02.02.002,E,6,02,Anticipazioni da Amministrazioni Locali
6.02.02.02.003,E,6,02,Anticipazioni da Enti di Previdenza
6.02.02.02.999,E,6,02,Anticipazioni da altri soggetti
6.03.01.01.001,E,6,03,Accensione mutui e altri finanziamenti a medio lungo termine da Ministeri
6.03.01.01.002,E,6,03,Accensione mutui e altri finanziamenti a medio lungo termine da Presidenza del Consiglio dei Ministri
6.03.01.01.003,E,6,03,Accensione mutui e altri finanziamenti a medio lungo termine da Organi Costituzionali e di rilievo costituzionale
6.03.01.01.004,E,6,03,Accensione mutui e altri finanziamenti a medio lungo termine da Agenzie Fiscali
6.03.01.01.005,E,6,03,Accensione mutui e altri finanziamenti a medio lungo termine da enti di regolazione dell'attività economica
6.03.01.01.006,E,6,03,Accensione mutui e altri finanziamenti a medio lungo termine da Gruppo Equitalia
6.03.01.01.007,E,6,03,Accensione mutui e altri finanziamenti a medio lungo termine da Anas S.p.A.
6.03.01.01.008,E,6,03,Accensione mutui e altri finanziamenti a medio lungo termine da altri enti centrali produttori di servizi economici
6.03.01.01.009,E,6,03,Accensione mutui e altri finanziamenti a medio lungo termine da autorità amministrative indipendenti
6.03.01.01.010,E,6,03,Accensione mutui e altri finanziamenti a medio lungo termine da enti centrali a struttura associativa
6.03.01.01.011,E,6,03,"Accensione mutui e altri finanziamenti a medio lungo termine da enti centrali produttori di servizi assistenziali, ricreativi e culturali"
6.03.01.01.012,E,6,03,Accensione mutui e altri finanziamenti a medio lungo termine da enti e istituzioni centrali di ricerca e Istituti e stazioni sperimentali per la ricerca
6.03.01.01.999,E,6,03,Accensione mutui e altri finanziamenti a medio lungo termine da altre Amministrazioni Centrali n.a.c.
6.03.01.02.001,E,6,03,Accensione mutui e altri finanziamenti a medio lungo termine da Regioni e province autonome
6.03.01.02.002,E,6,03,Accensione mutui e altri finanziamenti a medio lungo termine da Province
6.03.01.02.003,E,6,03,Accensione mutui e altri finanziamenti a medio lungo termine da Comuni
6.03.01.02.004,E,6,03,Accensione mutui e altri finanziamenti a medio lungo termine da Città metropolitane e Roma capitale
6.03.01.02.005,E,6,03,Accensione mutui e altri finanziamenti a medio lungo termine da Unioni di Comuni
6.03.01.02.006,E,6,03,Accensione mutui e altri finanziamenti a medio lungo termine da Comunità Montane
6.03.01.02.007,E,6,03,Accensione mutui e altri finanziamenti a medio lungo termine da Camere di Commercio
6.03.01.02.008,E,6,03,Accensione mutui e altri finanziamenti a medio lungo termine da Università
6.03.01.02.009,E,6,03,Accensione mutui e altri finanziamenti a medio lungo termine da Parchi nazionali e consorzi ed enti autonomi gestori di parchi e aree naturali protette
6.03.01.02.010,E,6,03,Accensione mutui e altri finanziamenti a medio lungo termine da Autorità Portuali
6.03.01.02.011,E,6,03,Accensione mutui e altri finanziamenti a medio lungo termine da Aziende sanitarie locali
6.03.01.02.012,E,6,03,Accensione mutui e altri finanziamenti a medio lungo termine da Aziende ospedaliere e Aziende ospedaliere universitarie integrate con il SSN
6.03.01.02.013,E,6,03,Accensione mutui e altri finanziamenti a medio lungo termine da Policlinici
6.03.01.02.014,E,6,03,Accensione mutui e altri finanziamenti a medio lungo termine da Istituti di ricovero e cura a carattere scientifico pubblici
6.03.01.02.015,E,6,03,Accensione mutui e altri finanziamenti a medio lungo termine da altre Amministrazioni Locali produttrici di servizi sanitari
6.03.01.02.016,E,6,03,Accensione mutui e altri finanziamenti a medio lungo termine da Agenzie regionali per le erogazioni in agricoltura
6.03.01.02.017,E,6,03,Accensione mutui e altri finanziamenti a medio lungo termine da altri enti e agenzie regionali e sub regionali
6.03.01.02.018,E,6,03,Accensione mutui e altri finanziamenti a medio lungo termine da Consorzi di enti locali
6.03.01.02.019,E,6,03,Accensione mutui e altri finanziamenti a medio lungo termine da Fondazioni e istituzioni liriche locali e da teatri stabili di iniziativa pubblica
6.03.01.02.999,E,6,03,Accensione mutui e altri finanziamenti a medio lungo termine da altre Amministrazioni Locali n.a.c.
6.03.01.03.001,E,6,03,Accensione mutui e altri finanziamenti a medio lungo termine da INPS
6.03.01.03.002,E,6,03,Accensione mutui e altri finanziamenti a medio lungo termine da INAIL
6.03.01.03.999,E,6,03,Accensione mutui e altri finanziamenti a medio lungo termine da altri Enti di Previdenza n.a.c.
6.03.01.04.001,E,6,03,Accensione mutui e altri finanziamenti a medio lungo termine da imprese controllate
6.03.01.04.002,E,6,03,Accensione mutui e altri finanziamenti a medio lungo termine da altre imprese partecipate
6.03.01.04.003,E,6,03,Accensione mutui e altri finanziamenti a medio lungo termine da Cassa Depositi e Prestiti - SPA
6.03.01.04.999,E,6,03,Accensione mutui e altri finanziamenti a medio lungo termine da altre imprese
6.03.01.05.001,E,6,03,Accensione mutui e altri finanziamenti a medio lungo termine da altri soggetti con controparte residente
6.03.01.06.001,E,6,03,Accensione mutui e altri finanziamenti a medio lungo termine da altri soggetti con controparte non residente
6.03.02.01.001,E,6,03,Accensione prestiti da attualizzazione Contributi Pluriennali
6.03.03.01.001,E,6,03,Accensione prestiti concessi da Ministeri a seguito di escussione di garanzie
6.03.03.01.002,E,6,03,Accensione prestiti concessi da Presidenza del Consiglio dei Ministri a seguito di escussione di garanzie
6.03.03.01.003,E,6,03,Accensione prestiti concessi da Organi Costituzionali e di rilievo costituzionale a seguito di escussione di garanzie
6.03.03.01.004,E,6,03,Accensione prestiti concessi da Agenzie Fiscali a seguito di escussione di garanzie
6.03.03.01.005,E,6,03,Accensione prestiti concessi da enti di regolazione dell'attività economica a seguito di escussione di garanzie
6.03.03.01.006,E,6,03,Accensione prestiti concessi da Gruppo Equitalia a seguito di escussione di garanzie
6.03.03.01.007,E,6,03,Accensione prestiti concessi da Anas S.p.A. a seguito di escussione di garanzie
6.03.03.01.008,E,6,03,Accensione prestiti concessi da altri enti centrali produttori di servizi economici a seguito di escussione di garanzie
6.03.03.01.009,E,6,03,Accensione prestiti concessi da autorità amministrative indipendenti a seguito di escussione di garanzie
6.03.03.01.010,E,6,03,Accensione prestiti concessi da enti centrali a struttura associativa a seguito di escussione di garanzie
6.03.03.01.011,E,6,03,"Accensione prestiti concessi da enti centrali produttori di servizi assistenziali, ricreativi e culturali a seguito di escussione di garanzie"
6.03.03.01.012,E,6,03,Accensione prestiti concessi da enti e istituzioni centrali di ricerca e Istituti e stazioni sperimentali per la ricerca a seguito di escussione di garanzie
6.03.03.01.999,E,6,03,Accensione prestiti concessi da altre Amministrazioni Centrali n.a.c. a seguito di escussione di garanzie
6.03.03.02.001,E,6,03,Accensione prestiti concessi da Regioni e province autonome a seguito di escussione di garanzie
6.03.03.02.002,E,6,03,Accensione prestiti concessi da Province a seguito di escussione di garanzie
6.03.03.02.003,E,6,03,Accensione prestiti concessi da Comuni a seguito di escussione di garanzie
6.03.03.02.004,E,6,03,Accensione prestiti concessi da Città metropolitane e Roma capitale a seguito di escussione di garanzie
6.03.03.02.005,E,6,03,Accensione prestiti concessi da Unioni di Comuni a seguito di escussione di garanzie
6.03.03.02.006,E,6,03,Accensione prestiti concessi da Comunità Montane a seguito di escussione di garanzie
6.03.03.02.007,E,6,03,Accensione prestiti concessi da Camere di Commercio a seguito di escussione di garanzie
6.03.03.02.008,E,6,03,Accensione prestiti concessi da Università a seguito di escussione di garanzie
6.03.03.02.009,E,6,03,Accensione prestiti concessi da Parchi nazionali e consorzi ed enti autonomi gestori di parchi e aree naturali protette a seguito di escussione di garanzie
6.03.03.02.010,E,6,03,Accensione prestiti concessi da Autorità Portuali a seguito di escussione di garanzie
6.03.03.02.011,E,6,03,Accensione prestiti concessi da Aziende sanitarie locali  a seguito di escussione di garanzie
6.03.03.02.012,E,6,03,Accensione prestiti concessi da Aziende ospedaliere e Aziende ospedaliere universitarie integrate con il SSN a seguito di escussione di garanzie
6.03.03.02.013,E,6,03,Accensione prestiti concessi da Policlinici a seguito di escussione di garanzie
6.03.03.02.014,E,6,03,Accensione prestiti concessi da Istituti di ricovero e cura a carattere scientifico pubblici a seguito di escussione di garanzie
6.03.03.02.015,E,6,03,Accensione prestiti concessi da altre Amministrazioni Locali produttrici di servizi sanitari a seguito di escussione di garanzie
6.03.03.02.016,E,6,03,Accensione prestiti concessi da Agenzie regionali per le erogazioni in agricoltura a seguito di escussione di garanzie
6.03.03.02.017,E,6,03,Accensione prestiti concessi da altri enti e agenzie regionali e sub regionali a seguito di escussione di garanzie
6.03.03.02.018,E,6,03,Accensione prestiti concessi da Consorzi di enti locali a seguito di escussione di garanzie
6.03.03.02.019,E,6,03,Accensione prestiti concessi da Fondazioni e istituzioni liriche locali e da teatri stabili di iniziativa pubblica a seguito di escussione di garanzie
6.03.03.02.999,E,6,03,Accensione prestiti concessi da altre Amministrazioni Locali n.a.c. a seguito di escussione di garanzie
6.03.03.03.001,E,6,03,Accensione prestiti concessi da INPS a seguito di escussione di garanzie
6.03.03.03.002,E,6,03,Accensione prestiti concessi da INAIL a seguito di escussione di garanzie
6.03.03.03.999,E,6,03,Accensione prestiti concessi da altri Enti di Previdenza n.a.c. a seguito di escussione di garanzie
6.03.03.04.001,E,6,03,Accensione prestiti concessi da imprese controllate a seguito di escussione di garanzie
6.03.03.04.002,E,6,03,Accensione prestiti concessi da altre imprese partecipate a seguito di escussione di garanzie
6.03.03.04.999,E,6,03,Accensione prestiti concessi da altre imprese a seguito di escussione di garanzie
6.03.03.99.001,E,6,03,Accensione prestiti concessi da altri soggetti a seguito di escussione di garanzie
6.04.02.01.001,E,6,04,Accensione Prestiti - Leasing finanziario
6.04.03.01.001,E,6,04,Accensione Prestiti - Operazioni di cartolarizzazione finanziaria
6.04.03.02.001,E,6,04,Accensione Prestiti - Operazioni di cartolarizzazione immobiliare
6.04.04.01.001,E,6,04,Accensione Prestiti - Derivati
7.01.01.01.001,E,7,01,Anticipazioni da istituto tesoriere/cassiere
9.01.01.01.001,E,9,01,Ritenuta del 4% sui contributi pubblici
9.01.01.02.001,E,9,01,Ritenute per scissione contabile IVA (split payment)
9.01.01.99.001,E,9,01,Ritenute erariali su prestazioni sociali
9.01.01.99.999,E,9,01,Altre ritenute n.a.c.
9.01.02.01.001,E,9,01,Ritenute erariali su redditi da lavoro dipendente per conto terzi
9.01.02.02.001,E,9,01,Ritenute previdenziali e assistenziali su redditi da lavoro dipendente per conto terzi
9.01.02.99.999,E,9,01,Altre ritenute al personale dipendente per conto di terzi
9.01.03.01.001,E,9,01,Ritenute erariali su redditi da lavoro autonomo per conto terzi
9.01.03.02.001,E,9,01,Ritenute previdenziali e assistenziali su redditi da lavoro autonomo per conto terzi
9.01.03.99.999,E,9,01,Altre ritenute al personale con contratto di lavoro autonomo per conto di terzi
9.01.04.01.001,E,9,01,Finanziamento regionale aggiuntivo sanità - per equilibri di sistema
9.01.04.02.001,E,9,01,Finanziamento regionale aggiuntivo sanità - quota manovra per equilibri di sistema
9.01.04.99.999,E,9,01,Finanziamento regionale aggiuntivo sanità n.a.c.
9.01.99.01.001,E,9,01,Entrate a seguito di spese non andate a buon fine
9.01.99.02.001,E,9,01,Anticipazioni sanità della tesoreria statale
9.01.99.03.001,E,9,01,Rimborso di fondi economali e carte aziendali
9.01.99.04.001,E,9,01,Reintegro disponibilità dal conto sanità al conto non sanità della Regione
9.01.99.05.001,E,9,01,Reintegro disponibilità dal conto non sanità al conto sanità della Regione
9.01.99.06.001,E,9,01,Destinazione incassi vincolati a  spese correnti ai sensi dell’art. 195 del TUEL
9.01.99.06.002,E,9,01,Reintegro incassi vincolati ai sensi dell’art. 195 del TUEL
9.01.99.99.999,E,9,01,Altre entrate per partite di giro diverse
9.02.01.01.001,E,9,02,Rimborso per acquisti di beni per conto di terzi
9.02.01.02.001,E,9,02,Rimborso per acquisto di servizi per conto di terzi
9.02.02.01.001,E,9,02,Trasferimenti da Ministeri per operazioni conto terzi
9.02.02.01.003,E,9,02,Trasferimenti da Presidenza del Consiglio dei Ministri per operazioni conto terzi
9.02.02.01.004,E,9,02,Trasferimenti da Organi Costituzionali e di rilievo costituzionale per operazioni conto terzi
9.02.02.01.005,E,9,02,Trasferimenti da Agenzie Fiscali per operazioni conto terzi
9.02.02.01.006,E,9,02,Trasferimenti da enti di regolazione dell'attività economica per operazioni conto terzi
9.02.02.01.007,E,9,02,Trasferimenti da Gruppo Equitalia per operazioni conto terzi
9.02.02.01.008,E,9,02,Trasferimenti da Anas S.p.A. per operazioni conto terzi
9.02.02.01.009,E,9,02,Trasferimenti da altri enti centrali produttori di servizi economici per operazioni conto terzi
9.02.02.01.010,E,9,02,Trasferimenti da autorità amministrative indipendenti per operazioni conto terzi
9.02.02.01.011,E,9,02,Trasferimenti da enti centrali a struttura associativa per operazioni conto terzi
9.02.02.01.012,E,9,02,"Trasferimenti da enti centrali produttori di servizi assistenziali, ricreativi e culturali per operazioni conto terzi"
9.02.02.01.013,E,9,02,Trasferimenti da enti e istituzioni centrali di ricerca e Istituti e stazioni sperimentali per la ricerca per operazioni conto terzi
9.02.02.01.999,E,9,02,Trasferimenti da altre Amministrazioni Centrali n.a.c. per operazioni conto terzi
9.02.02.02.001,E,9,02,Trasferimenti da Regioni e province autonome per operazioni conto terzi
9.02.02.02.002,E,9,02,Trasferimenti da Province per operazioni conto terzi
9.02.02.02.003,E,9,02,Trasferimenti da Comuni per operazioni conto terzi
9.02.02.02.004,E,9,02,Trasferimenti da Città metropolitane e Roma capitale per operazioni conto terzi
9.02.02.02.005,E,9,02,Trasferimenti da Unioni di Comuni per operazioni conto terzi
9.02.02.02.006,E,9,02,Trasferimenti da Comunità Montane per operazioni conto terzi
9.02.02.02.007,E,9,02,Trasferimenti da Camere di Commercio per operazioni conto terzi
9.02.02.02.008,E,9,02,Trasferimenti da Università per operazioni conto terzi
9.02.02.02.009,E,9,02,Trasferimenti da Parchi nazionali e consorzi ed enti autonomi gestori di parchi e aree naturali protette per operazioni conto terzi
9.02.02.02.010,E,9,02,Trasferimenti da Autorità Portuali per operazioni conto terzi
9.02.02.02.011,E,9,02,Trasferimenti da Aziende sanitarie locali  per operazioni conto terzi
9.02.02.02.012,E,9,02,Trasferimenti da Aziende ospedaliere e Aziende ospedaliere universitarie integrate con il SSN per operazioni conto terzi
9.02.02.02.013,E,9,02,Trasferimenti da policlinici per operazioni conto terzi
9.02.02.02.014,E,9,02,Trasferimenti da Istituti di ricovero e cura a carattere scientifico pubblici per operazioni conto terzi
9.02.02.02.015,E,9,02,Trasferimenti da altre Amministrazioni Locali produttrici di servizi sanitari per operazioni conto terzi
9.02.02.02.016,E,9,02,Trasferimenti da Agenzie regionali per le erogazioni in agricoltura per operazioni conto terzi
9.02.02.02.017,E,9,02,Trasferimenti da altri enti e agenzie regionali e sub regionali per operazioni conto terzi
9.02.02.02.018,E,9,02,Trasferimenti da Consorzi di enti locali per operazioni conto terzi
9.02.02.02.019,E,9,02,Trasferimenti da Fondazioni e istituzioni liriche locali e da teatri stabili di iniziativa pubblica per operazioni conto terzi
9.02.02.02.999,E,9,02,Trasferimenti da altre Amministrazioni Locali n.a.c. per operazioni conto terzi
9.02.02.03.001,E,9,02,Trasferimenti da INPS per operazioni conto terzi
9.02.02.03.002,E,9,02,Trasferimenti da INAIL per operazioni conto terzi
9.02.02.03.999,E,9,02,Trasferimenti da altri Enti di Previdenza n.a.c. per operazioni conto terzi
9.02.03.01.001,E,9,02,Trasferimenti da Famiglie per operazioni conto terzi
9.02.03.02.001,E,9,02,Trasferimenti da imprese controllate per operazioni conto terzi
9.02.03.02.002,E,9,02,Trasferimenti da altre imprese partecipate per operazioni conto terzi
9.02.03.02.999,E,9,02,Trasferimenti da altre imprese per operazioni conto terzi
9.02.03.03.001,E,9,02,Trasferimenti da Istituzioni Sociali Private  per operazioni conto terzi
9.02.03.04.001,E,9,02,Trasferimenti dall'Unione Europea e dal Resto del Mondo per operazioni conto terzi
9.02.04.01.001,E,9,02,Costituzione di depositi cauzionali o contrattuali di terzi
9.02.04.02.001,E,9,02,Restituzione di depositi cauzionali o contrattuali presso terzi
9.02.05.01.001,E,9,02,Riscossione di imposte di natura corrente per conto di terzi
9.02.05.02.001,E,9,02,Riscossione di imposte in conto capitale per conto di terzi
9.02.99.99.999,E,9,02,Altre entrate per conto terzi
0.00.00.99.995,None,,,INCASSI DA REGOLARIZZARE DERIVANTI DALLA  DESTINAZIONE DI INCASSI VINCOLATI A SPESE CORRENTI (riscossioni codificate dal tesoriere solo per gli enti locali)
0.00.00.99.996,None,,,INCASSI DA REGOLARIZZARE DERIVANTI DAL REINTEGRO DI INCASSI VINCOLATI (riscossioni codificate dal tesoriere solo per gli enti locali)
0.00.00.99.998,None,,,INCASSI DA REGOLARIZZARE DERIVANTI DALLE ANTICIPAZIONI DI CASSA  (riscossioni codificate dal tesoriere)
0.00.00.99.999,None,,,ALTRI INCASSI DA REGOLARIZZARE (riscossioni codificate dal tesoriere)
1.01.01.01.001,U,1,01,Arretrati per anni precedenti corrisposti al personale a tempo indeterminato
1.01.01.01.002,U,1,01,Voci stipendiali corrisposte al personale a tempo indeterminato
1.01.01.01.003,U,1,01,Straordinario per il personale a tempo indeterminato
1.01.01.01.004,U,1,01,"Indennità ed altri compensi, esclusi i rimborsi spesa per missione, corrisposti al personale a tempo indeterminato"
1.01.01.01.005,U,1,01,Arretrati per anni precedenti corrisposti al personale a tempo determinato
1.01.01.01.006,U,1,01,Voci stipendiali corrisposte al personale a tempo determinato
1.01.01.01.007,U,1,01,Straordinario per il personale a tempo determinato
1.01.01.01.008,U,1,01,"Indennità ed altri compensi, esclusi i rimborsi spesa documentati per missione, corrisposti al personale a tempo determinato"
1.01.01.01.009,U,1,01,Assegni di ricerca
1.01.01.02.001,U,1,01,"Contributi per asili nido e strutture sportive, ricreative o di vacanza messe a disposizione dei lavoratori dipendenti e delle loro famiglie e altre spese per il benessere del personale"
1.01.01.02.002,U,1,01,Buoni pasto
1.01.01.02.999,U,1,01,Altre spese per il personale n.a.c.
1.01.02.01.001,U,1,01,Contributi obbligatori per il personale
1.01.02.01.002,U,1,01,Contributi previdenza complementare
1.01.02.01.003,U,1,01,Contributi per Indennità di fine rapporto erogata tramite INPS
1.01.02.01.999,U,1,01,Altri contributi sociali effettivi n.a.c.
1.01.02.02.001,U,1,01,Assegni familiari
1.01.02.02.002,U,1,01,Equo indennizzo
1.01.02.02.004,U,1,01,Oneri per il personale in quiescenza
1.01.02.02.005,U,1,01,Arretrati per oneri per il personale in quiescenza
1.01.02.02.999,U,1,01,Contributi erogati direttamente al proprio personale n.a.c.
1.02.01.01.001,U,1,02,Imposta regionale sulle attività produttive (IRAP)
1.02.01.02.001,U,1,02,Imposta di registro e di bollo
1.02.01.03.001,U,1,02,Imposta comunale sulla pubblicità e diritto sulle pubbliche affissioni
1.02.01.04.001,U,1,02,Tributo speciale per il deposito in discarica dei rifiuti solidi
1.02.01.05.001,U,1,02,Tributo funzione tutela e protezione ambiente
1.02.01.06.001,U,1,02,Tassa e/o tariffa smaltimento rifiuti solidi urbani
1.02.01.07.001,U,1,02,Tassa e/o canone occupazione spazi e aree pubbliche
1.02.01.08.001,U,1,02,Tassa sulle emissioni di anidride solforosa
1.02.01.09.001,U,1,02,Tassa di circolazione dei veicoli a motore (tassa automobilistica)
1.02.01.10.001,U,1,02,Imposta sul reddito delle persone giuridiche (ex IRPEG)
1.02.01.11.001,U,1,02,Imposta comunale sugli immobili (ICI)
1.02.01.12.001,U,1,02,Imposta Municipale Propria
1.02.01.13.001,U,1,02,Imposta sulle plusvalenze da cessione di attività finanziarie
1.02.01.14.001,U,1,02,Tributi sulle successioni e donazioni
1.02.01.99.999,U,1,02,"Imposte, tasse e proventi assimilati a carico dell'ente n.a.c."
1.03.01.01.001,U,1,03,Giornali e riviste
1.03.01.01.002,U,1,03,Pubblicazioni
1.03.01.02.001,U,1,03,"Carta, cancelleria e stampati"
1.03.01.02.002,U,1,03,"Carburanti, combustibili e lubrificanti"
1.03.01.02.003,U,1,03,Equipaggiamento
1.03.01.02.004,U,1,03,Vestiario
1.03.01.02.005,U,1,03,Accessori per uffici e alloggi
1.03.01.02.006,U,1,03,Materiale informatico
1.03.01.02.007,U,1,03,Altri materiali tecnico-specialistici non sanitari
1.03.01.02.008,U,1,03,Strumenti tecnico-specialistici non sanitari
1.03.01.02.009,U,1,03,Beni per attività di rappresentanza
1.03.01.02.010,U,1,03,Beni per consultazioni elettorali
1.03.01.02.011,U,1,03,Generi alimentari
1.03.01.02.012,U,1,03,Accessori per attività sportive e ricreative
1.03.01.02.014,U,1,03,Stampati specialistici
1.03.01.02.999,U,1,03,Altri beni e materiali di consumo n.a.c.
1.03.01.03.001,U,1,03,Fauna selvatica e non selvatica
1.03.01.03.002,U,1,03,Flora selvatica e non selvatica
1.03.01.04.001,U,1,03,Armi leggere (uso singolo) e munizioni
1.03.01.04.999,U,1,03,"Altro materiale per usi militari, ordine pubblico, sicurezza n.a.c."
1.03.01.05.001,U,1,03,Prodotti farmaceutici ed emoderivati
1.03.01.05.002,U,1,03,Sangue ed emocomponenti
1.03.01.05.003,U,1,03,Dispositivi medici
1.03.01.05.004,U,1,03,Prodotti dietetici
1.03.01.05.005,U,1,03,Materiali per la profilassi (Vaccini)
1.03.01.05.006,U,1,03,Prodotti chimici
1.03.01.05.007,U,1,03,Materali e prodotti per uso veterinario
1.03.01.05.999,U,1,03,Altri beni e prodotti sanitari n.a.c.
1.03.02.01.001,U,1,03,Organi istituzionali dell'amministrazione - Indennità
1.03.02.01.002,U,1,03,Organi istituzionali dell'amministrazione - Rimborsi
1.03.02.01.007,U,1,03,Commissioni elettorali
1.03.02.01.008,U,1,03,"Compensi agli organi istituzionali di revisione, di controllo ed altri incarichi istituzionali dell'amministrazione"
1.03.02.02.001,U,1,03,Rimborso per viaggio e trasloco
1.03.02.02.002,U,1,03,Indennità di missione e di trasferta
1.03.02.02.004,U,1,03,Pubblicità
1.03.02.02.005,U,1,03,Organizzazione e partecipazione a manifestazioni e convegni
1.03.02.02.999,U,1,03,"Altre spese per relazioni pubbliche, convegni e mostre, pubblicità n.a.c"
1.03.02.03.999,U,1,03,Altri aggi di riscossione n.a.c.
1.03.02.04.004,U,1,03,Acquisto di servizi per formazione obbligatoria
1.03.02.04.999,U,1,03,Acquisto di servizi per altre spese per formazione e addestramento n.a.c.
1.03.02.05.001,U,1,03,Telefonia fissa
1.03.02.05.002,U,1,03,Telefonia mobile
1.03.02.05.003,U,1,03,Accesso a banche dati e a pubblicazioni on line
1.03.02.05.004,U,1,03,Energia elettrica
1.03.02.05.005,U,1,03,Acqua
1.03.02.05.006,U,1,03,Gas
1.03.02.05.007,U,1,03,Spese di condominio
1.03.02.05.999,U,1,03,Utenze e canoni per altri servizi n.a.c.
1.03.02.06.001,U,1,03,Canoni Disponibilità
1.03.02.06.002,U,1,03,Canoni Servizi
1.03.02.06.999,U,1,03,Altri canoni per progetti in partenariato pubblico-privato
1.03.02.07.001,U,1,03,Locazione di beni immobili
1.03.02.07.002,U,1,03,Noleggi di mezzi di trasporto
1.03.02.07.003,U,1,03,Noleggi di attrezzature scientifiche e sanitarie
1.03.02.07.004,U,1,03,Noleggi di hardware
1.03.02.07.005,U,1,03,Fitti di terreni e giacimenti
1.03.02.07.006,U,1,03,Licenze d'uso per software
1.03.02.07.007,U,1,03,Altre licenze
1.03.02.07.008,U,1,03,Noleggi di impianti e macchinari
1.03.02.07.009,U,1,03,Locazione di beni immobili nell'ambito di operazioni di lease back
1.03.02.07.999,U,1,03,Altre spese sostenute per utilizzo di beni di terzi n.a.c.
1.03.02.08.001,U,1,03,Leasing operativo di mezzi di trasporto
1.03.02.08.002,U,1,03,Leasing operativo di attrezzature e macchinari
1.03.02.08.999,U,1,03,Leasing operativo di altri beni
1.03.02.09.001,U,1,03,"Manutenzione ordinaria e riparazioni di mezzi di trasporto ad uso civile, di sicurezza e ordine pubblico"
1.03.02.09.002,U,1,03,Manutenzione ordinaria e riparazioni di mezzi di trasporto ad uso militare
1.03.02.09.003,U,1,03,Manutenzione ordinaria e riparazioni di mobili e arredi
1.03.02.09.004,U,1,03,Manutenzione ordinaria e riparazioni di impianti e macchinari
1.03.02.09.005,U,1,03,Manutenzione ordinaria e riparazioni di attrezzature scientifiche e sanitarie
1.03.02.09.006,U,1,03,Manutenzione ordinaria e riparazioni di macchine per ufficio
1.03.02.09.007,U,1,03,Manutenzione ordinaria e riparazioni di armi
1.03.02.09.008,U,1,03,Manutenzione ordinaria e riparazioni di beni immobili
1.03.02.09.009,U,1,03,"Manutenzione ordinaria e riparazioni di beni immobili di valore culturale, storico ed artistico"
1.03.02.09.010,U,1,03,Manutenzione ordinaria e riparazioni di oggetti di valore
1.03.02.09.011,U,1,03,Manutenzione ordinaria e riparazioni di altri beni materiali
1.03.02.09.012,U,1,03,Manutenzione ordinaria e riparazioni di terreni e beni materiali non prodotti
1.03.02.10.001,U,1,03,"Incarichi libero professionali di studi, ricerca e consulenza"
1.03.02.10.002,U,1,03,"Esperti per commissioni, comitati e consigli"
1.03.02.10.003,U,1,03,"Incarichi a società di studi, ricerca e consulenza"
1.03.02.11.001,U,1,03,Interpretariato e traduzioni
1.03.02.11.002,U,1,03,"Assistenza psicologica, sociale e religiosa"
1.03.02.11.003,U,1,03,Assistenza medica e psicologica per i detenuti
1.03.02.11.004,U,1,03,Perizie
1.03.02.11.005,U,1,03,Servizi investigativi e intercettazioni
1.03.02.11.006,U,1,03,Patrocinio legale
1.03.02.11.007,U,1,03,Patrocinio legale gratuito a carico dello Stato
1.03.02.11.008,U,1,03,"Prestazioni di natura contabile, tributaria e del lavoro"
1.03.02.11.009,U,1,03,Prestazioni tecnico-scientifiche a fini di ricerca
1.03.02.11.010,U,1,03,"Deposito, mantenimento e tutela dei brevetti"
1.03.02.11.999,U,1,03,Altre prestazioni professionali e specialistiche n.a.c.
1.03.02.12.001,U,1,03,Acquisto di servizi da agenzie di lavoro interinale
1.03.02.12.002,U,1,03,Quota LSU in carico all'ente
1.03.02.12.003,U,1,03,Collaborazioni coordinate e a progetto
1.03.02.12.004,U,1,03,Tirocini formativi extracurriculari
1.03.02.12.999,U,1,03,Altre forme di lavoro flessibile n.a.c.
1.03.02.13.001,U,1,03,"Servizi di sorveglianza, custodia e accoglienza"
1.03.02.13.002,U,1,03,Servizi di pulizia e lavanderia
1.03.02.13.003,U,1,03,"Trasporti, traslochi e facchinaggio"
1.03.02.13.004,U,1,03,Stampa e rilegatura
1.03.02.13.005,U,1,03,Servizi ausiliari a beneficio del personale
1.03.02.13.006,U,1,03,Rimozione e smaltimento di rifiuti tossico-nocivi e di altri materiali
1.03.02.13.999,U,1,03,Altri servizi ausiliari n.a.c.
1.03.02.14.001,U,1,03,Servizio mense personale militare
1.03.02.14.002,U,1,03,Servizio mense personale civile
1.03.02.14.003,U,1,03,Servizio mense detenuti e sottoposti a fermo di polizia
1.03.02.14.999,U,1,03,Altri servizi di ristorazione
1.03.02.15.001,U,1,03,Contratti di servizio di trasporto pubblico
1.03.02.15.002,U,1,03,Contratti di servizio di trasporto scolastico
1.03.02.15.003,U,1,03,Contratti di servizio per il trasporto di disabili e anziani
1.03.02.15.004,U,1,03,Contratti di servizio per la raccolta rifiuti
1.03.02.15.005,U,1,03,Contratti di servizio per il conferimento in discarica dei rifiuti
1.03.02.15.006,U,1,03,Contratti di servizio per le mense scolastiche
1.03.02.15.007,U,1,03,Contratti di servizio per la formazione dei cittadini
1.03.02.15.008,U,1,03,Contratti di servizio di assistenza sociale residenziale e semiresidenziale
1.03.02.15.009,U,1,03,Contratti di servizio di assistenza sociale domiciliare
1.03.02.15.010,U,1,03,Contratti di servizio di asilo nido
1.03.02.15.011,U,1,03,Contratti di servizio per la lotta al randagismo
1.03.02.15.012,U,1,03,Contratti di servizio per la gestione delle aree di sosta a pagamento
1.03.02.15.013,U,1,03,Contratti di servizio per la gestione del servizio idrico inegrato
1.03.02.15.014,U,1,03,Contratti di servizio  per la distribuzione del gas
1.03.02.15.015,U,1,03,Contratti di servizio per l'illuminazione pubblica
1.03.02.15.999,U,1,03,Altre spese per contratti di servizio pubblico
1.03.02.16.001,U,1,03,Pubblicazione bandi di gara
1.03.02.16.002,U,1,03,Spese postali
1.03.02.16.003,U,1,03,Onorificenze e riconoscimenti istituzionali
1.03.02.16.004,U,1,03,Spese notarili
1.03.02.16.999,U,1,03,Altre spese per servizi amministrativi
1.03.02.17.001,U,1,03,Commissioni per servizi finanziari
1.03.02.17.002,U,1,03,Oneri per servizio di tesoreria
1.03.02.17.999,U,1,03,Spese per servizi finanziari n.a.c.
1.03.02.18.001,U,1,03,Spese per accertamenti sanitari resi necessari dall'attività lavorativa
1.03.02.18.002,U,1,03,Acquisti di servizi sanitari per medicina di base
1.03.02.18.003,U,1,03,Acquisti di servizi sanitari per farmaceutica
1.03.02.18.004,U,1,03,Acquisti di servizi sanitari per assistenza specialistica ambulatoriale
1.03.02.18.005,U,1,03,Acquisti di servizi sanitari per assistenza riabilitativa
1.03.02.18.006,U,1,03,Acquisti di servizi sanitari per assistenza integrativa
1.03.02.18.007,U,1,03,Acquisti di servizi sanitari per assistenza protesica
1.03.02.18.008,U,1,03,Acquisti di servizi sanitari per assistenza termale
1.03.02.18.009,U,1,03,Acquisti di servizi sanitari per assistenza ospedaliera
1.03.02.18.010,U,1,03,Acquisti di servizi di psichiatria residenziale e semiresidenziale
1.03.02.18.011,U,1,03,Acquisti di servizi di distribuzione farmaci
1.03.02.18.012,U,1,03,Acquisti di servizi termali in convenzione
1.03.02.18.013,U,1,03,Acquisti di servizi di trasporto in emergenza e urgenza
1.03.02.18.014,U,1,03,Acquisti di servizi socio sanitari a rilevanza sanitaria
1.03.02.18.015,U,1,03,Spesa per mobilità sanitaria passiva
1.03.02.18.999,U,1,03,Altri acquisti di servizi sanitari n.a.c.
1.03.02.19.001,U,1,03,Gestione e manutenzione applicazioni
1.03.02.19.002,U,1,03,Assistenza all'utente e formazione
1.03.02.19.003,U,1,03,Servizi per l'interoperabilità e la cooperazione
1.03.02.19.004,U,1,03,Servizi di rete per trasmissione dati e VoIP e relativa manutenzione
1.03.02.19.005,U,1,03,Servizi per i sistemi e relativa manutenzione
1.03.02.19.006,U,1,03,Servizi di sicurezza
1.03.02.19.007,U,1,03,Servizi di gestione documentale
1.03.02.19.008,U,1,03,Servizi di monitoraggio della qualità dei servizi
1.03.02.19.009,U,1,03,Servizi per le postazioni di lavoro e relativa manutenzione
1.03.02.19.010,U,1,03,Servizi di consulenza e prestazioni professionali ICT
1.03.02.19.011,U,1,03,Processi trasversali alle classi di servizio
1.03.02.19.999,U,1,03,Altri servizi informatici e di telecomunicazioni n.a.c.
1.03.02.99.001,U,1,03,Spese legali per esproprio
1.03.02.99.002,U,1,03,Altre spese legali
1.03.02.99.003,U,1,03,Quote di associazioni
1.03.02.99.004,U,1,03,Altre spese per consultazioni elettorali dell'ente
1.03.02.99.005,U,1,03,Spese per commissioni e comitati dell'Ente
1.03.02.99.007,U,1,03,Custodia giudiziaria
1.03.02.99.008,U,1,03,"Servizi di mobilità a terzi (bus navetta, …)"
1.03.02.99.009,U,1,03,Acquisto di sevizi per verde e arredo urbano
1.03.02.99.010,U,1,03,Formazione a personale esterno all'ente
1.03.02.99.011,U,1,03,Servizi per attività di rappresentanza
1.03.02.99.012,U,1,03,Rassegna stampa
1.03.02.99.013,U,1,03,Comunicazione WEB
1.03.02.99.999,U,1,03,Altri servizi diversi n.a.c.
1.04.01.01.001,U,1,04,Trasferimenti correnti a Ministeri
1.04.01.01.002,U,1,04,Trasferimenti correnti a Ministero dell'Istruzione - Istituzioni scolastiche
1.04.01.01.003,U,1,04,Trasferimenti correnti a Presidenza del Consiglio dei Ministri
1.04.01.01.004,U,1,04,Trasferimenti correnti a Organi Costituzionali e di rilievo costituzionale
1.04.01.01.005,U,1,04,Trasferimenti correnti a Agenzie Fiscali
1.04.01.01.006,U,1,04,Trasferimenti correnti a enti di regolazione dell'attività economica
1.04.01.01.007,U,1,04,Trasferimenti correnti a Gruppo Equitalia
1.04.01.01.008,U,1,04,Trasferimenti correnti a Anas S.p.A.
1.04.01.01.009,U,1,04,Trasferimenti correnti a altri enti centrali produttori di servizi economici
1.04.01.01.010,U,1,04,Trasferimenti correnti a autorità amministrative indipendenti
1.04.01.01.011,U,1,04,Trasferimenti correnti a enti centrali a struttura associativa
1.04.01.01.012,U,1,04,"Trasferimenti correnti a enti centrali produttori di servizi assistenziali, ricreativi e culturali"
1.04.01.01.013,U,1,04,Trasferimenti correnti a enti e istituzioni centrali di ricerca e Istituti e stazioni sperimentali per la ricerca
1.04.01.01.020,U,1,04,Trasferimenti correnti al Ministero dell'economia in attuazione di norme in materia di contenimento di spesa
1.04.01.01.999,U,1,04,Trasferimenti correnti a altre Amministrazioni Centrali n.a.c.
1.04.01.02.001,U,1,04,Trasferimenti correnti a Regioni e province autonome
1.04.01.02.038,U,1,04,Trasferimenti correnti a Regioni - Fondo Sanitario Nazionale
1.04.01.02.002,U,1,04,Trasferimenti correnti a Province
1.04.01.02.003,U,1,04,Trasferimenti correnti a Comuni
1.04.01.02.004,U,1,04,Trasferimenti correnti a Città metropolitane e Roma capitale
1.04.01.02.005,U,1,04,Trasferimenti correnti a Unioni di Comuni
1.04.01.02.006,U,1,04,Trasferimenti correnti a Comunità Montane
1.04.01.02.007,U,1,04,Trasferimenti correnti a Camere di Commercio
1.04.01.02.008,U,1,04,Trasferimenti correnti a Università
1.04.01.02.009,U,1,04,Trasferimenti correnti a Parchi nazionali e consorzi ed enti autonomi gestori di parchi e aree naturali protette
1.04.01.02.010,U,1,04,Trasferimenti correnti a Autorità Portuali
1.04.01.02.020,U,1,04,Trasferimenti correnti a Aziende sanitarie locali  a titolo di finanziamento del servizio sanitario nazionale
1.04.01.02.021,U,1,04,Trasferimenti correnti a Aziende sanitarie locali  a titolo di finanziamento di livelli di assistenza superiori ai livelli essenziali di assistenza (LEA)
1.04.01.02.022,U,1,04,Trasferimenti correnti a Aziende sanitarie locali  a titolo di finanziamento aggiuntivo corrente per la garanzia dell'equilibrio del bilancio sanitario corrente
1.04.01.02.011,U,1,04,Trasferimenti correnti a Aziende sanitarie locali  n.a.f.
1.04.01.02.025,U,1,04,Trasferimenti correnti a Aziende ospedaliere e Aziende ospedaliere universitarie integrate con il SSN a titolo di finanziamento del servizio sanitario nazionale
1.04.01.02.026,U,1,04,Trasferimenti correnti a Aziende ospedaliere e Aziende ospedaliere universitarie integrate con il SSN a titolo di finanziamento di livelli di assistenza superiori ai livelli essenziali di assistenza (
1.04.01.02.027,U,1,04,Trasferimenti correnti a Aziende ospedaliere e Aziende ospedaliere universitarie integrate con il SSN a titolo di finanziamento aggiuntivo corrente per la garanzia dell'equilibrio del bilancio sanitar
1.04.01.02.012,U,1,04,Trasferimenti correnti a Aziende ospedaliere e Aziende ospedaliere universitarie integrate con il SSN n.a.f.
1.04.01.02.030,U,1,04,Trasferimenti correnti a policlinici a titolo di finanziamento del servizio sanitario nazionale
1.04.01.02.031,U,1,04,Trasferimenti correnti a policlinici a titolo di finanziamento di livelli di assistenza superiori ai livelli essenziali di assistenza (LEA)
1.04.01.02.032,U,1,04,Trasferimenti correnti a policlinici a titolo di finanziamento aggiuntivo corrente per la garanzia dell'equilibrio del bilancio sanitario corrente
1.04.01.02.013,U,1,04,Trasferimenti correnti a policlinici n.a.f.
1.04.01.02.033,U,1,04,Trasferimenti correnti a Istituti di ricovero e cura a carattere scientifico pubblici a titolo di finanziamento del servizio sanitario nazionale
1.04.01.02.034,U,1,04,Trasferimenti correnti a Istituti di ricovero e cura a carattere scientifico pubblici a titolo di finanziamento di livelli di assistenza superiori ai livelli essenziali di assistenza (LEA)
1.04.01.02.035,U,1,04,Trasferimenti correnti a Istituti di ricovero e cura a carattere scientifico pubblici a titolo di finanziamento aggiuntivo corrente per la garanzia dell'equilibrio del bilancio sanitario corrente
1.04.01.02.014,U,1,04,Trasferimenti correnti a Istituti di ricovero e cura a carattere scientifico pubblici n.a.f.
1.04.01.02.015,U,1,04,Trasferimenti correnti a altre Amministrazioni Locali produttrici di servizi sanitari
1.04.01.02.016,U,1,04,Trasferimenti correnti a Agenzie regionali per le erogazioni in agricoltura
1.04.01.02.017,U,1,04,Trasferimenti correnti a altri enti e agenzie regionali e sub regionali
1.04.01.02.018,U,1,04,Trasferimenti correnti a Consorzi di enti locali
1.04.01.02.019,U,1,04,Trasferimenti correnti a Fondazioni e istituzioni liriche locali e a Teatri stabili di iniziativa pubblica
1.04.01.02.999,U,1,04,Trasferimenti correnti a altre Amministrazioni Locali n.a.c.
1.04.01.03.001,U,1,04,Trasferimenti correnti a INPS
1.04.01.03.002,U,1,04,Trasferimenti correnti a INAIL
1.04.01.03.999,U,1,04,Trasferimenti correnti a altri Enti di Previdenza n.a.c.
1.04.01.04.001,U,1,04,Trasferimenti correnti a organismi interni e/o unità locali della amministrazione
1.04.02.01.001,U,1,04,Pensioni e rendite
1.04.02.01.002,U,1,04,Liquidazioni per fine rapporto di lavoro
1.04.02.01.999,U,1,04,Altri sussidi e assegni
1.04.02.02.999,U,1,04,Altri assegni e sussidi assistenziali
1.04.02.03.001,U,1,04,Borse di studio
1.04.02.03.002,U,1,04,Contratti di formazione specialistica area medica
1.04.02.03.004,U,1,04,Tirocini formativi
1.04.02.03.005,U,1,04,Tirocini formativi curriculari
1.04.02.04.002,U,1,04,Vincite a lotterie
1.04.02.04.999,U,1,04,Altri trasferimenti a famiglie per vincite
1.04.02.05.001,U,1,04,Servizio civile
1.04.02.05.999,U,1,04,Altri trasferimenti a famiglie n.a.c.
1.04.03.01.001,U,1,04,Trasferimenti correnti a imprese controllate
1.04.03.02.001,U,1,04,Trasferimenti correnti a altre imprese partecipate
1.04.03.99.999,U,1,04,Trasferimenti correnti a altre imprese
1.04.04.01.001,U,1,04,Trasferimenti correnti a Istituzioni Sociali Private
1.04.05.04.001,U,1,04,Trasferimenti correnti al Resto del Mondo
1.04.05.99.001,U,1,04,Altri Trasferimenti correnti alla UE
1.05.01.01.001,U,1,05,Imposta sul valore aggiunto (IVA) sugli scambi interni
1.05.01.02.001,U,1,05,Imposta sul valore aggiunto (IVA) sulle importazioni
1.05.01.03.001,U,1,05,Accisa sull'energia elettrica
1.05.01.04.001,U,1,05,Accisa sui prodotti energetici
1.05.01.05.001,U,1,05,Imposta di registro
1.05.01.06.001,U,1,05,Imposta di bollo
1.05.01.07.001,U,1,05,Imposta ipotecaria
1.05.01.08.001,U,1,05,Accisa sull'alcole e le bevande alcoliche
1.05.01.09.001,U,1,05,Accisa sui tabacchi
1.05.01.10.001,U,1,05,Imposta di consumo su oli lubrificanti e bitumi di petrolio
1.05.01.11.001,U,1,05,Imposta unica sui concorsi pronostici e sulle scommesse
1.05.01.12.001,U,1,05,"Proventi da lotto, lotterie e altri giochi"
1.05.01.13.001,U,1,05,Addizionale regionale sui canoni per le utenze di acque pubbliche
1.05.01.14.001,U,1,05,Altre imposte sostitutive n.a.c.
1.05.01.15.001,U,1,05,Ritenute sugli interessi e su altri redditi da capitale
1.05.01.16.001,U,1,05,Ritenute e imposte sostitutive sugli utili distribuiti dalle società di capitali
1.05.01.17.001,U,1,05,Altre ritenute n.a.c.
1.05.01.18.001,U,1,05,Imposte sul reddito delle persone fisiche
1.05.01.19.001,U,1,05,Imposte sul reddito delle società (ex IRPEG)
1.05.01.99.999,U,1,05,Altri tributi trasferiti a titolo di devoluzioni
1.05.02.01.001,U,1,05,Compartecipazione IVA a Regioni - non Sanità
1.05.02.02.001,U,1,05,Compartecipazione al bollo auto a Province
1.05.02.03.001,U,1,05,Compartecipazione IVA a Comuni
1.05.02.04.001,U,1,05,Compartecipazione IRPEF ai Comuni
1.05.02.05.001,U,1,05,Tributo provinciale deposito in discarica dei rifiuti solidi
1.05.02.98.999,U,1,05,Altre compartecipazioni alle Province
1.05.02.99.999,U,1,05,Altre compartecipazioni a Comuni
1.06.01.01.002,U,1,06,Trasferimenti a Province - fondi perequativi
1.06.01.01.003,U,1,06,Trasferimenti a Comuni - fondi perequativi
1.07.01.01.001,U,1,07,Interessi passivi su titoli obbligazionari a breve termine a tasso fisso - valuta domestica
1.07.01.01.002,U,1,07,Interessi passivi su titoli obbligazionari a breve termine a tasso variabile - valuta domestica
1.07.02.01.001,U,1,07,Interessi passivi su titoli obbligazionari a medio-lungo termine a tasso fisso - valuta domestica
1.07.02.01.002,U,1,07,Interessi passivi su titoli obbligazionari a medio-lungo termine a tasso variabile - valuta domestica
1.07.02.02.001,U,1,07,Interessi passivi su titoli obbligazionari a medio-lungo termine a tasso fisso - valuta estera
1.07.02.02.002,U,1,07,Interessi passivi su titoli obbligazionari a medio-lungo termine a tasso variabile - valuta estera
1.07.04.01.001,U,1,07,Interessi passivi a Ministeri su finanziamenti a breve termine
1.07.04.01.002,U,1,07,Interessi passivi a Ministero dell'Istruzione - Istituzioni scolastiche su finanziamenti a breve termine
1.07.04.01.003,U,1,07,Interessi passivi a Presidenza del Consiglio dei Ministri su finanziamenti a breve termine
1.07.04.01.004,U,1,07,Interessi passivi a Organi Costituzionali e di rilievo costituzionale su finanziamenti a breve termine
1.07.04.01.005,U,1,07,Interessi passivi a Agenzie Fiscali su finanziamenti a breve termine
1.07.04.01.006,U,1,07,Interessi passivi a enti di regolazione dell'attività economica su finanziamenti a breve termine
1.07.04.01.007,U,1,07,Interessi passivi a Gruppo Equitalia su finanziamenti a breve termine
1.07.04.01.008,U,1,07,Interessi passivi a Anas S.p.A. su finanziamenti a breve termine
1.07.04.01.009,U,1,07,Interessi passivi a altri enti centrali produttori di servizi economici su finanziamenti a breve termine
1.07.04.01.010,U,1,07,Interessi passivi a autorità amministrative indipendenti su finanziamenti a breve termine
1.07.04.01.011,U,1,07,Interessi passivi a enti centrali a struttura associativa su finanziamenti a breve termine
1.07.04.01.012,U,1,07,"Interessi passivi a enti centrali produttori di servizi assistenziali, ricreativi e culturali su finanziamenti a breve termine"
1.07.04.01.013,U,1,07,Interessi passivi a enti e istituzioni centrali di ricerca e Istituti e stazioni sperimentali per la ricerca su finanziamenti a breve termine
1.07.04.01.999,U,1,07,Interessi passivi a altre Amministrazioni Centrali n.a.c. su finanziamenti a breve termine
1.07.04.02.001,U,1,07,Interessi passivi a Regioni e province autonome su finanziamenti a breve termine
1.07.04.02.002,U,1,07,Interessi passivi a Province su finanziamenti a breve termine
1.07.04.02.003,U,1,07,Interessi passivi a Comuni su finanziamenti a breve termine
1.07.04.02.004,U,1,07,Interessi passivi a Città metropolitane e Roma capitale su finanziamenti a breve termine
1.07.04.02.005,U,1,07,Interessi passivi a Unioni di Comuni su finanziamenti a breve termine
1.07.04.02.006,U,1,07,Interessi passivi a Comunità Montane su finanziamenti a breve termine
1.07.04.02.007,U,1,07,Interessi passivi a Camere di Commercio su finanziamenti a breve termine
1.07.04.02.008,U,1,07,Interessi passivi a Università su finanziamenti a breve termine
1.07.04.02.009,U,1,07,Interessi passivi a Parchi nazionali e consorzi ed enti autonomi gestori di parchi e aree naturali protette su finanziamenti a breve termine
1.07.04.02.010,U,1,07,Interessi passivi a Autorità Portuali su finanziamenti a breve termine
1.07.04.02.011,U,1,07,Interessi passivi a Aziende sanitarie locali su finanziamenti a breve termine
1.07.04.02.012,U,1,07,Interessi passivi a Aziende ospedaliere e Aziende ospedaliere universitarie integrate con il SSN su finanziamenti a breve termine
1.07.04.02.013,U,1,07,Interessi passivi a policlinici a titolo di finanziamento del servizio sanitario nazionale su finanziamenti a breve termine
1.07.04.02.014,U,1,07,Interessi passivi a policlinici su finanziamenti a breve termine
1.07.04.02.015,U,1,07,Interessi passivi a Istituti di ricovero e cura a carattere scientifico pubblici su finanziamenti a breve termine
1.07.04.02.016,U,1,07,Interessi passivi a altre Amministrazioni Locali produttrici di servizi sanitari su finanziamenti a breve termine
1.07.04.02.017,U,1,07,Interessi passivi a Agenzie regionali per le erogazioni in agricoltura su finanziamenti a breve termine
1.07.04.02.018,U,1,07,Interessi passivi a altri enti e agenzie regionali e sub regionali su finanziamenti a breve termine
1.07.04.02.019,U,1,07,Interessi passivi a Consorzi di enti locali su finanziamenti a breve termine
1.07.04.02.020,U,1,07,Interessi passivi a Fondazioni e istituzioni liriche locali e a Teatri stabili di iniziativa pubblica su finanziamenti a breve termine
1.07.04.02.999,U,1,07,Interessi passivi a altre Amministrazioni Locali n.a.c. su finanziamenti a breve termine
1.07.04.03.001,U,1,07,Interessi passivi a INPS su finanziamenti a breve termine
1.07.04.03.002,U,1,07,Interessi passivi a INAIL su finanziamenti a breve termine
1.07.04.03.999,U,1,07,Interessi passivi a altri Enti di Previdenza n.a.c. su finanziamenti a breve termine
1.07.04.04.001,U,1,07,Interessi passivi a imprese controllate su finanziamenti a breve termine
1.07.04.04.002,U,1,07,Interessi passivi a altre imprese partecipate su finanziamenti a breve termine
1.07.04.04.003,U,1,07,Interessi passivi a Cassa Depositi e Prestiti - SPA su finanziamenti a breve termine
1.07.04.04.999,U,1,07,Interessi passivi a altre imprese su finanziamenti a breve termine
1.07.04.05.001,U,1,07,Interessi passivi su finanziamenti a breve termine ad altri soggetti
1.07.05.01.001,U,1,07,Interessi passivi a Ministeri su mutui e altri finanziamenti a medio lungo termine
1.07.05.01.002,U,1,07,Interessi passivi a Ministero dell'Istruzione - Istituzioni scolastiche su mutui e altri finanziamenti a medio lungo termine
1.07.05.01.003,U,1,07,Interessi passivi a Presidenza del Consiglio dei Ministri su mutui e altri finanziamenti a medio lungo termine
1.07.05.01.004,U,1,07,Interessi passivi a Organi Costituzionali e di rilievo costituzionale su mutui e altri finanziamenti a medio lungo termine
1.07.05.01.005,U,1,07,Interessi passivi a Agenzie Fiscali su mutui e altri finanziamenti a medio lungo termine
1.07.05.01.006,U,1,07,Interessi passivi a enti di regolazione dell'attività economica su mutui e altri finanziamenti a medio lungo termine
1.07.05.01.007,U,1,07,Interessi passivi a Gruppo Equitalia su mutui e altri finanziamenti a medio lungo termine
1.07.05.01.008,U,1,07,Interessi passivi a Anas S.p.A. su mutui e altri finanziamenti a medio lungo termine
1.07.05.01.009,U,1,07,Interessi passivi a altri enti centrali produttori di servizi economici su mutui e altri finanziamenti a medio lungo termine
1.07.05.01.010,U,1,07,Interessi passivi a autorità amministrative indipendenti su mutui e altri finanziamenti a medio lungo termine
1.07.05.01.011,U,1,07,Interessi passivi a enti centrali a struttura associativa su mutui e altri finanziamenti a medio lungo termine
1.07.05.01.012,U,1,07,"Interessi passivi a enti centrali produttori di servizi assistenziali, ricreativi e culturali su mutui e altri finanziamenti a medio lungo termine"
1.07.05.01.013,U,1,07,Interessi passivi a enti e istituzioni centrali di ricerca e Istituti e stazioni sperimentali per la ricerca su mutui e altri finanziamenti a medio lungo termine
1.07.05.01.999,U,1,07,Interessi passivi a altre Amministrazioni Centrali n.a.c. su mutui e altri finanziamenti a medio lungo termine
1.07.05.02.001,U,1,07,Interessi passivi a Regioni e province autonome su mutui e altri finanziamenti a medio lungo termine
1.07.05.02.002,U,1,07,Interessi passivi a Province su mutui e altri finanziamenti a medio lungo termine
1.07.05.02.003,U,1,07,Interessi passivi a Comuni su mutui e altri finanziamenti a medio lungo termine
1.07.05.02.004,U,1,07,Interessi passivi a Città metropolitane e Roma capitale su mutui e altri finanziamenti a medio lungo termine
1.07.05.02.005,U,1,07,Interessi passivi a Unioni di Comuni su mutui e altri finanziamenti a medio lungo termine
1.07.05.02.006,U,1,07,Interessi passivi a Comunità Montane su mutui e altri finanziamenti a medio lungo termine
1.07.05.02.007,U,1,07,Interessi passivi a Camere di Commercio su mutui e altri finanziamenti a medio lungo termine
1.07.05.02.008,U,1,07,Interessi passivi a Università su mutui e altri finanziamenti a medio lungo termine
1.07.05.02.009,U,1,07,Interessi passivi a Parchi nazionali e consorzi ed enti autonomi gestori di parchi e aree naturali protette su mutui e altri finanziamenti a medio lungo termine
1.07.05.02.010,U,1,07,Interessi passivi a Autorità Portuali su mutui e altri finanziamenti a medio lungo termine
1.07.05.02.011,U,1,07,Interessi passivi a Aziende sanitarie locali su mutui e altri finanziamenti a medio lungo termine
1.07.05.02.012,U,1,07,Interessi passivi a Aziende ospedaliere e Aziende ospedaliere universitarie integrate con il SSN su mutui e altri finanziamenti a medio lungo termine
1.07.05.02.013,U,1,07,Interessi passivi a policlinici a titolo di finanziamento del servizio sanitario nazionale su mutui e altri finanziamenti a medio lungo termine
1.07.05.02.014,U,1,07,Interessi passivi a policlinici su mutui e altri finanziamenti a medio lungo termine
1.07.05.02.015,U,1,07,Interessi passivi a Istituti di ricovero e cura a carattere scientifico pubblici su mutui e altri finanziamenti a medio lungo termine
1.07.05.02.016,U,1,07,Interessi passivi a altre Amministrazioni Locali produttrici di servizi sanitari su mutui e altri finanziamenti a medio lungo termine
1.07.05.02.017,U,1,07,Interessi passivi a Agenzie regionali per le erogazioni in agricoltura su mutui e altri finanziamenti a medio lungo termine
1.07.05.02.018,U,1,07,Interessi passivi a altri enti e agenzie regionali e sub regionali su mutui e altri finanziamenti a medio lungo termine
1.07.05.02.019,U,1,07,Interessi passivi a Consorzi di enti locali su mutui e altri finanziamenti a medio lungo termine
1.07.05.02.020,U,1,07,Interessi passivi a Fondazioni e istituzioni liriche locali e a Teatri stabili di iniziativa pubblica su mutui e altri finanziamenti a medio lungo termine
1.07.05.02.999,U,1,07,Interessi passivi a altre Amministrazioni Locali n.a.c. su mutui e altri finanziamenti a medio lungo termine
1.07.05.03.001,U,1,07,Interessi passivi a INPS su mutui e altri finanziamenti a medio lungo termine
1.07.05.03.002,U,1,07,Interessi passivi a INAIL su mutui e altri finanziamenti a medio lungo termine
1.07.05.03.999,U,1,07,Interessi passivi a altri Enti di Previdenza n.a.c. su mutui e altri finanziamenti a medio lungo termine
1.07.05.04.001,U,1,07,Interessi passivi a imprese controllate su finanziamenti a medio lungo termine
1.07.05.04.002,U,1,07,Interessi passivi a altre imprese partecipate su finanziamenti a medio lungo termine
1.07.05.04.003,U,1,07,Interessi passivi a Cassa Depositi e Prestiti SPA su mutui e altri finanziamenti a medio lungo termine
1.07.05.04.004,U,1,07,Interessi passivi a Cassa Depositi e Prestiti - Gestione Tesoro su mutui e altri finanziamenti a medio lungo termine
1.07.05.04.999,U,1,07,Interessi passivi a altre imprese su finanziamenti a medio lungo termine
1.07.05.05.999,U,1,07,Interessi passivi su mutui e altri finanziamenti a medio lungo termine ad altri soggetti
1.07.05.06.001,U,1,07,Interessi passivi per Attualizzazione Contributi Pluriennali
1.07.06.01.001,U,1,07,Flussi periodici netti in uscita
1.07.06.01.002,U,1,07,Importi per chiusura anticipata di operazioni in essere
1.07.06.02.001,U,1,07,Interessi di mora a Amministrazioni Centrali
1.07.06.02.002,U,1,07,Interessi di mora a Amministrazioni Locali
1.07.06.02.003,U,1,07,Interessi di mora a Enti previdenziali
1.07.06.02.999,U,1,07,Interessi di mora ad altri soggetti
1.07.06.03.001,U,1,07,Interessi ad Amministrazioni Centrali su conti della tesoreria dello Stato o di altre Amministrazioni pubbliche
1.07.06.03.002,U,1,07,Interessi a Amministrazioni Locali su conti della tesoreria dello Stato o di altre Amministrazioni pubbliche
1.07.06.03.003,U,1,07,Interessi a Enti previdenziali su conti della tesoreria dello Stato o di altre Amministrazioni pubbliche
1.07.06.03.004,U,1,07,Interessi a Cassa Depositi e Prestiti su conti della tesoreria dello Stato o di altre Amministrazioni pubbliche
1.07.06.03.999,U,1,07,Interessi ad altri soggetti su conti della tesoreria dello Stato o di altre Amministrazioni pubbliche
1.07.06.04.001,U,1,07,Interessi passivi su anticipazioni di tesoreria degli istituti tesorieri/cassieri
1.07.06.05.001,U,1,07,Interessi passivi su operazioni di leasing finanziario
1.07.06.06.001,U,1,07,Interessi passivi per operazioni di cartolarizzazione
1.07.06.99.001,U,1,07,Altri interessi passivi a Amministrazioni Centrali
1.07.06.99.002,U,1,07,Altri interessi passivi a Amministrazioni Locali
1.07.06.99.003,U,1,07,Altri interessi passivi a Enti previdenziali
1.07.06.99.999,U,1,07,Altri interessi passivi ad altri soggetti
1.08.02.01.001,U,1,08,Diritti reali di godimento e servitù onerose
1.08.99.01.001,U,1,08,Oneri finanziari derivanti dalla estinzione anticipata di prestiti
1.08.99.99.999,U,1,08,Altre spese per redditi da capitale n.a.c.
1.09.01.01.001,U,1,09,"Rimborsi per spese di personale (comando, distacco, fuori ruolo, convenzioni, ecc…)"
1.09.02.01.001,U,1,09,Rimborsi di imposte e tasse di natura corrente
1.09.02.02.001,U,1,09,Rimborsi di imposte in conto capitale in uscita
1.09.03.01.001,U,1,09,Rimborsi di trasferimenti all'Unione Europea
1.09.99.01.001,U,1,09,Rimborsi di parte corrente ad Amministrazioni Centrali di somme non dovute o incassate in eccesso
1.09.99.02.001,U,1,09,Rimborsi di parte corrente ad Amministrazioni Locali di somme non dovute o incassate in eccesso
1.09.99.03.001,U,1,09,Rimborsi di parte corrente a Enti Previdenziali di somme non dovute o incassate in eccesso
1.09.99.04.001,U,1,09,Rimborsi di parte corrente a Famiglie di somme non dovute o incassate in eccesso
1.09.99.05.001,U,1,09,Rimborsi di parte corrente a Imprese di somme non dovute o incassate in eccesso
1.09.99.06.001,U,1,09,Rimborsi di parte corrente a Istituzioni Sociali Private di somme non dovute o incassate in eccesso
1.09.99.07.001,U,1,09,Rimborsi di parte corrente a UE e Resto del Mondo di somme non dovute o incassate in eccesso
1.10.03.01.001,U,1,10,Versamenti IVA a debito per le gestioni commerciali
1.10.04.01.001,U,1,10,Premi di assicurazione su beni mobili
1.10.04.01.002,U,1,10,Premi di assicurazione su beni immobili
1.10.04.01.003,U,1,10,Premi di assicurazione per responsabilità civile verso terzi
1.10.04.01.999,U,1,10,Altri premi di assicurazione contro i danni
1.10.04.99.999,U,1,10,Altri premi di assicurazione n.a.c.
1.10.05.01.001,U,1,10,Spese dovute a sanzioni
1.10.05.02.001,U,1,10,Spese per risarcimento danni
1.10.05.03.001,U,1,10,Spese per indennizzi
1.10.05.04.001,U,1,10,Oneri da contenzioso
1.10.05.99.999,U,1,10,Altre spese dovute per irregolarità e illeciti n.a.c.
1.10.99.99.999,U,1,10,Altre spese correnti n.a.c.
2.01.01.01.000,U,2,01,Tributi in conto capitale a carico dell'ente
2.01.01.01.001,U,2,01,Tributi in conto capitale a carico dell'ente
2.01.99.01.999,U,2,01,Altri tributi in conto capitale n.a.c.
2.02.01.01.001,U,2,02,Mezzi di trasporto stradali
2.02.01.01.002,U,2,02,Mezzi di trasporto aerei
2.02.01.01.003,U,2,02,Mezzi di trasporto per vie d'acqua
2.02.01.01.999,U,2,02,"Mezzi di trasporto ad uso civile, di sicurezza e ordine pubblico n.a.c."
2.02.01.03.001,U,2,02,Mobili e arredi per ufficio
2.02.01.03.002,U,2,02,Mobili e arredi per alloggi e pertinenze
2.02.01.03.003,U,2,02,Mobili e arredi per laboratori
2.02.01.03.999,U,2,02,Mobili e arredi n.a.c.
2.02.01.04.001,U,2,02,Macchinari
2.02.01.04.002,U,2,02,Impianti
2.02.01.05.001,U,2,02,Attrezzature scientifiche
2.02.01.05.002,U,2,02,Attrezzature sanitarie
2.02.01.05.999,U,2,02,Attrezzature n.a.c.
2.02.01.06.001,U,2,02,Macchine per ufficio
2.02.01.07.001,U,2,02,Server
2.02.01.07.002,U,2,02,Postazioni di lavoro
2.02.01.07.003,U,2,02,Periferiche
2.02.01.07.004,U,2,02,Apparati di telecomunicazione
2.02.01.07.005,U,2,02,Tablet e dispositivi di telefonia fissa e mobile
2.02.01.07.999,U,2,02,Hardware n.a.c.
2.02.01.08.001,U,2,02,Armi leggere ad uso civile e per ordine pubblico e sicurezza
2.02.01.08.999,U,2,02,Armi n.a.c.
2.02.01.09.001,U,2,02,Fabbricati ad uso abitativo
2.02.01.09.002,U,2,02,Fabbricati ad uso commerciale
2.02.01.09.003,U,2,02,Fabbricati ad uso scolastico
2.02.01.09.004,U,2,02,Fabbricati industriali e costruzioni leggere
2.02.01.09.005,U,2,02,Fabbricati rurali
2.02.01.09.007,U,2,02,Fabbricati Ospedalieri e altre strutture sanitarie
2.02.01.09.008,U,2,02,Opere destinate al culto
2.02.01.09.009,U,2,02,Infrastrutture telematiche
2.02.01.09.010,U,2,02,Infrastrutture idrauliche
2.02.01.09.011,U,2,02,Infrastrutture portuali e aeroportuali
2.02.01.09.012,U,2,02,Infrastrutture stradali
2.02.01.09.013,U,2,02,Altre vie di comunicazione
2.02.01.09.014,U,2,02,Opere per la sistemazione del suolo
2.02.01.09.015,U,2,02,Cimiteri
2.02.01.09.016,U,2,02,Impianti sportivi
2.02.01.09.017,U,2,02,Fabbricati destinati ad asili nido
2.02.01.09.018,U,2,02,"Musei, teatri e biblioteche"
2.02.01.09.019,U,2,02,Fabbricati ad uso strumentale
2.02.01.09.998,U,2,02,Fabbricati ad uso strumentale
2.02.01.09.999,U,2,02,Beni immobili n.a.c.
2.02.01.10.001,U,2,02,"Fabbricati ad uso abitativo di valore culturale, storico ed artistico"
2.02.01.10.002,U,2,02,"Fabbricati ad uso commerciale e istituzionale di valore culturale, storico ed artistico"
2.02.01.10.003,U,2,02,"Fabbricati ad uso scolastico di valore culturale, storico ed artistico"
2.02.01.10.004,U,2,02,"Opere destinate al culto di valore culturale, storico ed artistico"
2.02.01.10.005,U,2,02,"Siti archeologici di valore culturale, storico ed artistico"
2.02.01.10.006,U,2,02,"Cimiteri di valore culturale, storico ed artistico"
2.02.01.10.007,U,2,02,"Impianti sportivi di valore culturale, storico ed artistico"
2.02.01.10.008,U,2,02,"Musei, teatri e biblioteche di valore culturale, storico ed artistico"
2.02.01.10.009,U,2,02,"Fabbricati ad uso strumentale di valore culturale, storico ed artistico"
2.02.01.10.999,U,2,02,"Beni immobili di valore culturale, storico ed artistico n.a.c."
2.02.01.11.001,U,2,02,Oggetti di valore
2.02.01.99.001,U,2,02,Materiale bibliografico
2.02.01.99.002,U,2,02,Strumenti musicali
2.02.01.99.999,U,2,02,Altri beni materiali diversi
2.02.02.01.001,U,2,02,Terreni agricoli
2.02.02.01.002,U,2,02,Terreni edificabili
2.02.02.01.999,U,2,02,Altri terreni n.a.c.
2.02.02.02.001,U,2,02,Demanio marittimo
2.02.02.02.002,U,2,02,Demanio idrico
2.02.02.02.003,U,2,02,Foreste
2.02.02.02.004,U,2,02,Giacimenti
2.02.02.02.005,U,2,02,Fauna
2.02.02.02.006,U,2,02,Flora
2.02.03.01.001,U,2,02,Avviamento
2.02.03.02.001,U,2,02,Sviluppo software e manutenzione evolutiva
2.02.03.02.002,U,2,02,Acquisto software
2.02.03.03.001,U,2,02,Brevetti
2.02.03.04.001,U,2,02,Opere dell'ingegno e Diritti d'autore
2.02.03.05.001,U,2,02,Incarichi professionali per la realizzazione di investimenti
2.02.03.06.001,U,2,02,Manutenzione straordinaria su beni demaniali di terzi
2.02.03.06.999,U,2,02,Manutenzione straordinaria su altri beni di terzi
2.02.03.07.001,U,2,02,Altri diritti
2.02.03.99.001,U,2,02,Spese di investimento per beni immateriali n.a.c.
2.02.04.01.001,U,2,02,Mezzi di trasporto stradali acquisiti mediante operazioni di leasing finanziario
2.02.04.01.002,U,2,02,Mezzi di trasporto aerei acquisiti mediante operazioni di leasing finanziario
2.02.04.01.003,U,2,02,Mezzi di trasporto per vie d'acqua acquisiti mediante operazioni di leasing finanziario
2.02.04.01.999,U,2,02,Spese di investimento per mezzi di trasporto n.a.c. acquisiti mediante operazioni di leasing finanziario
2.02.04.03.001,U,2,02,Mobili e arredi per ufficio acquisiti mediante operazioni di leasing finanziario
2.02.04.03.002,U,2,02,Mobili e arredi per alloggi e pertinenze acquisiti mediante operazioni di leasing finanziario
2.02.04.03.999,U,2,02,Spese di investimento per mobili e arredi n.a.c. acquisiti mediante operazioni di leasing finanziario
2.02.04.04.001,U,2,02,Macchinari diversi acquisiti mediante operazioni di leasing finanziario
2.02.04.04.002,U,2,02,Impianti acquisiti mediante operazioni di leasing finanziario
2.02.04.05.001,U,2,02,Attrezzature scientifiche acquisite mediante operazioni di leasing finanziario
2.02.04.05.002,U,2,02,Attrezzature sanitarie acquisite mediante operazioni di leasing finanziario
2.02.04.05.999,U,2,02,Attrezzature diverse acquisite mediante operazioni di leasing finanziario
2.02.04.06.001,U,2,02,Macchine per ufficio acquisite mediante operazioni di leasing finanziario
2.02.04.07.001,U,2,02,Server acquisiti mediante operazioni di leasing finanziario
2.02.04.07.002,U,2,02,Postazioni di lavoro acquisite mediante operazioni di leasing finanziario
2.02.04.07.003,U,2,02,Periferiche acquisite mediante operazioni di leasing finanziario
2.02.04.07.004,U,2,02,Apparati di telecomunicazione acquisiti mediante operazioni di leasing finanziario
2.02.04.07.005,U,2,02,Tablet e dispositivi di telefonia fissa e mobile acquisiti mediante operazioni di leasing finanziario
2.02.04.07.999,U,2,02,Hardware n.a.c. acquisito mediante operazioni di leasing finanziario
2.02.04.08.001,U,2,02,Armi leggere ad uso civile e per ordine pubblico e sicurezza acquisite mediante operazioni di leasing finanziario
2.02.04.08.999,U,2,02,Altre armi acquisite mediante operazioni di leasing finanziario
2.02.04.09.001,U,2,02,Fabbricati ad uso abitativo acquisiti mediante operazioni di leasing finanziario
2.02.04.09.002,U,2,02,Fabbricati ad uso commerciale acquisiti mediante operazioni di leasing finanziario
2.02.04.09.003,U,2,02,Fabbricati ad uso scolastico acquisiti mediante operazioni di leasing finanziario
2.02.04.09.004,U,2,02,Fabbricati industriali e costruzioni leggere acquisiti mediante operazioni di leasing finanziario
2.02.04.09.005,U,2,02,Fabbricati rurali acquisiti mediante operazioni di leasing finanziario
2.02.04.09.006,U,2,02,Fabbricati Ospedalieri e altre strutture sanitarie acquisiti mediante operazioni di leasing finanziario
2.02.04.09.007,U,2,02,Infrastrutture telematiche acquisite mediante operazioni di leasing finanziario
2.02.04.09.008,U,2,02,Infrastrutture idrauliche acquisite mediante operazioni di leasing finanziario
2.02.04.09.009,U,2,02,Infrastrutture portuali e aeroportuali acquisite mediante operazioni di leasing finanziario
2.02.04.09.010,U,2,02,Infrastrutture stradali acquisite mediante operazioni di leasing finanziario
2.02.04.09.011,U,2,02,Altre vie di comunicazione acquisite mediante operazioni di leasing finanziario
2.02.04.09.012,U,2,02,Opere per la sistemazione del suolo acquisite mediante operazioni di leasing finanziario
2.02.04.09.013,U,2,02,Impianti sportivi acquisiti mediante operazioni di leasing finanziario
2.02.04.09.014,U,2,02,Fabbricati ad uso strumentale acquisiti mediante operazioni di leasing finanziario
2.02.04.09.998,U,2,02,Altre infrastrutture acquisite mediante operazioni di  leasingi finanziario n.a.c
2.02.04.09.999,U,2,02,Beni immobili n.a.c. acquisiti mediante operazioni di leasing finanziario
2.02.04.10.001,U,2,02,Oggetti di valore acquisiti mediante operazioni di leasing finanziario
2.02.04.99.001,U,2,02,Materiale bibliografico acquisito mediante operazioni di leasing finanziario
2.02.04.99.002,U,2,02,Strumenti musicali acquisiti mediante operazioni di leasing finanziario
2.02.04.99.999,U,2,02,Beni materiali n.a.c. acquisiti operazioni di leasing finanziario
2.02.05.01.001,U,2,02,Terreni agricoli acquisiti mediante operazioni di leasing finanziario
2.02.05.01.002,U,2,02,Terreni edificabili acquisiti mediante operazioni di leasing finanziario
2.02.05.01.999,U,2,02,Altri terreni acquisiti mediante operazioni di leasing finanziario
2.02.06.01.001,U,2,02,Software acquisito mediante operazioni di leasing finanziario
2.02.06.02.001,U,2,02,Brevetti acquisiti mediante operazioni di leasing finanziario
2.02.06.03.001,U,2,02,Opere dell'ingegno e Diritti d'autore acquisiti mediante operazioni di leasing finanziario
2.02.06.99.999,U,2,02,Beni immateriali n.a.c. acquisiti mediante operazioni di leasing finanziario
2.03.01.01.001,U,2,03,Contributi agli investimenti a Ministeri
2.03.01.01.002,U,2,03,Contributi agli investimenti a Ministero dell'Istruzione - Istituzioni scolastiche
2.03.01.01.003,U,2,03,Contributi agli investimenti a Presidenza del Consiglio dei Ministri
2.03.01.01.004,U,2,03,Contributi agli investimenti a Organi Costituzionali e di rilievo costituzionale
2.03.01.01.005,U,2,03,Contributi agli investimenti a Agenzie Fiscali
2.03.01.01.006,U,2,03,Contributi agli investimenti a enti di regolazione dell'attività economica
2.03.01.01.007,U,2,03,Contributi agli investimenti a Gruppo Equitalia
2.03.01.01.008,U,2,03,Contributi agli investimenti a Anas S.p.A.
2.03.01.01.009,U,2,03,Contributi agli investimenti ad altri enti centrali produttori di servizi economici
2.03.01.01.010,U,2,03,Contributi agli investimenti a autorità amministrative indipendenti
2.03.01.01.011,U,2,03,Contributi agli investimenti a enti centrali a struttura associativa
2.03.01.01.012,U,2,03,"Contributi agli investimenti a enti centrali produttori di servizi assistenziali, ricreativi e culturali"
2.03.01.01.013,U,2,03,Contributi agli investimenti a enti e istituzioni centrali di ricerca e Istituti e stazioni sperimentali per la ricerca
2.03.01.01.999,U,2,03,Contributi agli investimenti a altre Amministrazioni Centrali n.a.c.
2.03.01.02.001,U,2,03,Contributi agli investimenti a Regioni e province autonome
2.03.01.02.002,U,2,03,Contributi agli investimenti a Province
2.03.01.02.003,U,2,03,Contributi agli investimenti a Comuni
2.03.01.02.004,U,2,03,Contributi agli investimenti a Città metropolitane e Roma capitale
2.03.01.02.005,U,2,03,Contributi agli investimenti a Unioni di Comuni
2.03.01.02.006,U,2,03,Contributi agli investimenti a Comunità Montane
2.03.01.02.007,U,2,03,Contributi agli investimenti a Camere di Commercio
2.03.01.02.008,U,2,03,Contributi agli investimenti a Università
2.03.01.02.009,U,2,03,Contributi agli investimenti a Parchi nazionali e consorzi ed enti autonomi gestori di parchi e aree naturali protette
2.03.01.02.010,U,2,03,Contributi agli investimenti a Autorità Portuali
2.03.01.02.011,U,2,03,Contributi agli investimenti a Aziende sanitarie locali
2.03.01.02.023,U,2,03,"Contributi agli investimenti, finanziati dallo Stato ai sensi dell'art. 20 della legge 67/1988, a Aziende sanitarie locali"
2.03.01.02.012,U,2,03,Contributi agli investimenti a Aziende ospedaliere e Aziende ospedaliere universitarie integrate con il SSN
2.03.01.02.028,U,2,03,"Contributi agli investimenti, finanziati dallo Stato ai sensi dell'art. 20 della legge 67/1988, a Aziende ospedaliere e Aziende ospedaliere universitarie integrate con il SSN"
2.03.01.02.013,U,2,03,Contributi agli investimenti a policlinici
2.03.01.02.014,U,2,03,Contributi agli investimenti a Istituti di ricovero e cura a carattere scientifico pubblici
2.03.01.02.036,U,2,03,"Contributi agli investimenti, finanziati dallo Stato ai sensi dell'art. 20 della legge 67/1988, a Istituti di ricovero e cura a carattere scientifico pubblici"
2.03.01.02.015,U,2,03,Contributi agli investimenti a altre Amministrazioni Locali produttrici di servizi sanitari
2.03.01.02.016,U,2,03,Contributi agli investimenti a Agenzie regionali per le erogazioni in agricoltura
2.03.01.02.017,U,2,03,Contributi agli investimenti a altri enti e agenzie regionali e sub regionali
2.03.01.02.018,U,2,03,Contributi agli investimenti a Consorzi di enti locali
2.03.01.02.019,U,2,03,Contributi agli investimenti a Fondazioni e istituzioni liriche locali e a Teatri stabili di iniziativa pubblica
2.03.01.02.999,U,2,03,Contributi agli investimenti a altre Amministrazioni Locali n.a.c.
2.03.01.03.001,U,2,03,Contributi agli investimenti a INPS
2.03.01.03.002,U,2,03,Contributi agli investimenti a INAIL
2.03.01.03.999,U,2,03,Contributi agli investimenti a altri Enti di Previdenza n.a.c.
2.03.01.04.001,U,2,03,Contributi agli investimenti interni ad organismi interni e/o unità locali della amministrazione
2.03.02.01.001,U,2,03,Contributi agli investimenti a Famiglie
2.03.03.01.001,U,2,03,Contributi agli investimenti a imprese controllate
2.03.03.02.001,U,2,03,Contributi agli investimenti a altre imprese partecipate
2.03.03.03.999,U,2,03,Contributi agli investimenti a altre Imprese
2.03.04.01.001,U,2,03,Contributi agli investimenti a Istituzioni Sociali Private
2.03.05.01.001,U,2,03,Contributi agli investimenti all'Unione Europea
2.03.05.02.001,U,2,03,Contributi agli investimenti al Resto del Mondo
2.04.01.01.001,U,2,04,Altri trasferimenti in conto capitale per assunzione di debiti di Ministeri
2.04.01.01.003,U,2,04,Altri trasferimenti in conto capitale per assunzione di debiti di Presidenza del Consiglio dei Ministri
2.04.01.01.004,U,2,04,Altri trasferimenti in conto capitale per assunzione di debiti di Organi Costituzionali e di rilievo costituzionale
2.04.01.01.005,U,2,04,Altri trasferimenti in conto capitale per assunzione di debiti di Agenzie Fiscali
2.04.01.01.006,U,2,04,Altri trasferimenti in conto capitale per assunzione di debiti di enti di regolazione dell'attività economica
2.04.01.01.007,U,2,04,Altri trasferimenti in conto capitale per assunzione di debiti di Gruppo Equitalia
2.04.01.01.008,U,2,04,Altri trasferimenti in conto capitale per assunzione di debiti di Anas S.p.A.
2.04.01.01.009,U,2,04,Altri trasferimenti in conto capitale per assunzione di debiti di altri enti centrali produttori di servizi economici
2.04.01.01.010,U,2,04,Altri trasferimenti in conto capitale per assunzione di debiti di autorità amministrative indipendenti
2.04.01.01.011,U,2,04,Altri trasferimenti in conto capitale per assunzione di debiti di enti centrali a struttura associativa
2.04.01.01.012,U,2,04,"Altri trasferimenti in conto capitale per assunzione di debiti di enti centrali produttori di servizi assistenziali, ricreativi e culturali"
2.04.01.01.013,U,2,04,Altri trasferimenti in conto capitale per assunzione di debiti di enti e istituzioni centrali di ricerca e Istituti e stazioni sperimentali per la ricerca
2.04.01.01.999,U,2,04,Altri trasferimenti in conto capitale per assunzione di debiti di altre Amministrazioni Centrali n.a.c.
2.04.01.02.001,U,2,04,Altri trasferimenti in conto capitale per assunzione di debiti di Regioni e province autonome
2.04.01.02.002,U,2,04,Altri trasferimenti in conto capitale per assunzione di debiti di Province
2.04.01.02.003,U,2,04,Altri trasferimenti in conto capitale per assunzione di debiti di Comuni
2.04.01.02.004,U,2,04,Altri trasferimenti in conto capitale per assunzione di debiti di Città metropolitane e Roma capitale
2.04.01.02.005,U,2,04,Altri trasferimenti in conto capitale per assunzione di debiti di Unioni di Comuni
2.04.01.02.006,U,2,04,Altri trasferimenti in conto capitale per assunzione di debiti di Comunità Montane
2.04.01.02.007,U,2,04,Altri trasferimenti in conto capitale per assunzione di debiti di Camere di Commercio
2.04.01.02.008,U,2,04,Altri trasferimenti in conto capitale per assunzione di debiti di Università
2.04.01.02.009,U,2,04,Altri trasferimenti in conto capitale per assunzione di debiti di Parchi nazionali e consorzi ed enti autonomi gestori di parchi e aree naturali protette
2.04.01.02.010,U,2,04,Altri trasferimenti in conto capitale per assunzione di debiti di Autorità Portuali
2.04.01.02.011,U,2,04,Altri trasferimenti in conto capitale per assunzione di debiti di Aziende sanitarie locali
2.04.01.02.012,U,2,04,Altri trasferimenti in conto capitale per assunzione di debiti di Aziende ospedaliere e Aziende ospedaliere universitarie integrate con il SSN
2.04.01.02.013,U,2,04,Altri trasferimenti in conto capitale per assunzione di debiti di Policlinici
2.04.01.02.014,U,2,04,Altri trasferimenti in conto capitale per assunzione di debiti di Istituti di ricovero e cura a carattere scientifico pubblici
2.04.01.02.015,U,2,04,Altri trasferimenti in conto capitale per assunzione di debiti di altre Amministrazioni Locali produttrici di servizi sanitari
2.04.01.02.016,U,2,04,Altri trasferimenti in conto capitale per assunzione di debiti di Agenzie regionali per le erogazioni in agricoltura
2.04.01.02.017,U,2,04,Altri trasferimenti in conto capitale per assunzione di debiti di altri enti e agenzie regionali e sub regionali
2.04.01.02.018,U,2,04,Altri trasferimenti in conto capitale per assunzione di debiti di Consorzi di enti locali
2.04.01.02.019,U,2,04,Altri trasferimenti in conto capitale per assunzione di debiti di Fondazioni e istituzioni liriche locali e a Teatri stabili di iniziativa pubblica
2.04.01.02.999,U,2,04,Altri trasferimenti in conto capitale per assunzione di debiti di altre Amministrazioni Locali n.a.c.
2.04.01.03.001,U,2,04,Altri trasferimenti in conto capitale per assunzione di debiti di INPS
2.04.01.03.002,U,2,04,Altri trasferimenti in conto capitale per assunzione di debiti di INAIL
2.04.01.03.999,U,2,04,Altri trasferimenti in conto capitale per assunzione di debiti di altri Enti di Previdenza n.a.c.
2.04.01.04.001,U,2,04,Altri trasferimenti in conto capitale per assunzione di debiti di organismi interni e/o unità locali della amministrazione
2.04.02.01.001,U,2,04,Altri trasferimenti in conto capitale per assunzione di debiti di Famiglie
2.04.03.01.001,U,2,04,Altri trasferimenti in conto capitale per assunzione di debiti di imprese controllate
2.04.03.02.001,U,2,04,Altri trasferimenti in conto capitale per assunzione di debiti di altre imprese partecipate
2.04.03.03.999,U,2,04,Altri trasferimenti in conto capitale per assunzione di debiti di altre Imprese
2.04.04.01.001,U,2,04,Altri trasferimenti in conto capitale per assunzione di debiti di Istituzioni Sociali Private
2.04.05.01.001,U,2,04,Altri trasferimenti in conto capitale per assunzione di debiti dell'Unione Europea
2.04.05.02.001,U,2,04,Altri trasferimenti in conto capitale per assunzione di debiti del Resto del Mondo
2.04.11.01.001,U,2,04,Altri trasferimenti in conto capitale verso Ministeri per escussione di garanzie
2.04.11.01.003,U,2,04,Altri trasferimenti in conto capitale verso Presidenza del Consiglio dei Ministri per escussione di garanzie
2.04.11.01.004,U,2,04,Altri trasferimenti in conto capitale verso Organi Costituzionali e di rilievo costituzionale per escussione di garanzie
2.04.11.01.005,U,2,04,Altri trasferimenti in conto capitale verso Agenzie Fiscali per escussione di garanzie
2.04.11.01.006,U,2,04,Altri trasferimenti in conto capitale verso enti di regolazione dell'attività economica per escussione di garanzie
2.04.11.01.007,U,2,04,Altri trasferimenti in conto capitale verso Gruppo Equitalia per escussione di garanzie
2.04.11.01.008,U,2,04,Altri trasferimenti in conto capitale verso Anas S.p.A. per escussione di garanzie
2.04.11.01.009,U,2,04,Altri trasferimenti in conto capitale verso altri enti centrali produttori di servizi economici per escussione di garanzie
2.04.11.01.010,U,2,04,Altri trasferimenti in conto capitale verso autorità amministrative indipendenti per escussione di garanzie
2.04.11.01.011,U,2,04,Altri trasferimenti in conto capitale verso enti centrali a struttura associativa per escussione di garanzie
2.04.11.01.012,U,2,04,"Altri trasferimenti in conto capitale verso enti centrali produttori di servizi assistenziali, ricreativi e culturali per escussione di garanzie"
2.04.11.01.013,U,2,04,Altri trasferimenti in conto capitale verso enti e istituzioni centrali di ricerca e Istituti e stazioni sperimentali per la ricerca per escussione di garanzie
2.04.11.01.999,U,2,04,Altri trasferimenti in conto capitale verso altre Amministrazioni Centrali n.a.c. per escussione di garanzie
2.04.11.02.001,U,2,04,Altri trasferimenti in conto capitale verso Regioni e province autonome per escussione di garanzie
2.04.11.02.002,U,2,04,Altri trasferimenti in conto capitale verso Province per escussione di garanzie
2.04.11.02.003,U,2,04,Altri trasferimenti in conto capitale verso Comuni per escussione di garanzie
2.04.11.02.004,U,2,04,Altri trasferimenti in conto capitale verso Città metropolitane e Roma capitale per escussione di garanzie
2.04.11.02.005,U,2,04,Altri trasferimenti in conto capitale verso Unioni di Comuni per escussione di garanzie
2.04.11.02.006,U,2,04,Altri trasferimenti in conto capitale verso Comunità Montane per escussione di garanzie
2.04.11.02.007,U,2,04,Altri trasferimenti in conto capitale verso Camere di Commercio per escussione di garanzie
2.04.11.02.008,U,2,04,Altri trasferimenti in conto capitale verso Università per escussione di garanzie
2.04.11.02.009,U,2,04,Altri trasferimenti in conto capitale verso Parchi nazionali e consorzi ed enti autonomi gestori di parchi e aree naturali protette per escussione di garanzie
2.04.11.02.010,U,2,04,Altri trasferimenti in conto capitale verso Autorità Portuali per escussione di garanzie
2.04.11.02.011,U,2,04,Altri trasferimenti in conto capitale verso Aziende sanitarie locali  per escussione di garanzie
2.04.11.02.012,U,2,04,Altri trasferimenti in conto capitale verso Aziende ospedaliere e Aziende ospedaliere universitarie integrate con il SSN per escussione di garanzie
2.04.11.02.013,U,2,04,Altri trasferimenti in conto capitale verso Policlinici per escussione di garanzie
2.04.11.02.014,U,2,04,Altri trasferimenti in conto capitale verso Istituti di ricovero e cura a carattere scientifico pubblici per escussione di garanzie
2.04.11.02.015,U,2,04,Altri trasferimenti in conto capitale verso altre Amministrazioni Locali produttrici di servizi sanitari per escussione di garanzie
2.04.11.02.016,U,2,04,Altri trasferimenti in conto capitale verso Agenzie regionali per le erogazioni in agricoltura per escussione di garanzie
2.04.11.02.017,U,2,04,Altri trasferimenti in conto capitale verso altri enti e agenzie regionali e sub regionali per escussione di garanzie
2.04.11.02.018,U,2,04,Altri trasferimenti in conto capitale verso Consorzi di enti locali per escussione di garanzie
2.04.11.02.019,U,2,04,Altri trasferimenti in conto capitale verso Fondazioni e istituzioni liriche locali e a Teatri stabili di iniziativa pubblica per escussione di garanzie
2.04.11.02.999,U,2,04,Altri trasferimenti in conto capitale verso altre Amministrazioni Locali n.a.c. per escussione di garanzie
2.04.11.03.001,U,2,04,Altri trasferimenti in conto capitale verso INPS per escussione di garanzie
2.04.11.03.002,U,2,04,Altri trasferimenti in conto capitale verso INAIL per escussione di garanzie
2.04.11.03.999,U,2,04,Altri trasferimenti in conto capitale verso altri Enti di Previdenza n.a.c. per escussione di garanzie
2.04.11.04.001,U,2,04,Altri trasferimenti in conto capitale verso organismi interni e/o unità locali della amministrazione per escussione di garanzie
2.04.12.01.001,U,2,04,Altri trasferimenti in conto capitale verso Famiglie per escussione di garanzie
2.04.13.01.001,U,2,04,Altri trasferimenti in conto capitale verso imprese controllate per escussione di garanzie
2.04.13.02.001,U,2,04,Altri trasferimenti in conto capitale verso altre imprese partecipate per escussione di garanzie
2.04.13.03.999,U,2,04,Altri trasferimenti in conto capitale verso altre Imprese per escussione di garanzie
2.04.14.01.001,U,2,04,Altri trasferimenti in conto capitale verso Istituzioni Sociali Private  per escussione di garanzie
2.04.15.01.001,U,2,04,Altri trasferimenti in conto capitale verso Unione Europea per escussione di garanzie
2.04.15.02.001,U,2,04,Altri trasferimenti in conto capitale verso Resto del Mondo per escussione di garanzie
2.04.16.01.001,U,2,04,Trasferimenti in conto capitale erogati a titolo di ripiano disavanzi pregressi a Ministeri
2.04.16.01.003,U,2,04,Trasferimenti in conto capitale erogati a titolo di ripiano disavanzi pregressi a Presidenza del Consiglio dei Ministri
2.04.16.01.004,U,2,04,Trasferimenti in conto capitale erogati a titolo di ripiano disavanzi pregressi a Organi Costituzionali e di rilievo costituzionale
2.04.16.01.005,U,2,04,Trasferimenti in conto capitale erogati a titolo di ripiano disavanzi pregressi a Agenzie Fiscali
2.04.16.01.006,U,2,04,Trasferimenti in conto capitale erogati a titolo di ripiano disavanzi pregressi a enti di regolazione dell'attività economica
2.04.16.01.007,U,2,04,Trasferimenti in conto capitale erogati a titolo di ripiano disavanzi pregressi a Gruppo Equitalia
2.04.16.01.008,U,2,04,Trasferimenti in conto capitale erogati a titolo di ripiano disavanzi pregressi a Anas S.p.A.
2.04.16.01.009,U,2,04,Trasferimenti in conto capitale erogati a titolo di ripiano disavanzi pregressi a altri enti centrali produttori di servizi economici
2.04.16.01.010,U,2,04,Trasferimenti in conto capitale erogati a titolo di ripiano disavanzi pregressi a autorità amministrative indipendenti
2.04.16.01.011,U,2,04,Trasferimenti in conto capitale erogati a titolo di ripiano disavanzi pregressi a enti centrali a struttura associativa
2.04.16.01.012,U,2,04,"Trasferimenti in conto capitale erogati a titolo di ripiano disavanzi pregressi a enti centrali produttori di servizi assistenziali, ricreativi e culturali"
2.04.16.01.013,U,2,04,Trasferimenti in conto capitale erogati a titolo di ripiano disavanzi pregressi a enti e istituzioni centrali di ricerca e Istituti e stazioni sperimentali per la ricerca
2.04.16.01.999,U,2,04,Trasferimenti in conto capitale erogati a titolo di ripiano disavanzi pregressi a altre Amministrazioni Centrali n.a.c.
2.04.16.02.001,U,2,04,Trasferimenti in conto capitale erogati a titolo di ripiano disavanzi pregressi a Regioni e province autonome
2.04.16.02.002,U,2,04,Trasferimenti in conto capitale erogati a titolo di ripiano disavanzi pregressi a Province
2.04.16.02.003,U,2,04,Trasferimenti in conto capitale erogati a titolo di ripiano disavanzi pregressi a Comuni
2.04.16.02.004,U,2,04,Trasferimenti in conto capitale erogati a titolo di ripiano disavanzi pregressi a Città metropolitane e Roma capitale
2.04.16.02.005,U,2,04,Trasferimenti in conto capitale erogati a titolo di ripiano disavanzi pregressi a Unioni di Comuni
2.04.16.02.006,U,2,04,Trasferimenti in conto capitale erogati a titolo di ripiano disavanzi pregressi a Comunità Montane
2.04.16.02.007,U,2,04,Trasferimenti in conto capitale erogati a titolo di ripiano disavanzi pregressi a Camere di Commercio
2.04.16.02.008,U,2,04,Trasferimenti in conto capitale erogati a titolo di ripiano disavanzi pregressi a Università
2.04.16.02.009,U,2,04,Trasferimenti in conto capitale erogati a titolo di ripiano disavanzi pregressi a Parchi nazionali e consorzi ed enti autonomi gestori di parchi e aree naturali protette
2.04.16.02.010,U,2,04,Trasferimenti in conto capitale erogati a titolo di ripiano disavanzi pregressi a Autorità Portuali
2.04.16.02.011,U,2,04,Trasferimenti in conto capitale erogati a titolo di ripiano disavanzi pregressi a Aziende sanitarie locali
2.04.16.02.012,U,2,04,Trasferimenti in conto capitale erogati a titolo di ripiano disavanzi pregressi a Aziende ospedaliere e Aziende ospedaliere universitarie integrate con il SSN
2.04.16.02.013,U,2,04,Trasferimenti in conto capitale erogati a titolo di ripiano disavanzi pregressi a Policlinici
2.04.16.02.014,U,2,04,Trasferimenti in conto capitale erogati a titolo di ripiano disavanzi pregressi a Istituti di ricovero e cura a carattere scientifico pubblici
2.04.16.02.015,U,2,04,Trasferimenti in conto capitale erogati a titolo di ripiano disavanzi pregressi a altre Amministrazioni Locali produttrici di servizi sanitari
2.04.16.02.016,U,2,04,Trasferimenti in conto capitale erogati a titolo di ripiano disavanzi pregressi a Agenzie regionali per le erogazioni in agricoltura
2.04.16.02.017,U,2,04,Trasferimenti in conto capitale erogati a titolo di ripiano disavanzi pregressi a altri enti e agenzie regionali e sub regionali
2.04.16.02.018,U,2,04,Trasferimenti in conto capitale erogati a titolo di ripiano disavanzi pregressi a Consorzi di enti locali
2.04.16.02.019,U,2,04,Trasferimenti in conto capitale erogati a titolo di ripiano disavanzi pregressi a Fondazioni e istituzioni liriche locali e a Teatri stabili di iniziativa pubblica
2.04.16.02.999,U,2,04,Trasferimenti in conto capitale erogati a titolo di ripiano disavanzi pregressi a altre Amministrazioni Locali n.a.c.
2.04.16.03.001,U,2,04,Trasferimenti in conto capitale erogati a titolo di ripiano disavanzi pregressi a INPS
2.04.16.03.002,U,2,04,Trasferimenti in conto capitale erogati a titolo di ripiano disavanzi pregressi a INAIL
2.04.16.03.999,U,2,04,Trasferimenti in conto capitale erogati a titolo di ripiano disavanzi pregressi a altri Enti di Previdenza n.a.c.
2.04.16.99.001,U,2,04,Trasferimenti in conto capitale erogati a titolo di ripiano disavanzi pregressi a organismi interni e/o unità locali della amministrazione
2.04.17.01.001,U,2,04,Trasferimenti in conto capitale erogati a titolo di ripiano disavanzi pregressi a Famiglie
2.04.18.01.001,U,2,04,Trasferimenti in conto capitale erogati a titolo di ripiano disavanzi pregressi a imprese controllate
2.04.18.02.001,U,2,04,Trasferimenti in conto capitale erogati a titolo di ripiano disavanzi pregressi a altre imprese partecipate
2.04.18.03.999,U,2,04,Trasferimenti in conto capitale erogati a titolo di ripiano disavanzi pregressi a altre Imprese
2.04.19.01.001,U,2,04,Trasferimenti in conto capitale erogati a titolo di ripiano disavanzi pregressi a Istituzioni Sociali Private
2.04.20.01.001,U,2,04,Trasferimenti in conto capitale erogati a titolo di ripiano disavanzi pregressi all'Unione Europea
2.04.20.02.001,U,2,04,Trasferimenti in conto capitale erogati a titolo di ripiano disavanzi pregressi al Resto del Mondo
2.04.21.01.001,U,2,04,Altri trasferimenti in conto capitale n.a.c. a Ministeri
2.04.21.01.003,U,2,04,Altri trasferimenti in conto capitale n.a.c. a Presidenza del Consiglio dei Ministri
2.04.21.01.004,U,2,04,Altri trasferimenti in conto capitale n.a.c. a Organi Costituzionali e di rilievo costituzionale
2.04.21.01.005,U,2,04,Altri trasferimenti in conto capitale n.a.c. a Agenzie Fiscali
2.04.21.01.006,U,2,04,Altri trasferimenti in conto capitale n.a.c. a enti di regolazione dell'attività economica
2.04.21.01.007,U,2,04,Altri trasferimenti in conto capitale n.a.c. a Gruppo Equitalia
2.04.21.01.008,U,2,04,Altri trasferimenti in conto capitale n.a.c. a Anas S.p.A.
2.04.21.01.009,U,2,04,Altri trasferimenti in conto capitale n.a.c. a altri enti centrali produttori di servizi economici
2.04.21.01.010,U,2,04,Altri trasferimenti in conto capitale n.a.c. a autorità amministrative indipendenti
2.04.21.01.011,U,2,04,Altri trasferimenti in conto capitale n.a.c. a enti centrali a struttura associativa
2.04.21.01.012,U,2,04,"Altri trasferimenti in conto capitale n.a.c. a enti centrali produttori di servizi assistenziali, ricreativi e culturali"
2.04.21.01.013,U,2,04,Altri trasferimenti in conto capitale n.a.c. a enti e istituzioni centrali di ricerca e Istituti e stazioni sperimentali per la ricerca
2.04.21.01.999,U,2,04,Altri trasferimenti in conto capitale n.a.c. a altre Amministrazioni Centrali n.a.c.
2.04.21.02.001,U,2,04,Altri trasferimenti in conto capitale n.a.c. a Regioni e province autonome
2.04.21.02.002,U,2,04,Altri trasferimenti in conto capitale n.a.c. a Province
2.04.21.02.003,U,2,04,Altri trasferimenti in conto capitale n.a.c. a Comuni
2.04.21.02.004,U,2,04,Altri trasferimenti in conto capitale n.a.c. a Città metropolitane e Roma capitale
2.04.21.02.005,U,2,04,Altri trasferimenti in conto capitale n.a.c. a Unioni di Comuni
2.04.21.02.006,U,2,04,Altri trasferimenti in conto capitale n.a.c. a Comunità Montane
2.04.21.02.007,U,2,04,Altri trasferimenti in conto capitale n.a.c. a Camere di Commercio
2.04.21.02.008,U,2,04,Altri trasferimenti in conto capitale n.a.c. a Università
2.04.21.02.009,U,2,04,Altri trasferimenti in conto capitale n.a.c. a Parchi nazionali e consorzi ed enti autonomi gestori di parchi e aree naturali protette
2.04.21.02.010,U,2,04,Altri trasferimenti in conto capitale n.a.c. a Autorità Portuali
2.04.21.02.011,U,2,04,Altri trasferimenti in conto capitale n.a.c. a Aziende sanitarie locali
2.04.21.02.024,U,2,04,Altri trasferimenti in conto capitale n.a.c. a Aziende sanitarie locali  a titolo di ripiano perdite pregresse del SSR
2.04.21.02.012,U,2,04,Altri trasferimenti in conto capitale n.a.c. a Aziende ospedaliere e Aziende ospedaliere universitarie integrate con il SSN
2.04.21.02.029,U,2,04,Altri trasferimenti in conto capitale n.a.c. a Aziende ospedaliere e Aziende ospedaliere universitarie integrate con il SSN a titolo di ripiano perdite pregresse del SSR
2.04.21.02.013,U,2,04,Altri trasferimenti in conto capitale n.a.c. a Policlinici
2.04.21.02.014,U,2,04,Altri trasferimenti in conto capitale n.a.c. a Istituti di ricovero e cura a carattere scientifico pubblici
2.04.21.02.037,U,2,04,Altri trasferimenti in conto capitale n.a.c. a Istituti di ricovero e cura a carattere scientifico pubblici a titolo di ripiano perdite pregresse del SSR
2.04.21.02.015,U,2,04,Altri trasferimenti in conto capitale n.a.c. a altre Amministrazioni Locali produttrici di servizi sanitari
2.04.21.02.016,U,2,04,Altri trasferimenti in conto capitale n.a.c. a Agenzie regionali per le erogazioni in agricoltura
2.04.21.02.017,U,2,04,Altri trasferimenti in conto capitale n.a.c. a altri enti e agenzie regionali e sub regionali
2.04.21.02.018,U,2,04,Altri trasferimenti in conto capitale n.a.c. a Consorzi di enti locali
2.04.21.02.019,U,2,04,Altri trasferimenti in conto capitale n.a.c. a Fondazioni e istituzioni liriche locali e a Teatri stabili di iniziativa pubblica
2.04.21.02.999,U,2,04,Altri trasferimenti in conto capitale n.a.c. a altre Amministrazioni Locali n.a.c.
2.04.21.03.001,U,2,04,Altri trasferimenti in conto capitale n.a.c. a INPS
2.04.21.03.002,U,2,04,Altri trasferimenti in conto capitale n.a.c. a INAIL
2.04.21.03.999,U,2,04,Altri trasferimenti in conto capitale n.a.c. a altri Enti di Previdenza n.a.c.
2.04.21.99.001,U,2,04,Altri trasferimenti in conto capitale n.a.c. a organismi interni e/o unità locali della amministrazione
2.04.22.01.001,U,2,04,Altri trasferimenti in conto capitale n.a.c. a Famiglie
2.04.23.01.001,U,2,04,Altri trasferimenti in conto capitale n.a.c. a imprese controllate
2.04.23.02.001,U,2,04,Altri trasferimenti in conto capitale n.a.c. a altre imprese partecipate
2.04.23.03.999,U,2,04,Altri trasferimenti in conto capitale n.a.c. a altre Imprese
2.04.24.01.001,U,2,04,Altri trasferimenti in conto capitale n.a.c. a Istituzioni Sociali Private
2.04.25.01.001,U,2,04,Altri trasferimenti in conto capitale n.a.c. all'Unione Europea
2.04.25.02.001,U,2,04,Altri trasferimenti in conto capitale n.a.c. al Resto del Mondo
2.05.04.01.001,U,2,05,Rimborsi in conto capitale ad Amministrazioni Centrali di somme non dovute o incassate in eccesso
2.05.04.02.001,U,2,05,Rimborsi in conto capitale ad Amministrazioni Locali di somme non dovute o incassate in eccesso
2.05.04.03.001,U,2,05,Rimborsi in conto capitale a Enti Previdenziali di somme non dovute o incassate in eccesso
2.05.04.04.001,U,2,05,Rimborsi in conto capitale a Famiglie di somme non dovute o incassate in eccesso
2.05.04.05.001,U,2,05,Rimborsi in conto capitale a Imprese di somme non dovute o incassate in eccesso
2.05.04.06.001,U,2,05,Rimborsi in conto capitale a Istituzioni Sociali Private di somme non dovute o incassate in eccesso
2.05.04.07.001,U,2,05,Rimborsi in conto capitale a UE e Resto del Mondo di somme non dovute o incassate in eccesso
2.05.99.99.999,U,2,05,Altre spese in conto capitale n.a.c.
3.01.01.01.001,U,3,01,Acquisizioni di partecipazioni e conferimenti di capitale in imprese controllate incluse nelle Amministrazioni Centrali
3.01.01.01.002,U,3,01,Acquisizioni di partecipazioni e conferimenti di capitale in altre imprese partecipate incluse nelle Amministrazioni Centrali
3.01.01.01.003,U,3,01,Acquisizioni di partecipazioni e conferimenti di capitale in altre imprese incluse nelle Amministrazioni Centrali
3.01.01.02.001,U,3,01,Acquisizioni di partecipazioni e conferimenti di capitale in imprese controllate incluse nelle Amministrazioni Locali
3.01.01.02.002,U,3,01,Acquisizioni di partecipazioni e conferimenti di capitale in altre imprese partecipate incluse nelle Amministrazioni Locali
3.01.01.02.003,U,3,01,Acquisizioni di partecipazioni e conferimenti di capitale in altre imprese incluse nelle Amministrazioni Locali
3.01.01.03.001,U,3,01,Acquisizioni di partecipazioni e conferimenti di capitale in imprese controllate
3.01.01.03.002,U,3,01,Acquisizioni di partecipazioni e conferimenti di capitale in altre imprese partecipate
3.01.01.03.003,U,3,01,Acquisizioni di partecipazioni e conferimenti di capitale in altre imprese
3.01.01.04.001,U,3,01,Acquisizioni di partecipazioni e conferimenti di capitale in ISP controllate
3.01.01.04.002,U,3,01,Acquisizioni di partecipazioni e conferimenti di capitale in altre ISP
3.01.01.05.001,U,3,01,Acquisizioni di partecipazioni e conferimenti  di capitale in PA controllate incluse nelle   Amministrazioni Locali
3.01.01.05.002,U,3,01,Acquisizioni di partecipazioni e conferimenti di capitale in PA partecipate incluse nelle   Amministrazioni Locali
3.01.01.05.003,U,3,01,Acquisizioni di partecipazioni e conferimenti  di capitale in altre  PA  incluse nelle   Amministrazioni Locali
3.01.02.01.001,U,3,01,Acquisizioni di quote di fondi immobiliari
3.01.02.02.001,U,3,01,Acquisizioni di quote di altri fondi comuni di investimento
3.01.03.01.001,U,3,01,Acquisizione di titoli obbligazionari a breve termine emessi da Amministrazioni Centrali
3.01.03.02.001,U,3,01,Acquisizione di titoli obbligazionari a breve termine emessi da Amministrazioni Locali
3.01.03.03.001,U,3,01,Acquisizione di titoli obbligazionari a breve termine emessi da soggetti residenti
3.01.03.04.001,U,3,01,Acquisizione di titoli obbligazionari a breve termine emessi da soggetti non residenti
3.01.04.01.001,U,3,01,Acquisizione di titoli obbligazionari a medio-lungo emessi da Amministrazioni Centrali
3.01.04.02.001,U,3,01,Acquisizione di titoli obbligazionari a medio-lungo emessi da Amministrazioni Locali
3.01.04.03.001,U,3,01,Acquisizione di titoli obbligazionari a medio-lungo emessi da altri soggetti residenti
3.01.04.04.001,U,3,01,Acquisizione di titoli obbligazionari a medio-lungo emessi da soggetti non residenti
3.02.01.01.001,U,3,02,Concessione crediti di breve periodo a tasso agevolato a Ministeri
3.02.01.01.003,U,3,02,Concessione crediti di breve periodo a tasso agevolato a Presidenza del Consiglio dei Ministri
3.02.01.01.004,U,3,02,Concessione crediti di breve periodo a tasso agevolato a Organi Costituzionali e di rilievo costituzionale
3.02.01.01.005,U,3,02,Concessione crediti di breve periodo a tasso agevolato a Agenzie Fiscali
3.02.01.01.006,U,3,02,Concessione crediti di breve periodo a tasso agevolato a enti di regolazione dell'attività economica
3.02.01.01.007,U,3,02,Concessione crediti di breve periodo a tasso agevolato a Gruppo Equitalia
3.02.01.01.008,U,3,02,Concessione crediti di breve periodo a tasso agevolato a Anas S.p.A.
3.02.01.01.009,U,3,02,Concessione crediti di breve periodo a tasso agevolato a altri enti centrali produttori di servizi economici
3.02.01.01.010,U,3,02,Concessione crediti di breve periodo a tasso agevolato a autorità amministrative indipendenti
3.02.01.01.011,U,3,02,Concessione crediti di breve periodo a tasso agevolato a enti centrali a struttura associativa
3.02.01.01.012,U,3,02,"Concessione crediti di breve periodo a tasso agevolato a enti centrali produttori di servizi assistenziali, ricreativi e culturali"
3.02.01.01.013,U,3,02,Concessione crediti di breve periodo a tasso agevolato a enti e istituzioni centrali di ricerca e istituti e stazioni sperimentali per la ricerca
3.02.01.01.999,U,3,02,Concessione crediti di breve periodo a tasso agevolato a altre Amministrazioni Centrali n.a.c.
3.02.01.02.001,U,3,02,Concessione crediti di breve periodo a tasso agevolato a Regioni e province autonome
3.02.01.02.002,U,3,02,Concessione crediti di breve periodo a tasso agevolato a Province
3.02.01.02.003,U,3,02,Concessione crediti di breve periodo a tasso agevolato a Comuni
3.02.01.02.004,U,3,02,Concessione crediti di breve periodo a tasso agevolato a Città metropolitane e Roma capitale
3.02.01.02.005,U,3,02,Concessione crediti di breve periodo a tasso agevolato a Unioni di Comuni
3.02.01.02.006,U,3,02,Concessione crediti di breve periodo a tasso agevolato a Comunità Montane
3.02.01.02.007,U,3,02,Concessione crediti di breve periodo a tasso agevolato a Camere di Commercio
3.02.01.02.008,U,3,02,Concessione crediti di breve periodo a tasso agevolato a Università
3.02.01.02.009,U,3,02,Concessione crediti di breve periodo a tasso agevolato a Parchi nazionali e consorzi ed enti autonomi gestori di parchi e aree naturali protette
3.02.01.02.010,U,3,02,Concessione crediti di breve periodo a tasso agevolato a Autorità Portuali
3.02.01.02.011,U,3,02,Concessione crediti di breve periodo a tasso agevolato a Aziende sanitarie locali
3.02.01.02.012,U,3,02,Concessione crediti di breve periodo a tasso agevolato a Aziende ospedaliere e Aziende ospedaliere universitarie integrate con il SSN
3.02.01.02.013,U,3,02,Concessione crediti di breve periodo a tasso agevolato a Policlinici
3.02.01.02.014,U,3,02,Concessione crediti di breve periodo a tasso agevolato a Istituti di ricovero e cura a carattere scientifico pubblici
3.02.01.02.015,U,3,02,Concessione crediti di breve periodo a tasso agevolato a altre Amministrazioni Locali produttrici di servizi sanitari
3.02.01.02.016,U,3,02,Concessione crediti di breve periodo a tasso agevolato a Agenzie regionali per le erogazioni in agricoltura
3.02.01.02.017,U,3,02,Concessione crediti di breve periodo a tasso agevolato a altri enti e agenzie regionali e sub regionali
3.02.01.02.018,U,3,02,Concessione crediti di breve periodo a tasso agevolato a Consorzi di enti locali
3.02.01.02.019,U,3,02,Concessione crediti di breve periodo a tasso agevolato a Fondazioni e istituzioni liriche locali e a Teatri stabili di iniziativa pubblica
3.02.01.02.999,U,3,02,Concessione crediti di breve periodo a tasso agevolato a altre Amministrazioni Locali n.a.c.
3.02.01.03.001,U,3,02,Concessione crediti di breve periodo a tasso agevolato a INPS
3.02.01.03.002,U,3,02,Concessione crediti di breve periodo a tasso agevolato a INAIL
3.02.01.03.999,U,3,02,Concessione crediti di breve periodo a tasso agevolato a altri Enti di Previdenza n.a.c.
3.02.01.04.001,U,3,02,Concessione crediti di breve periodo a tasso agevolato a organismi interni e/o unità locali dell'amministrazione
3.02.02.01.001,U,3,02,Concessione crediti di breve periodo a tasso agevolato a Famiglie
3.02.03.01.001,U,3,02,Concessione crediti di breve periodo a tasso agevolato a imprese controllate
3.02.03.02.001,U,3,02,Concessione crediti di breve periodo a tasso agevolato a altre imprese partecipate
3.02.03.03.001,U,3,02,Concessione crediti di breve periodo a tasso agevolato alla Cassa Depositi e Prestiti - SPA
3.02.03.04.999,U,3,02,Concessione crediti di breve periodo a tasso agevolato a altre Imprese
3.02.04.01.001,U,3,02,Concessione crediti di breve periodo a tasso agevolato a Istituzioni Sociali Private
3.02.05.01.001,U,3,02,Concessione crediti di breve periodo a tasso agevolato all'Unione Europea
3.02.05.02.001,U,3,02,Concessione crediti di breve periodo a tasso agevolato al Resto del Mondo
3.02.06.01.001,U,3,02,Concessione crediti di breve periodo a tasso non agevolato a Ministeri
3.02.06.01.003,U,3,02,Concessione crediti di breve periodo a tasso non agevolato a Presidenza del Consiglio dei Ministri
3.02.06.01.004,U,3,02,Concessione crediti di breve periodo a tasso non agevolato a Organi Costituzionali e di rilievo costituzionale
3.02.06.01.005,U,3,02,Concessione crediti di breve periodo a tasso non agevolato a Agenzie Fiscali
3.02.06.01.006,U,3,02,Concessione crediti di breve periodo a tasso non agevolato a enti di regolazione dell'attività economica
3.02.06.01.007,U,3,02,Concessione crediti di breve periodo a tasso non agevolato a Gruppo Equitalia
3.02.06.01.008,U,3,02,Concessione crediti di breve periodo a tasso non agevolato a Anas S.p.A.
3.02.06.01.009,U,3,02,Concessione crediti di breve periodo a tasso non agevolato a altri enti centrali produttori di servizi economici
3.02.06.01.010,U,3,02,Concessione crediti di breve periodo a tasso non agevolato a autorità amministrative indipendenti
3.02.06.01.011,U,3,02,Concessione crediti di breve periodo a tasso non agevolato a enti centrali a struttura associativa
3.02.06.01.012,U,3,02,"Concessione crediti di breve periodo a tasso non agevolato a enti centrali produttori di servizi assistenziali, ricreativi e culturali"
3.02.06.01.013,U,3,02,Concessione crediti di breve periodo a tasso non agevolato a enti e istituzioni centrali di ricerca e Istituti e stazioni sperimentali per la ricerca
3.02.06.01.999,U,3,02,Concessione crediti di breve periodo a tasso non agevolato a altre Amministrazioni Centrali n.a.c.
3.02.06.02.001,U,3,02,Concessione crediti di breve periodo a tasso non agevolato a Regioni e province autonome
3.02.06.02.002,U,3,02,Concessione crediti di breve periodo a tasso non agevolato a Province
3.02.06.02.003,U,3,02,Concessione crediti di breve periodo a tasso non agevolato a Comuni
3.02.06.02.004,U,3,02,Concessione crediti di breve periodo a tasso non agevolato a Città metropolitane e Roma capitale
3.02.06.02.005,U,3,02,Concessione crediti di breve periodo a tasso non agevolato a Unioni di Comuni
3.02.06.02.006,U,3,02,Concessione crediti di breve periodo a tasso non agevolato a Comunità Montane
3.02.06.02.007,U,3,02,Concessione crediti di breve periodo a tasso non agevolato a Camere di Commercio
3.02.06.02.008,U,3,02,Concessione crediti di breve periodo a tasso non agevolato a Università
3.02.06.02.009,U,3,02,Concessione crediti di breve periodo a tasso non agevolato a Parchi nazionali e consorzi ed enti autonomi gestori di parchi e aree naturali protette
3.02.06.02.010,U,3,02,Concessione crediti di breve periodo a tasso non agevolato a Autorità Portuali
3.02.06.02.011,U,3,02,Concessione crediti di breve periodo a tasso non agevolato a Aziende sanitarie locali
3.02.06.02.012,U,3,02,Concessione crediti di breve periodo a tasso non agevolato a Aziende ospedaliere e Aziende ospedaliere universitarie integrate con il SSN
3.02.06.02.013,U,3,02,Concessione crediti di breve periodo a tasso non agevolato a Policlinici
3.02.06.02.014,U,3,02,Concessione crediti di breve periodo a tasso non agevolato a Istituti di ricovero e cura a carattere scientifico pubblici
3.02.06.02.015,U,3,02,Concessione crediti di breve periodo a tasso non agevolato a altre Amministrazioni Locali produttrici di servizi sanitari
3.02.06.02.016,U,3,02,Concessione crediti di breve periodo a tasso non agevolato a Agenzie regionali per le erogazioni in agricoltura
3.02.06.02.017,U,3,02,Concessione crediti di breve periodo a tasso non agevolato a altri enti e agenzie regionali e sub regionali
3.02.06.02.018,U,3,02,Concessione crediti di breve periodo a tasso non agevolato a Consorzi di enti locali
3.02.06.02.019,U,3,02,Concessione crediti di breve periodo a tasso non agevolato a Fondazioni e istituzioni liriche locali e a Teatri stabili di iniziativa pubblica
3.02.06.02.999,U,3,02,Concessione crediti di breve periodo a tasso non agevolato a altre Amministrazioni Locali n.a.c.
3.02.06.03.001,U,3,02,Concessione crediti di breve periodo a tasso non agevolato a INPS
3.02.06.03.002,U,3,02,Concessione crediti di breve periodo a tasso non agevolato a INAIL
3.02.06.03.999,U,3,02,Concessione crediti di breve periodo a tasso non agevolato a altri Enti di Previdenza n.a.c.
3.02.06.04.001,U,3,02,Concessione crediti di breve periodo a tasso non agevolato a organismi interni e/o unità locali dell'amministrazione
3.02.07.01.001,U,3,02,Concessione crediti di breve periodo a tasso non agevolato a Famiglie
3.02.08.01.001,U,3,02,Concessione crediti di breve periodo a tasso non agevolato a imprese controllate
3.02.08.02.001,U,3,02,Concessione crediti di breve periodo a tasso non agevolato a altre imprese partecipate
3.02.08.03.001,U,3,02,Concessione crediti di breve periodo a tasso non agevolato alla Cassa Depositi e Prestiti - SPA
3.02.08.04.999,U,3,02,Concessione crediti di breve periodo a tasso non agevolato a altre Imprese
3.02.09.01.001,U,3,02,Concessione crediti di breve periodo a tasso non agevolato a Istituzioni Sociali Private
3.02.10.01.001,U,3,02,Concessione crediti di breve periodo a tasso non agevolato all'Unione Europea
3.02.10.02.001,U,3,02,Concessione crediti di breve periodo a tasso non agevolato al Resto del Mondo
3.03.01.01.001,U,3,03,Concessione Crediti di medio-lungo termine a tasso agevolato a Ministeri
3.03.01.01.003,U,3,03,Concessione Crediti di medio-lungo termine a tasso agevolato a Presidenza del Consiglio dei Ministri
3.03.01.01.004,U,3,03,Concessione Crediti di medio-lungo termine a tasso agevolato a Organi Costituzionali e di rilievo costituzionale
3.03.01.01.005,U,3,03,Concessione Crediti di medio-lungo termine a tasso agevolato a Agenzie Fiscali
3.03.01.01.006,U,3,03,Concessione Crediti di medio-lungo termine a tasso agevolato a enti di regolazione dell'attività economica
3.03.01.01.007,U,3,03,Concessione Crediti di medio-lungo termine a tasso agevolato a Gruppo Equitalia
3.03.01.01.008,U,3,03,Concessione Crediti di medio-lungo termine a tasso agevolato a Anas S.p.A.
3.03.01.01.009,U,3,03,Concessione Crediti di medio-lungo termine a tasso agevolato a altri enti centrali produttori di servizi economici
3.03.01.01.010,U,3,03,Concessione Crediti di medio-lungo termine a tasso agevolato a autorità amministrative indipendenti
3.03.01.01.011,U,3,03,Concessione Crediti di medio-lungo termine a tasso agevolato a enti centrali a struttura associativa
3.03.01.01.012,U,3,03,"Concessione Crediti di medio-lungo termine a tasso agevolato a enti centrali produttori di servizi assistenziali, ricreativi e culturali"
3.03.01.01.013,U,3,03,Concessione Crediti di medio-lungo termine a tasso agevolato a enti e istituzioni centrali di ricerca e Istituti e stazioni sperimentali per la ricerca
3.03.01.01.999,U,3,03,Concessione Crediti di medio-lungo termine a tasso agevolato a altre Amministrazioni Centrali n.a.c.
3.03.01.02.001,U,3,03,Concessione Crediti di medio-lungo termine a tasso agevolato a Regioni e province autonome
3.03.01.02.002,U,3,03,Concessione Crediti di medio-lungo termine a tasso agevolato a Province
3.03.01.02.003,U,3,03,Concessione Crediti di medio-lungo termine a tasso agevolato a Comuni
3.03.01.02.004,U,3,03,Concessione Crediti di medio-lungo termine a tasso agevolato a Città metropolitane e Roma capitale
3.03.01.02.005,U,3,03,Concessione Crediti di medio-lungo termine a tasso agevolato a Unioni di Comuni
3.03.01.02.006,U,3,03,Concessione Crediti di medio-lungo termine a tasso agevolato a Comunità Montane
3.03.01.02.007,U,3,03,Concessione Crediti di medio-lungo termine a tasso agevolato a Camere di Commercio
3.03.01.02.008,U,3,03,Concessione Crediti di medio-lungo termine a tasso agevolato a Università
3.03.01.02.009,U,3,03,Concessione Crediti di medio-lungo termine a tasso agevolato a Parchi nazionali e consorzi ed enti autonomi gestori di parchi e aree naturali protette
3.03.01.02.010,U,3,03,Concessione Crediti di medio-lungo termine a tasso agevolato a Autorità Portuali
3.03.01.02.011,U,3,03,Concessione Crediti di medio-lungo termine a tasso agevolato a Aziende sanitarie locali
3.03.01.02.012,U,3,03,Concessione Crediti di medio-lungo termine a tasso agevolato a Aziende ospedaliere e Aziende ospedaliere universitarie integrate con il SSN
3.03.01.02.013,U,3,03,Concessione Crediti di medio-lungo termine a tasso agevolato a Policlinici
3.03.01.02.014,U,3,03,Concessione Crediti di medio-lungo termine a tasso agevolato a Istituti di ricovero e cura a carattere scientifico pubblici
3.03.01.02.015,U,3,03,Concessione Crediti di medio-lungo termine a tasso agevolato a altre Amministrazioni Locali produttrici di servizi sanitari
3.03.01.02.016,U,3,03,Concessione Crediti di medio-lungo termine a tasso agevolato a Agenzie regionali per le erogazioni in agricoltura
3.03.01.02.017,U,3,03,Concessione Crediti di medio-lungo termine a tasso agevolato a altri enti e agenzie regionali e sub regionali
3.03.01.02.018,U,3,03,Concessione Crediti di medio-lungo termine a tasso agevolato a Consorzi di enti locali
3.03.01.02.019,U,3,03,Concessione Crediti di medio-lungo termine a tasso agevolato a Fondazioni e istituzioni liriche locali e a Teatri stabili di iniziativa pubblica
3.03.01.02.999,U,3,03,Concessione Crediti di medio-lungo termine a tasso agevolato a altre Amministrazioni Locali n.a.c.
3.03.01.03.001,U,3,03,Concessione Crediti di medio-lungo termine a tasso agevolato a INPS
3.03.01.03.002,U,3,03,Concessione Crediti di medio-lungo termine a tasso agevolato a INAIL
3.03.01.03.999,U,3,03,Concessione Crediti di medio-lungo termine a tasso agevolato a altri Enti di Previdenza n.a.c.
3.03.01.04.001,U,3,03,Concessione Crediti di medio-lungo termine a tasso agevolato a organismi interni e/o unità locali dell'amministrazione
3.03.02.01.001,U,3,03,Concessione Crediti di medio-lungo termine a tasso agevolato a Famiglie
3.03.03.01.001,U,3,03,Concessione Crediti di medio-lungo termine a tasso agevolato a imprese controllate
3.03.03.02.001,U,3,03,Concessione Crediti di medio-lungo termine a tasso agevolato a altre imprese partecipate
3.03.03.03.001,U,3,03,Concessione Crediti di medio-lungo termine a tasso agevolato alla Cassa Depositi e Prestiti - SPA
3.03.03.04.999,U,3,03,Concessione Crediti di medio-lungo termine a tasso agevolato a altre Imprese
3.03.04.01.001,U,3,03,Concessione Crediti di medio-lungo termine a tasso agevolato a Istituzioni Sociali Private
3.03.05.01.001,U,3,03,Concessione Crediti di medio-lungo termine a tasso agevolato all'Unione Europea
3.03.05.02.001,U,3,03,Concessione Crediti di medio-lungo termine a tasso agevolato al Resto del Mondo
3.03.06.01.001,U,3,03,Concessione crediti di medio-lungo termine a tasso non agevolato a Ministeri
3.03.06.01.003,U,3,03,Concessione crediti di medio-lungo termine a tasso non agevolato a Presidenza del Consiglio dei Ministri
3.03.06.01.004,U,3,03,Concessione crediti di medio-lungo termine a tasso non agevolato a Organi Costituzionali e di rilievo costituzionale
3.03.06.01.005,U,3,03,Concessione crediti di medio-lungo termine a tasso non agevolato a Agenzie Fiscali
3.03.06.01.006,U,3,03,Concessione crediti di medio-lungo termine a tasso non agevolato a enti di regolazione dell'attività economica
3.03.06.01.007,U,3,03,Concessione crediti di medio-lungo termine a tasso non agevolato a Gruppo Equitalia
3.03.06.01.008,U,3,03,Concessione crediti di medio-lungo termine a tasso non agevolato a Anas S.p.A.
3.03.06.01.009,U,3,03,Concessione crediti di medio-lungo termine a tasso non agevolato a altri enti centrali produttori di servizi economici
3.03.06.01.010,U,3,03,Concessione crediti di medio-lungo termine a tasso non agevolato a autorità amministrative indipendenti
3.03.06.01.011,U,3,03,Concessione crediti di medio-lungo termine a tasso non agevolato a enti centrali a struttura associativa
3.03.06.01.012,U,3,03,"Concessione crediti di medio-lungo termine a tasso non agevolato a enti centrali produttori di servizi assistenziali, ricreativi e culturali"
3.03.06.01.013,U,3,03,Concessione crediti di medio-lungo termine a tasso non agevolato a enti e istituzioni centrali di ricerca e Istituti e stazioni sperimentali per la ricerca
3.03.06.01.999,U,3,03,Concessione crediti di medio-lungo termine a tasso non agevolato a altre Amministrazioni Centrali n.a.c.
3.03.06.02.001,U,3,03,Concessione crediti di medio-lungo termine a tasso non agevolato a Regioni e province autonome
3.03.06.02.002,U,3,03,Concessione crediti di medio-lungo termine a tasso non agevolato a Province
3.03.06.02.003,U,3,03,Concessione crediti di medio-lungo termine a tasso non agevolato a Comuni
3.03.06.02.004,U,3,03,Concessione crediti di medio-lungo termine a tasso non agevolato a Città metropolitane e Roma capitale
3.03.06.02.005,U,3,03,Concessione crediti di medio-lungo termine a tasso non agevolato a Unioni di Comuni
3.03.06.02.006,U,3,03,Concessione crediti di medio-lungo termine a tasso non agevolato a Comunità Montane
3.03.06.02.007,U,3,03,Concessione crediti di medio-lungo termine a tasso non agevolato a Camere di Commercio
3.03.06.02.008,U,3,03,Concessione crediti di medio-lungo termine a tasso non agevolato a Università
3.03.06.02.009,U,3,03,Concessione crediti di medio-lungo termine a tasso non agevolato a Parchi nazionali e consorzi ed enti autonomi gestori di parchi e aree naturali protette
3.03.06.02.010,U,3,03,Concessione crediti di medio-lungo termine a tasso non agevolato a Autorità Portuali
3.03.06.02.011,U,3,03,Concessione crediti di medio-lungo termine a tasso non agevolato a Aziende sanitarie locali
3.03.06.02.012,U,3,03,Concessione crediti di medio-lungo termine a tasso non agevolato a Aziende ospedaliere e Aziende ospedaliere universitarie integrate con il SSN
3.03.06.02.013,U,3,03,Concessione crediti di medio-lungo termine a tasso non agevolato a Policlinici
3.03.06.02.014,U,3,03,Concessione crediti di medio-lungo termine a tasso non agevolato a Istituti di ricovero e cura a carattere scientifico pubblici
3.03.06.02.015,U,3,03,Concessione crediti di medio-lungo termine a tasso non agevolato a altre Amministrazioni Locali produttrici di servizi sanitari
3.03.06.02.016,U,3,03,Concessione crediti di medio-lungo termine a tasso non agevolato a Agenzie regionali per le erogazioni in agricoltura
3.03.06.02.017,U,3,03,Concessione crediti di medio-lungo termine a tasso non agevolato a altri enti e agenzie regionali e sub regionali
3.03.06.02.018,U,3,03,Concessione crediti di medio-lungo termine a tasso non agevolato a Consorzi di enti locali
3.03.06.02.019,U,3,03,Concessione crediti di medio-lungo termine a tasso non agevolato a Fondazioni e istituzioni liriche locali e a Teatri stabili di iniziativa pubblica
3.03.06.02.999,U,3,03,Concessione crediti di medio-lungo termine a tasso non agevolato a altre Amministrazioni Locali n.a.c.
3.03.06.03.001,U,3,03,Concessione crediti di medio-lungo termine a tasso non agevolato a INPS
3.03.06.03.002,U,3,03,Concessione crediti di medio-lungo termine a tasso non agevolato a INAIL
3.03.06.03.999,U,3,03,Concessione crediti di medio-lungo termine a tasso non agevolato a altri Enti di Previdenza n.a.c.
3.03.06.04.001,U,3,03,Concessione crediti di medio-lungo termine a tasso non agevolato a organismi interni e/o unità locali dell'amministrazione
3.03.07.01.001,U,3,03,Concessione crediti di medio-lungo termine a tasso non agevolato a Famiglie
3.03.08.01.001,U,3,03,Concessione crediti di medio-lungo termine a tasso non agevolato a imprese controllate
3.03.08.02.001,U,3,03,Concessione crediti di medio-lungo termine a tasso non agevolato a altre imprese partecipate
3.03.08.03.001,U,3,03,Concessione crediti di medio-lungo termine a tasso non agevolato alla Cassa Depositi e Prestiti - SPA
3.03.08.04.999,U,3,03,Concessione crediti di medio-lungo termine a tasso non agevolato a altre Imprese
3.03.09.01.001,U,3,03,Concessione crediti di medio-lungo termine a tasso non agevolato a Istituzioni Sociali Private
3.03.10.01.001,U,3,03,Concessione crediti di medio-lungo termine a tasso non agevolato all'Unione Europea
3.03.10.02.001,U,3,03,Concessione crediti di medio-lungo termine a tasso non agevolato al Resto del Mondo
3.03.11.01.001,U,3,03,Concessione crediti a Ministeri a seguito di escussione di garanzie
3.03.11.01.003,U,3,03,Concessione crediti a Presidenza del Consiglio dei Ministri a seguito di escussione di garanzie
3.03.11.01.004,U,3,03,Concessione crediti a Organi Costituzionali e di rilievo costituzionale a seguito di escussione di garanzie
3.03.11.01.005,U,3,03,Concessione crediti a Agenzie Fiscali a seguito di escussione di garanzie
3.03.11.01.006,U,3,03,Concessione crediti a enti di regolazione dell'attività economica a seguito di escussione di garanzie
3.03.11.01.007,U,3,03,Concessione crediti a Gruppo Equitalia a seguito di escussione di garanzie
3.03.11.01.008,U,3,03,Concessione crediti a Anas S.p.A. a seguito di escussione di garanzie
3.03.11.01.009,U,3,03,Concessione crediti a altri enti centrali produttori di servizi economici a seguito di escussione di garanzie
3.03.11.01.010,U,3,03,Concessione crediti a autorità amministrative indipendenti a seguito di escussione di garanzie
3.03.11.01.011,U,3,03,Concessione crediti a enti centrali a struttura associativa a seguito di escussione di garanzie
3.03.11.01.012,U,3,03,"Concessione crediti a enti centrali produttori di servizi assistenziali, ricreativi e culturali a seguito di escussione di garanzie"
3.03.11.01.013,U,3,03,Concessione crediti a enti e istituzioni centrali di ricerca e Istituti e stazioni sperimentali per la ricerca a seguito di escussione di garanzie
3.03.11.01.999,U,3,03,Concessione crediti a altre Amministrazioni Centrali n.a.c. a seguito di escussione di garanzie
3.03.11.02.001,U,3,03,Concessione crediti a Regioni e province autonome a seguito di escussione di garanzie
3.03.11.02.002,U,3,03,Concessione crediti a Province a seguito di escussione di garanzie
3.03.11.02.003,U,3,03,Concessione crediti a Comuni a seguito di escussione di garanzie
3.03.11.02.004,U,3,03,Concessione crediti a Città metropolitane e Roma capitale a seguito di escussione di garanzie
3.03.11.02.005,U,3,03,Concessione crediti a Unioni di Comuni a seguito di escussione di garanzie
3.03.11.02.006,U,3,03,Concessione crediti a Comunità Montane a seguito di escussione di garanzie
3.03.11.02.007,U,3,03,Concessione crediti a Camere di Commercio a seguito di escussione di garanzie
3.03.11.02.008,U,3,03,Concessione crediti a Università a seguito di escussione di garanzie
3.03.11.02.009,U,3,03,Concessione crediti a Parchi nazionali e consorzi ed enti autonomi gestori di parchi e aree naturali protette a seguito di escussione di garanzie
3.03.11.02.010,U,3,03,Concessione crediti a Autorità Portuali a seguito di escussione di garanzie
3.03.11.02.011,U,3,03,Concessione crediti a Aziende sanitarie locali  a seguito di escussione di garanzie
3.03.11.02.012,U,3,03,Concessione crediti a Aziende ospedaliere e Aziende ospedaliere universitarie integrate con il SSN a seguito di escussione di garanzie
3.03.11.02.013,U,3,03,Concessione crediti a Policlinici a seguito di escussione di garanzie
3.03.11.02.014,U,3,03,Concessione crediti a Istituti di ricovero e cura a carattere scientifico pubblici a seguito di escussione di garanzie
3.03.11.02.015,U,3,03,Concessione crediti a altre Amministrazioni Locali produttrici di servizi sanitari a seguito di escussione di garanzie
3.03.11.02.016,U,3,03,Concessione crediti a Agenzie regionali per le erogazioni in agricoltura a seguito di escussione di garanzie
3.03.11.02.017,U,3,03,Concessione crediti a altri enti e agenzie regionali e sub regionali a seguito di escussione di garanzie
3.03.11.02.018,U,3,03,Concessione crediti a Consorzi di enti locali a seguito di escussione di garanzie
3.03.11.02.019,U,3,03,Concessione crediti a Fondazioni e istituzioni liriche locali e a Teatri stabili di iniziativa pubblica a seguito di escussione di garanzie
3.03.11.02.999,U,3,03,Concessione crediti a altre Amministrazioni Locali n.a.c. a seguito di escussione di garanzie
3.03.11.03.001,U,3,03,Concessione crediti a INPS a seguito di escussione di garanzie
3.03.11.03.002,U,3,03,Concessione crediti a INAIL a seguito di escussione di garanzie
3.03.11.03.999,U,3,03,Concessione crediti a altri Enti di Previdenza n.a.c. a seguito di escussione di garanzie
3.03.12.01.001,U,3,03,Concessione crediti a Famiglie a seguito di escussione di garanzie
3.03.13.01.001,U,3,03,Concessione crediti a imprese controllate a seguito di escussione di garanzie
3.03.13.02.001,U,3,03,Concessione crediti a altre imprese partecipate a seguito di escussione di garanzie
3.03.13.03.001,U,3,03,Concessione crediti alla Cassa Depositi e Prestiti - SPA a seguito di escussione di garanzie
3.03.13.04.999,U,3,03,Concessione crediti a altre Imprese a seguito di escussione di garanzie
3.03.14.01.001,U,3,03,Concessione crediti a Istituzioni Sociali Private  a seguito di escussione di garanzie
3.03.15.01.001,U,3,03,Concessione crediti a Unione Europea a seguito di escussione di garanzie
3.03.15.02.001,U,3,03,Concessione crediti a Resto del Mondo a seguito di escussione di garanzie
3.04.01.01.001,U,3,04,Incremento di altre attività finanziarie verso Ministeri
3.04.01.01.003,U,3,04,Incremento di altre attività finanziarie verso Presidenza del Consiglio dei Ministri
3.04.01.01.004,U,3,04,Incremento di altre attività finanziarie verso Organi Costituzionali e di rilievo costituzionale
3.04.01.01.005,U,3,04,Incremento di altre attività finanziarie verso Agenzie Fiscali
3.04.01.01.006,U,3,04,Incremento di altre attività finanziarie verso enti di regolazione dell'attività economica
3.04.01.01.007,U,3,04,Incremento di altre attività finanziarie verso Gruppo Equitalia
3.04.01.01.008,U,3,04,Incremento di altre attività finanziarie verso Anas S.p.A.
3.04.01.01.009,U,3,04,Incremento di altre attività finanziarie verso altri enti centrali produttori di servizi economici
3.04.01.01.010,U,3,04,Incremento di altre attività finanziarie verso autorità amministrative indipendenti
3.04.01.01.011,U,3,04,Incremento di altre attività finanziarie verso enti centrali a struttura associativa
3.04.01.01.012,U,3,04,"Incremento di altre attività finanziarie verso enti centrali produttori di servizi assistenziali, ricreativi e culturali"
3.04.01.01.013,U,3,04,Incremento di altre attività finanziarie verso enti e istituzioni centrali di ricerca e Istituti e stazioni sperimentali per la ricerca
3.04.01.01.999,U,3,04,Incremento di altre attività finanziarie verso altre Amministrazioni Centrali n.a.c.
3.04.01.02.001,U,3,04,Incremento di altre attività finanziarie verso Regioni e province autonome
3.04.01.02.002,U,3,04,Incremento di altre attività finanziarie verso Province
3.04.01.02.003,U,3,04,Incremento di altre attività finanziarie verso Comuni
3.04.01.02.004,U,3,04,Incremento di altre attività finanziarie verso Città metropolitane e Roma capitale
3.04.01.02.005,U,3,04,Incremento di altre attività finanziarie verso Unioni di Comuni
3.04.01.02.006,U,3,04,Incremento di altre attività finanziarie verso Comunità Montane
3.04.01.02.007,U,3,04,Incremento di altre attività finanziarie verso Camere di Commercio
3.04.01.02.008,U,3,04,Incremento di altre attività finanziarie verso Università
3.04.01.02.009,U,3,04,Incremento di altre attività finanziarie verso Parchi nazionali e consorzi ed enti autonomi gestori di parchi e aree naturali protette
3.04.01.02.010,U,3,04,Incremento di altre attività finanziarie verso Autorità Portuali
3.04.01.02.011,U,3,04,Incremento di altre attività finanziarie verso Aziende sanitarie locali
3.04.01.02.012,U,3,04,Incremento di altre attività finanziarie verso Aziende ospedaliere e Aziende ospedaliere universitarie integrate con il SSN
3.04.01.02.013,U,3,04,Incremento di altre attività finanziarie verso Policlinici
3.04.01.02.014,U,3,04,Incremento di altre attività finanziarie verso Istituti di ricovero e cura a carattere scientifico pubblici
3.04.01.02.015,U,3,04,Incremento di altre attività finanziarie verso altre Amministrazioni Locali produttrici di servizi sanitari
3.04.01.02.016,U,3,04,Incremento di altre attività finanziarie verso Agenzie regionali per le erogazioni in agricoltura
3.04.01.02.017,U,3,04,Incremento di altre attività finanziarie verso altri enti e agenzie regionali e sub regionali
3.04.01.02.018,U,3,04,Incremento di altre attività finanziarie verso Consorzi di enti locali
3.04.01.02.019,U,3,04,Incremento di altre attività finanziarie verso Fondazioni e istituzioni liriche locali e a Teatri stabili di iniziativa pubblica
3.04.01.02.999,U,3,04,Incremento di altre attività finanziarie verso altre Amministrazioni Locali n.a.c.
3.04.01.03.001,U,3,04,Incremento di altre attività finanziarie verso INPS
3.04.01.03.002,U,3,04,Incremento di altre attività finanziarie verso INAIL
3.04.01.03.999,U,3,04,Incremento di altre attività finanziarie verso altri Enti di Previdenza n.a.c.
3.04.02.01.001,U,3,04,Incremento di altre attività finanziarie verso Famiglie
3.04.03.01.001,U,3,04,Incremento di altre attività finanziarie verso imprese controllate
3.04.03.02.001,U,3,04,Incremento di altre attività finanziarie verso altre imprese partecipate
3.04.03.03.001,U,3,04,Incremento di altre attività finanziarie versolla Cassa Depositi e Prestiti - SPA
3.04.03.04.999,U,3,04,Incremento di altre attività finanziarie verso altre Imprese
3.04.04.01.001,U,3,04,Incremento di altre attività finanziarie verso Istituzioni Sociali Private
3.04.05.01.001,U,3,04,Incremento di altre attività finanziarie verso la UE
3.04.05.02.001,U,3,04,Incremento di altre attività finanziarie verso il Resto del Mondo
3.04.06.01.001,U,3,04,Versamenti ai conti di tesoreria statale (da parte dei soggetti non sottoposti al regime di Tesoreria Unica)
3.04.07.01.001,U,3,04,Versamenti a depositi bancari
3.04.08.01.001,U,3,04,Spese derivanti dalla sottoscrizione di un derivato di ammortamento
3.04.08.01.002,U,3,04,Spese derivanti dalla chiusura anticipata di un derivato di ammortamento
4.01.01.01.001,U,4,01,Rimborso prestiti - titoli a tasso fisso - valuta domestica
4.01.01.01.002,U,4,01,Rimborso prestiti - titoli a tasso variabile - valuta domestica
4.01.01.02.001,U,4,01,Rimborso prestiti - titoli a tasso fisso - valuta estera
4.01.01.02.002,U,4,01,Rimborso prestiti - titoli a tasso variabile - valuta estera
4.01.02.01.001,U,4,01,Rimborso di titoli obbligazionari a medio-lungo termine a tasso fisso - valuta domestica
4.01.02.01.002,U,4,01,Rimborso di titoli obbligazionari a medio-lungo termine a tasso variabile - valuta domestica
4.01.02.02.001,U,4,01,Rimborso di titoli obbligazionari a medio-lungo termine a tasso fisso - valuta estera
4.01.02.02.002,U,4,01,Rimborso di titoli obbligazionari a medio-lungo termine a tasso variabile - valuta estera
4.02.01.01.001,U,4,02,Rimborso finanziamenti a breve termine a Ministeri
4.02.01.01.002,U,4,02,Rimborso finanziamenti a breve termine a Presidenza del Consiglio dei Ministri
4.02.01.01.003,U,4,02,Rimborso finanziamenti a breve termine a Organi Costituzionali e di rilievo costituzionale
4.02.01.01.004,U,4,02,Rimborso finanziamenti a breve termine a Agenzie Fiscali
4.02.01.01.005,U,4,02,Rimborso finanziamenti a breve termine a enti di regolazione dell'attività economica
4.02.01.01.006,U,4,02,Rimborso finanziamenti a breve termine a Gruppo Equitalia
4.02.01.01.007,U,4,02,Rimborso finanziamenti a breve termine a Anas S.p.A.
4.02.01.01.008,U,4,02,Rimborso finanziamenti a breve termine a altri enti centrali produttori di servizi economici
4.02.01.01.009,U,4,02,Rimborso finanziamenti a breve termine a autorità amministrative indipendenti
4.02.01.01.010,U,4,02,Rimborso finanziamenti a breve termine a enti centrali a struttura associativa
4.02.01.01.011,U,4,02,"Rimborso finanziamenti a breve termine a enti centrali produttori di servizi assistenziali, ricreativi e culturali"
4.02.01.01.012,U,4,02,Rimborso finanziamenti a breve termine a enti e istituzioni centrali di ricerca e Istituti e stazioni sperimentali per la ricerca
4.02.01.01.999,U,4,02,Rimborso finanziamenti a breve termine a altre Amministrazioni Centrali n.a.c.
4.02.01.02.001,U,4,02,Rimborso finanziamenti a breve termine a Regioni e province autonome
4.02.01.02.002,U,4,02,Rimborso finanziamenti a breve termine a Province
4.02.01.02.003,U,4,02,Rimborso finanziamenti a breve termine a Comuni
4.02.01.02.004,U,4,02,Rimborso finanziamenti a breve termine a Città metropolitane e Roma capitale
4.02.01.02.005,U,4,02,Rimborso finanziamenti a breve termine a Unioni di Comuni
4.02.01.02.006,U,4,02,Rimborso finanziamenti a breve termine a Comunità Montane
4.02.01.02.007,U,4,02,Rimborso finanziamenti a breve termine a Camere di Commercio
4.02.01.02.008,U,4,02,Rimborso finanziamenti a breve termine a Università
4.02.01.02.009,U,4,02,Rimborso finanziamenti a breve termine a Parchi nazionali e consorzi ed enti autonomi gestori di parchi e aree naturali protette
4.02.01.02.010,U,4,02,Rimborso finanziamenti a breve termine a Autorità Portuali
4.02.01.02.011,U,4,02,Rimborso finanziamenti a breve termine a Aziende sanitarie locali
4.02.01.02.012,U,4,02,Rimborso finanziamenti a breve termine a Aziende ospedaliere e Aziende ospedaliere universitarie integrate con il SSN
4.02.01.02.013,U,4,02,Rimborso finanziamenti a breve termine a Policlinici
4.02.01.02.014,U,4,02,Rimborso finanziamenti a breve termine a Istituti di ricovero e cura a carattere scientifico pubblici
4.02.01.02.015,U,4,02,Rimborso finanziamenti a breve termine a altre Amministrazioni Locali produttrici di servizi sanitari
4.02.01.02.016,U,4,02,Rimborso finanziamenti a breve termine a Agenzie regionali per le erogazioni in agricoltura
4.02.01.02.017,U,4,02,Rimborso finanziamenti a breve termine a altri enti e agenzie regionali e sub regionali
4.02.01.02.018,U,4,02,Rimborso finanziamenti a breve termine a Consorzi di enti locali
4.02.01.02.019,U,4,02,Rimborso finanziamenti a breve termine a Fondazioni e istituzioni liriche locali e da teatri stabili di iniziativa pubblica
4.02.01.02.999,U,4,02,Rimborso finanziamenti a breve termine a altre Amministrazioni Locali n.a.c.
4.02.01.03.001,U,4,02,Rimborso finanziamenti a breve termine a INPS
4.02.01.03.002,U,4,02,Rimborso finanziamenti a breve termine a INAIL
4.02.01.03.999,U,4,02,Rimborso finanziamenti a breve termine a altri Enti di Previdenza n.a.c.
4.02.01.04.001,U,4,02,Rimborso finanziamenti a breve termine a imprese controllate
4.02.01.04.002,U,4,02,Rimborso finanziamenti a breve termine a altre imprese partecipate
4.02.01.04.999,U,4,02,Rimborso finanziamenti a breve termine a altre imprese
4.02.01.05.001,U,4,02,Rimborso finanziamenti a breve termine a altri soggetti
4.02.02.01.001,U,4,02,Chiusura Anticipazioni a titolo oneroso ricevute da Amministrazioni Centrali
4.02.02.01.002,U,4,02,Chiusura Anticipazioni a titolo oneroso ricevute da Amministrazioni Locali
4.02.02.01.003,U,4,02,Chiusura Anticipazioni a titolo oneroso ricevute da Enti di Previdenza
4.02.02.01.999,U,4,02,Chiusura Anticipazioni a titolo oneroso ricevute da altri soggetti
4.02.02.02.001,U,4,02,Chiusura Anticipazioni a titolo non oneroso ricevute da Amministrazioni Centrali
4.02.02.02.002,U,4,02,Chiusura Anticipazioni a titolo non oneroso ricevute da Amministrazioni Locali
4.02.02.02.003,U,4,02,Chiusura Anticipazioni a titolo non oneroso ricevute da Enti di Previdenza
4.02.02.02.999,U,4,02,Chiusura Anticipazioni a titolo non oneroso ricevute da altri soggetti
4.03.01.01.001,U,4,03,Rimborso mutui e altri finanziamenti a medio lungo termine a Ministeri
4.03.01.01.002,U,4,03,Rimborso mutui e altri finanziamenti a medio lungo termine a Presidenza del Consiglio dei Ministri
4.03.01.01.003,U,4,03,Rimborso mutui e altri finanziamenti a medio lungo termine a Organi Costituzionali e di rilievo costituzionale
4.03.01.01.004,U,4,03,Rimborso mutui e altri finanziamenti a medio lungo termine a Agenzie Fiscali
4.03.01.01.005,U,4,03,Rimborso mutui e altri finanziamenti a medio lungo termine a enti di regolazione dell'attività economica
4.03.01.01.006,U,4,03,Rimborso mutui e altri finanziamenti a medio lungo termine a Gruppo Equitalia
4.03.01.01.007,U,4,03,Rimborso mutui e altri finanziamenti a medio lungo termine a Anas S.p.A.
4.03.01.01.008,U,4,03,Rimborso mutui e altri finanziamenti a medio lungo termine a altri enti centrali produttori di servizi economici
4.03.01.01.009,U,4,03,Rimborso mutui e altri finanziamenti a medio lungo termine a autorità amministrative indipendenti
4.03.01.01.010,U,4,03,Rimborso mutui e altri finanziamenti a medio lungo termine a enti centrali a struttura associativa
4.03.01.01.011,U,4,03,"Rimborso mutui e altri finanziamenti a medio lungo termine a enti centrali produttori di servizi assistenziali, ricreativi e culturali"
4.03.01.01.012,U,4,03,Rimborso mutui e altri finanziamenti a medio lungo termine a enti e istituzioni centrali di ricerca e Istituti e stazioni sperimentali per la ricerca
4.03.01.01.999,U,4,03,Rimborso mutui e altri finanziamenti a medio lungo termine a altre Amministrazioni Centrali n.a.c.
4.03.01.02.001,U,4,03,Rimborso mutui e altri finanziamenti a medio lungo termine a Regioni e province autonome
4.03.01.02.002,U,4,03,Rimborso mutui e altri finanziamenti a medio lungo termine a Province
4.03.01.02.003,U,4,03,Rimborso mutui e altri finanziamenti a medio lungo termine a Comuni
4.03.01.02.004,U,4,03,Rimborso mutui e altri finanziamenti a medio lungo termine a Città metropolitane e Roma capitale
4.03.01.02.005,U,4,03,Rimborso mutui e altri finanziamenti a medio lungo termine a Unioni di Comuni
4.03.01.02.006,U,4,03,Rimborso mutui e altri finanziamenti a medio lungo termine a Comunità Montane
4.03.01.02.007,U,4,03,Rimborso mutui e altri finanziamenti a medio lungo termine a Camere di Commercio
4.03.01.02.008,U,4,03,Rimborso mutui e altri finanziamenti a medio lungo termine a Università
4.03.01.02.009,U,4,03,Rimborso mutui e altri finanziamenti a medio lungo termine a Parchi nazionali e consorzi ed enti autonomi gestori di parchi e aree naturali protette
4.03.01.02.010,U,4,03,Rimborso mutui e altri finanziamenti a medio lungo termine a Autorità Portuali
4.03.01.02.011,U,4,03,Rimborso mutui e altri finanziamenti a medio lungo termine a Aziende sanitarie locali
4.03.01.02.012,U,4,03,Rimborso mutui e altri finanziamenti a medio lungo termine a Aziende ospedaliere e Aziende ospedaliere universitarie integrate con il SSN
4.03.01.02.013,U,4,03,Rimborso mutui e altri finanziamenti a medio lungo termine a Policlinici
4.03.01.02.014,U,4,03,Rimborso mutui e altri finanziamenti a medio lungo termine a Istituti di ricovero e cura a carattere scientifico pubblici
4.03.01.02.015,U,4,03,Rimborso mutui e altri finanziamenti a medio lungo termine a altre Amministrazioni Locali produttrici di servizi sanitari
4.03.01.02.016,U,4,03,Rimborso mutui e altri finanziamenti a medio lungo termine a Agenzie regionali per le erogazioni in agricoltura
4.03.01.02.017,U,4,03,Rimborso mutui e altri finanziamenti a medio lungo termine a altri enti e agenzie regionali e sub regionali
4.03.01.02.018,U,4,03,Rimborso mutui e altri finanziamenti a medio lungo termine a Consorzi di enti locali
4.03.01.02.019,U,4,03,Rimborso mutui e altri finanziamenti a medio lungo termine a Fondazioni e istituzioni liriche locali e da teatri stabili di iniziativa pubblica
4.03.01.02.999,U,4,03,Rimborso mutui e altri finanziamenti a medio lungo termine a altre Amministrazioni Locali n.a.c.
4.03.01.03.001,U,4,03,Rimborso mutui e altri finanziamenti a medio lungo termine a INPS
4.03.01.03.002,U,4,03,Rimborso mutui e altri finanziamenti a medio lungo termine a INAIL
4.03.01.03.999,U,4,03,Rimborso mutui e altri finanziamenti a medio lungo termine a altri Enti di Previdenza n.a.c.
4.03.01.04.001,U,4,03,Rimborso Mutui e altri finanziamenti a medio lungo termine a imprese controllate
4.03.01.04.002,U,4,03,Rimborso Mutui e altri finanziamenti a medio lungo termine a altre imprese partecipate
4.03.01.04.003,U,4,03,Rimborso Mutui e altri finanziamenti a medio lungo termine a Cassa Depositi e Prestiti - Gestione CDP SPA
4.03.01.04.004,U,4,03,Rimborso Mutui e altri finanziamenti a medio lungo termine a Cassa Depositi e Prestiti - Gestione Tesoro
4.03.01.04.999,U,4,03,Rimborso Mutui e altri finanziamenti a medio lungo termine ad altre imprese
4.03.01.05.001,U,4,03,Rimborso Mutui e altri finanziamenti a medio lungo termine ad altri soggetti con controparte residente
4.03.01.06.001,U,4,03,Rimborso Mutui e altri finanziamenti a medio lungo termine ad altri soggetti con controparte non residente
4.03.02.01.001,U,4,03,Rimborso prestiti da attualizzazione Contributi Pluriennali
4.04.02.01.001,U,4,04,Rimborso Prestiti - Leasing finanziario
4.04.03.01.001,U,4,04,Rimborso Prestiti - Operazioni di cartolarizzazione
4.04.04.01.001,U,4,04,Rimborso prestiti - Derivati
5.01.01.01.001,U,5,01,Chiusura Anticipazioni ricevute da istituto tesoriere/cassiere
7.01.01.01.001,U,7,01,Versamento della ritenuta del 4% sui contributi pubblici
7.01.01.02.001,U,7,01,Versamento delle ritenute per scissione contabile IVA (split payment)
7.01.01.99.001,U,7,01,Versamento di ritenute erariali su prestazioni sociali
7.01.01.99.999,U,7,01,Versamento di altre ritenute n.a.c.
7.01.02.01.001,U,7,01,Versamenti di ritenute erariali su Redditi da lavoro dipendente riscosse per conto terzi
7.01.02.02.001,U,7,01,Versamenti di ritenute previdenziali e assistenziali su Redditi da lavoro dipendente riscosse per conto terzi
7.01.02.99.999,U,7,01,Altri versamenti di ritenute al personale dipendente per conto di terzi
7.01.03.01.001,U,7,01,Versamenti di ritenute erariali su Redditi da lavoro autonomo per conto terzi
7.01.03.02.001,U,7,01,Versamenti di ritenute previdenziali e assistenziali su Redditi da lavoro autonomo per conto terzi
7.01.03.99.999,U,7,01,Altri versamenti di ritenute al personale con contratto di lavoro autonomo per conto di terzi
7.01.04.01.001,U,7,01,Destinazione di risorse regionali per il finanziamento aggiuntivo della Sanità - per equilibri di sistema
7.01.04.02.001,U,7,01,Destinazione di risorse regionali per il finanziamento aggiuntivo della Sanità - quota manovra per equilibri di sistema
7.01.04.99.999,U,7,01,Destinazione di risorse regionali per il finanziamento aggiuntivo della Sanità n.a.c.
7.01.99.01.001,U,7,01,Spese non andate a buon fine
7.01.99.02.001,U,7,01,Chiusura anticipazioni sanità della tesoreria statale
7.01.99.03.001,U,7,01,Costituzione fondi economali e carte aziendali
7.01.99.04.001,U,7,01,Integrazione disponibilità dal conto sanità al conto non sanità della Regione
7.01.99.05.001,U,7,01,Integrazione disponibilità dal conto non sanità al conto sanità della Regione
7.01.99.06.001,U,7,01,Utilizzo  incassi vincolati ai sensi dell’art. 195 del TUEL
7.01.99.06.002,U,7,01,Destinazione  incassi liberi al  reintegro incassi vincolati ai sensi dell’art. 195 del TUEL
7.01.99.99.999,U,7,01,Altre uscite per partite di giro n.a.c.
7.02.01.01.001,U,7,02,Acquisto di beni per conto di terzi
7.02.01.02.001,U,7,02,Acquisto di servizi per conto di terzi
7.02.02.01.001,U,7,02,Trasferimenti per conto terzi a Ministeri
7.02.02.01.003,U,7,02,Trasferimenti per conto terzi a Presidenza del Consiglio dei Ministri
7.02.02.01.004,U,7,02,Trasferimenti per conto terzi a Organi Costituzionali e di rilievo costituzionale
7.02.02.01.005,U,7,02,Trasferimenti per conto terzi a Agenzie Fiscali
7.02.02.01.006,U,7,02,Trasferimenti per conto terzi a enti di regolazione dell'attività economica
7.02.02.01.007,U,7,02,Trasferimenti per conto terzi a Gruppo Equitalia
7.02.02.01.008,U,7,02,Trasferimenti per conto terzi a Anas S.p.A.
7.02.02.01.009,U,7,02,Trasferimenti per conto terzi a altri enti centrali produttori di servizi economici
7.02.02.01.010,U,7,02,Trasferimenti per conto terzi a autorità amministrative indipendenti
7.02.02.01.011,U,7,02,Trasferimenti per conto terzi a enti centrali a struttura associativa
7.02.02.01.012,U,7,02,"Trasferimenti per conto terzi a enti centrali produttori di servizi assistenziali, ricreativi e culturali"
7.02.02.01.013,U,7,02,Trasferimenti per conto terzi a enti e istituzioni centrali di ricerca e Istituti e stazioni sperimentali per la ricerca
7.02.02.01.999,U,7,02,Trasferimenti per conto terzi a altre Amministrazioni Centrali n.a.c.
7.02.02.02.001,U,7,02,Trasferimenti per conto terzi a Regioni e province autonome
7.02.02.02.002,U,7,02,Trasferimenti per conto terzi a Province
7.02.02.02.003,U,7,02,Trasferimenti per conto terzi a Comuni
7.02.02.02.004,U,7,02,Trasferimenti per conto terzi a Città metropolitane e Roma capitale
7.02.02.02.005,U,7,02,Trasferimenti per conto terzi a Unioni di Comuni
7.02.02.02.006,U,7,02,Trasferimenti per conto terzi a Comunità Montane
7.02.02.02.007,U,7,02,Trasferimenti per conto terzi a Camere di Commercio
7.02.02.02.008,U,7,02,Trasferimenti per conto terzi a Università
7.02.02.02.009,U,7,02,Trasferimenti per conto terzi a Parchi nazionali e consorzi ed enti autonomi gestori di parchi e aree naturali protette
7.02.02.02.010,U,7,02,Trasferimenti per conto terzi a Autorità Portuali
7.02.02.02.011,U,7,02,Trasferimenti per conto terzi a Aziende sanitarie locali
7.02.02.02.012,U,7,02,Trasferimenti per conto terzi a Aziende ospedaliere e Aziende ospedaliere universitarie integrate con il SSN
7.02.02.02.013,U,7,02,Trasferimenti per conto terzi a policlinici
7.02.02.02.014,U,7,02,Trasferimenti per conto terzi a Istituti di ricovero e cura a carattere scientifico pubblici
7.02.02.02.015,U,7,02,Trasferimenti per conto terzi a altre Amministrazioni Locali produttrici di servizi sanitari
7.02.02.02.016,U,7,02,Trasferimenti per conto terzi a Agenzie regionali per le erogazioni in agricoltura
7.02.02.02.017,U,7,02,Trasferimenti per conto terzi a altri enti e agenzie regionali e sub regionali
7.02.02.02.018,U,7,02,Trasferimenti per conto terzi a Consorzi di enti locali
7.02.02.02.019,U,7,02,Trasferimenti per conto terzi a Fondazioni e istituzioni liriche locali e a teatri stabili di iniziativa pubblica
7.02.02.02.999,U,7,02,Trasferimenti per conto terzi a altre Amministrazioni Locali n.a.c.
7.02.02.03.001,U,7,02,Trasferimenti per conto terzi a INPS
7.02.02.03.002,U,7,02,Trasferimenti per conto terzi a INAIL
7.02.02.03.999,U,7,02,Trasferimenti per conto terzi a altri Enti di Previdenza n.a.c.
7.02.03.01.001,U,7,02,Trasferimenti per conto terzi a Famiglie
7.02.03.02.001,U,7,02,Trasferimenti per conto terzi a Imprese controllate
7.02.03.02.002,U,7,02,Trasferimenti per conto terzi a altre imprese partecipate
7.02.03.02.999,U,7,02,Trasferimenti per conto terzi a altre imprese
7.02.03.03.001,U,7,02,Trasferimenti per conto terzi a Istituzioni Sociali Private
7.02.03.04.001,U,7,02,Trasferimenti per conto terzi all'Unione Europea e al Resto del Mondo
7.02.04.01.001,U,7,02,Costituzione di depositi cauzionali o contrattuali presso terzi
7.02.04.02.001,U,7,02,Restituzione di depositi cauzionali o contrattuali di terzi
7.02.05.01.001,U,7,02,Versamenti di imposte e tasse di natura corrente riscosse per conto di terzi
7.02.05.02.001,U,7,02,Versamenti di imposte in conto capitale riscosse per conto di terzi
7.02.99.99.999,U,7,02,Altre uscite per conto terzi n.a.c.
0.00.00.99.995,None,,,PAGAMENTI DA REGOLARIZZARE PER UTILIZZO DI INCASSI VINCOLATI  (pagamenti codificati dal tesoriere)
0.00.00.99.996,None,,,PAGAMENTI DA REGOLARIZZARE PER DESTINAZIONE DI INCASSI LIBERI AL REINTEGRO DI INCASSI VINCOLATI  (pagamenti codificati dal teoriere)
0.00.00.99.997,None,,,PAGAMENTI DA REGOLARIZZARE PER PIGNORAMENTI (pagamenti codificati dal tesoriere)
0.00.00.99.998,None,,,PAGAMENTI DA REGOLARIZZARE DERIVANTI DAL RIMBORSO DELLE ANTICIPAZIONI DI CASSA (pagamenti codificati dal tesoriere)
0.00.00.99.999,None,,,ALTRI PAGAMENTI DA REGOLARIZZARE (pagamenti codificati dal tesoriere)
