codice_voce,macro_area,macro_categoria
0.00.00.99.995,Altre spese,Altre spese
0.00.00.99.996,Altre spese,Altre spese
0.00.00.99.997,Altre spese,Altre spese
0.00.00.99.998,Anticipazioni e partite di giro,Anticipazioni
0.00.00.99.999,Altre spese,Altre spese
001,Spese correnti,Personale
002,Altre spese,Altre spese
003,Altre spese,Altre spese
004,Altre spese,Altre spese
005,Spese correnti,Trasferimenti correnti
006,Altre spese,Altre spese
007,Altre spese,Altre spese
008,Altre spese,Altre spese
009,Altre spese,Altre spese
010,Altre spese,Altre spese
011,Altre spese,Altre spese
012,Altre spese,Altre spese
013,Altre spese,Altre spese
014,Altre spese,Altre spese
015,Spese correnti,Acquisto beni e servizi
016,Spese correnti,Trasferimenti correnti
017,Altre spese,Altre spese
018,Spese correnti,Personale
019,Altre spese,Altre spese
020,Altre spese,Altre spese
021,Altre spese,Altre spese
022,Altre spese,Altre spese
023,Altre spese,Altre spese
024,Spese correnti,Acquisto beni e servizi
025,Altre spese,Altre spese
026,Altre spese,Altre spese
027,Altre spese,Altre spese
028,Altre spese,Altre spese
029,Altre spese,Altre spese
030,Altre spese,Altre spese
031,Altre spese,Altre spese
032,Altre spese,Altre spese
033,Altre spese,Altre spese
034,Spese correnti,Acquisto beni e servizi
035,Spese correnti,Acquisto beni e servizi
036,Spese correnti,Acquisto beni e servizi
037,Altre spese,Altre spese
038,Altre spese,Altre spese
039,Spese correnti,Acquisto beni e servizi
040,Altre spese,Altre spese
041,Altre spese,Altre spese
042,Altre spese,Altre spese
043,Altre spese,Altre spese
044,Spese correnti,Acquisto beni e servizi
045,Spese correnti,Acquisto beni e servizi
046,Spese correnti,Personale
047,Spese correnti,Acquisto beni e servizi
048,Spese correnti,Acquisto beni e servizi
049,Spese correnti,Acquisto beni e servizi
050,Spese correnti,Acquisto beni e servizi
051,Spese correnti,Acquisto beni e servizi
052,Spese correnti,Acquisto beni e servizi
053,Spese correnti,Acquisto beni e servizi
054,Spese correnti,Acquisto beni e servizi
055,Spese correnti,Acquisto beni e servizi
056,Spese correnti,Acquisto beni e servizi
057,Spese correnti,Acquisto beni e servizi
058,Spese correnti,Acquisto beni e servizi
059,Spese correnti,Acquisto beni e servizi
060,Spese correnti,Acquisto beni e servizi
061,Spese correnti,Acquisto beni e servizi
062,Spese correnti,Acquisto beni e servizi
063,Spese correnti,Acquisto beni e servizi
064,Spese correnti,Acquisto beni e servizi
065,Spese correnti,Acquisto beni e servizi
066,Spese correnti,Acquisto beni e servizi
067,Spese correnti,Personale
068,Spese correnti,Personale
069,Spese correnti,Acquisto beni e servizi
070,Spese correnti,Acquisto beni e servizi
071,Altre spese,Altre spese
072,Altre spese,Altre spese
073,Spese correnti,Acquisto beni e servizi
075,Spese correnti,Acquisto beni e servizi
076,Altre spese,Altre spese
078,Altre spese,Altre spese
079,Spese correnti,Acquisto beni e servizi
080,Altre spese,Altre spese
081,Altre spese,Altre spese
082,Altre spese,Altre spese
083,Altre spese,Altre spese
084,Altre spese,Altre spese
085,Altre spese,Altre spese
087,Altre spese,Altre spese
088,Altre spese,Altre spese
089,Spese correnti,Acquisto beni e servizi
090,Altre spese,Altre spese
091,Altre spese,Altre spese
092,Spese correnti,Personale
093,Altre spese,Altre spese
094,Altre spese,Altre spese
098,Spese correnti,Imposte e tasse
099,Altre spese,Altre spese
1.01.01.01.001,Spese correnti,Personale
1.01.01.01.002,Spese correnti,Personale
1.01.01.01.003,Spese correnti,Personale
1.01.01.01.004,Spese correnti,Personale
1.01.01.01.005,Spese correnti,Personale
1.01.01.01.006,Spese correnti,Personale
1.01.01.01.007,Spese correnti,Personale
1.01.01.01.008,Spese correnti,Personale
1.01.01.01.009,Spese correnti,Personale
1.01.01.01.010,Spese correnti,Personale
1.01.01.01.011,Spese correnti,Personale
1.01.01.01.994,Spese correnti,Personale
1.01.01.01.995,Spese correnti,Personale
1.01.01.01.996,Spese correnti,Personale
1.01.01.01.997,Spese correnti,Personale
1.01.01.01.998,Spese correnti,Personale
1.01.01.02.001,Spese correnti,Personale
1.01.01.02.002,Spese correnti,Personale
1.01.01.02.999,Spese correnti,Personale
1.01.02.01.001,Spese correnti,Personale
1.01.02.01.002,Spese correnti,Personale
1.01.02.01.003,Spese correnti,Personale
1.01.02.01.999,Spese correnti,Personale
1.01.02.02.001,Spese correnti,Personale
1.01.02.02.002,Spese correnti,Personale
1.01.02.02.003,Spese correnti,Personale
1.01.02.02.004,Spese correnti,Personale
1.01.02.02.005,Spese correnti,Personale
1.01.02.02.999,Spese correnti,Personale
1.02.01.01.001,Spese correnti,Imposte e tasse
1.02.01.02.001,Spese correnti,Imposte e tasse
1.02.01.03.001,Spese correnti,Imposte e tasse
1.02.01.04.001,Spese correnti,Imposte e tasse
1.02.01.05.001,Spese correnti,Imposte e tasse
1.02.01.06.001,Spese correnti,Imposte e tasse
1.02.01.07.001,Spese correnti,Imposte e tasse
1.02.01.08.001,Spese correnti,Imposte e tasse
1.02.01.09.001,Spese correnti,Imposte e tasse
1.02.01.10.001,Spese correnti,Imposte e tasse
1.02.01.11.001,Spese correnti,Imposte e tasse
1.02.01.12.001,Spese correnti,Imposte e tasse
1.02.01.13.001,Spese correnti,Imposte e tasse
1.02.01.14.001,Spese correnti,Imposte e tasse
1.02.01.99.999,Spese correnti,Imposte e tasse
1.03.01.01.001,Spese correnti,Acquisto beni e servizi
1.03.01.01.002,Spese correnti,Acquisto beni e servizi
1.03.01.02.001,Spese correnti,Acquisto beni e servizi
1.03.01.02.002,Spese correnti,Acquisto beni e servizi
1.03.01.02.003,Spese correnti,Acquisto beni e servizi
1.03.01.02.004,Spese correnti,Acquisto beni e servizi
1.03.01.02.005,Spese correnti,Acquisto beni e servizi
1.03.01.02.006,Spese correnti,Acquisto beni e servizi
1.03.01.02.007,Spese correnti,Acquisto beni e servizi
1.03.01.02.008,Spese correnti,Acquisto beni e servizi
1.03.01.02.009,Spese correnti,Acquisto beni e servizi
1.03.01.02.010,Spese correnti,Acquisto beni e servizi
1.03.01.02.011,Spese correnti,Acquisto beni e servizi
1.03.01.02.012,Spese correnti,Acquisto beni e servizi
1.03.01.02.014,Spese correnti,Acquisto beni e servizi
1.03.01.02.999,Spese correnti,Acquisto beni e servizi
1.03.01.03.001,Spese correnti,Acquisto beni e servizi
1.03.01.03.002,Spese correnti,Acquisto beni e servizi
1.03.01.04.001,Spese correnti,Acquisto beni e servizi
1.03.01.04.999,Spese correnti,Acquisto beni e servizi
1.03.01.05.001,Spese correnti,Acquisto beni e servizi
1.03.01.05.002,Spese correnti,Acquisto beni e servizi
1.03.01.05.003,Spese correnti,Acquisto beni e servizi
1.03.01.05.004,Spese correnti,Acquisto beni e servizi
1.03.01.05.005,Spese correnti,Acquisto beni e servizi
1.03.01.05.006,Spese correnti,Acquisto beni e servizi
1.03.01.05.007,Spese correnti,Acquisto beni e servizi
1.03.01.05.999,Spese correnti,Acquisto beni e servizi
1.03.02.01.001,Spese correnti,Acquisto beni e servizi
1.03.02.01.002,Spese correnti,Acquisto beni e servizi
1.03.02.01.007,Spese correnti,Acquisto beni e servizi
1.03.02.01.008,Spese correnti,Acquisto beni e servizi
1.03.02.02.001,Spese correnti,Acquisto beni e servizi
1.03.02.02.002,Spese correnti,Acquisto beni e servizi
1.03.02.02.004,Spese correnti,Acquisto beni e servizi
1.03.02.02.005,Spese correnti,Acquisto beni e servizi
1.03.02.02.999,Spese correnti,Acquisto beni e servizi
1.03.02.03.999,Spese correnti,Acquisto beni e servizi
1.03.02.04.004,Spese correnti,Acquisto beni e servizi
1.03.02.04.999,Spese correnti,Acquisto beni e servizi
1.03.02.05.001,Spese correnti,Acquisto beni e servizi
1.03.02.05.002,Spese correnti,Acquisto beni e servizi
1.03.02.05.003,Spese correnti,Acquisto beni e servizi
1.03.02.05.004,Spese correnti,Acquisto beni e servizi
1.03.02.05.005,Spese correnti,Acquisto beni e servizi
1.03.02.05.006,Spese correnti,Acquisto beni e servizi
1.03.02.05.007,Spese correnti,Acquisto beni e servizi
1.03.02.05.999,Spese correnti,Acquisto beni e servizi
1.03.02.06.001,Spese correnti,Acquisto beni e servizi
1.03.02.06.002,Spese correnti,Acquisto beni e servizi
1.03.02.06.999,Spese correnti,Acquisto beni e servizi
1.03.02.07.001,Spese correnti,Acquisto beni e servizi
1.03.02.07.002,Spese correnti,Acquisto beni e servizi
1.03.02.07.003,Spese correnti,Acquisto beni e servizi
1.03.02.07.004,Spese correnti,Acquisto beni e servizi
1.03.02.07.005,Spese correnti,Acquisto beni e servizi
1.03.02.07.006,Spese correnti,Acquisto beni e servizi
1.03.02.07.007,Spese correnti,Acquisto beni e servizi
1.03.02.07.008,Spese correnti,Acquisto beni e servizi
1.03.02.07.009,Spese correnti,Acquisto beni e servizi
1.03.02.07.999,Spese correnti,Acquisto beni e servizi
1.03.02.08.001,Spese correnti,Acquisto beni e servizi
1.03.02.08.002,Spese correnti,Acquisto beni e servizi
1.03.02.08.999,Spese correnti,Acquisto beni e servizi
1.03.02.09.001,Spese correnti,Acquisto beni e servizi
1.03.02.09.002,Spese correnti,Acquisto beni e servizi
1.03.02.09.003,Spese correnti,Acquisto beni e servizi
1.03.02.09.004,Spese correnti,Acquisto beni e servizi
1.03.02.09.005,Spese correnti,Acquisto beni e servizi
1.03.02.09.006,Spese correnti,Acquisto beni e servizi
1.03.02.09.007,Spese correnti,Acquisto beni e servizi
1.03.02.09.008,Spese correnti,Acquisto beni e servizi
1.03.02.09.009,Spese correnti,Acquisto beni e servizi
1.03.02.09.010,Spese correnti,Acquisto beni e servizi
1.03.02.09.011,Spese correnti,Acquisto beni e servizi
1.03.02.09.012,Spese correnti,Acquisto beni e servizi
1.03.02.10.001,Spese correnti,Acquisto beni e servizi
1.03.02.10.002,Spese correnti,Acquisto beni e servizi
1.03.02.10.003,Spese correnti,Acquisto beni e servizi
1.03.02.11.001,Spese correnti,Acquisto beni e servizi
1.03.02.11.002,Spese correnti,Acquisto beni e servizi
1.03.02.11.003,Spese correnti,Acquisto beni e servizi
1.03.02.11.004,Spese correnti,Acquisto beni e servizi
1.03.02.11.005,Spese correnti,Acquisto beni e servizi
1.03.02.11.006,Spese correnti,Acquisto beni e servizi
1.03.02.11.007,Spese correnti,Acquisto beni e servizi
1.03.02.11.008,Spese correnti,Acquisto beni e servizi
1.03.02.11.009,Spese correnti,Acquisto beni e servizi
1.03.02.11.010,Spese correnti,Acquisto beni e servizi
1.03.02.11.999,Spese correnti,Acquisto beni e servizi
1.03.02.12.001,Spese correnti,Acquisto beni e servizi
1.03.02.12.002,Spese correnti,Acquisto beni e servizi
1.03.02.12.003,Spese correnti,Acquisto beni e servizi
1.03.02.12.004,Spese correnti,Acquisto beni e servizi
1.03.02.12.999,Spese correnti,Acquisto beni e servizi
1.03.02.13.001,Spese correnti,Acquisto beni e servizi
1.03.02.13.002,Spese correnti,Acquisto beni e servizi
1.03.02.13.003,Spese correnti,Acquisto beni e servizi
1.03.02.13.004,Spese correnti,Acquisto beni e servizi
1.03.02.13.005,Spese correnti,Acquisto beni e servizi
1.03.02.13.006,Spese correnti,Acquisto beni e servizi
1.03.02.13.999,Spese correnti,Acquisto beni e servizi
1.03.02.14.001,Spese correnti,Acquisto beni e servizi
1.03.02.14.002,Spese correnti,Acquisto beni e servizi
1.03.02.14.003,Spese correnti,Acquisto beni e servizi
1.03.02.14.999,Spese correnti,Acquisto beni e servizi
1.03.02.15.001,Spese correnti,Acquisto beni e servizi
1.03.02.15.002,Spese correnti,Acquisto beni e servizi
1.03.02.15.003,Spese correnti,Acquisto beni e servizi
1.03.02.15.004,Spese correnti,Acquisto beni e servizi
1.03.02.15.005,Spese correnti,Acquisto beni e servizi
1.03.02.15.006,Spese correnti,Acquisto beni e servizi
1.03.02.15.007,Spese correnti,Acquisto beni e servizi
1.03.02.15.008,Spese correnti,Acquisto beni e servizi
1.03.02.15.009,Spese correnti,Acquisto beni e servizi
1.03.02.15.010,Spese correnti,Acquisto beni e servizi
1.03.02.15.011,Spese correnti,Acquisto beni e servizi
1.03.02.15.012,Spese correnti,Acquisto beni e servizi
1.03.02.15.013,Spese correnti,Acquisto beni e servizi
1.03.02.15.014,Spese correnti,Acquisto beni e servizi
1.03.02.15.015,Spese correnti,Acquisto beni e servizi
1.03.02.15.999,Spese correnti,Acquisto beni e servizi
1.03.02.16.001,Spese correnti,Acquisto beni e servizi
1.03.02.16.002,Spese correnti,Acquisto beni e servizi
1.03.02.16.003,Spese correnti,Acquisto beni e servizi
1.03.02.16.004,Spese correnti,Acquisto beni e servizi
1.03.02.16.999,Spese correnti,Acquisto beni e servizi
1.03.02.17.001,Spese correnti,Acquisto beni e servizi
1.03.02.17.002,Spese correnti,Acquisto beni e servizi
1.03.02.17.999,Spese correnti,Acquisto beni e servizi
1.03.02.18.001,Spese correnti,Acquisto beni e servizi
1.03.02.18.002,Spese correnti,Acquisto beni e servizi
1.03.02.18.003,Spese correnti,Acquisto beni e servizi
1.03.02.18.004,Spese correnti,Acquisto beni e servizi
1.03.02.18.005,Spese correnti,Acquisto beni e servizi
1.03.02.18.006,Spese correnti,Acquisto beni e servizi
1.03.02.18.007,Spese correnti,Acquisto beni e servizi
1.03.02.18.008,Spese correnti,Acquisto beni e servizi
1.03.02.18.009,Spese correnti,Acquisto beni e servizi
1.03.02.18.010,Spese correnti,Acquisto beni e servizi
1.03.02.18.011,Spese correnti,Acquisto beni e servizi
1.03.02.18.012,Spese correnti,Acquisto beni e servizi
1.03.02.18.013,Spese correnti,Acquisto beni e servizi
1.03.02.18.014,Spese correnti,Acquisto beni e servizi
1.03.02.18.015,Spese correnti,Acquisto beni e servizi
1.03.02.18.999,Spese correnti,Acquisto beni e servizi
1.03.02.19.001,Spese correnti,Acquisto beni e servizi
1.03.02.19.002,Spese correnti,Acquisto beni e servizi
1.03.02.19.003,Spese correnti,Acquisto beni e servizi
1.03.02.19.004,Spese correnti,Acquisto beni e servizi
1.03.02.19.005,Spese correnti,Acquisto beni e servizi
1.03.02.19.006,Spese correnti,Acquisto beni e servizi
1.03.02.19.007,Spese correnti,Acquisto beni e servizi
1.03.02.19.008,Spese correnti,Acquisto beni e servizi
1.03.02.19.009,Spese correnti,Acquisto beni e servizi
1.03.02.19.010,Spese correnti,Acquisto beni e servizi
1.03.02.19.011,Spese correnti,Acquisto beni e servizi
1.03.02.19.999,Spese correnti,Acquisto beni e servizi
1.03.02.99.001,Spese correnti,Acquisto beni e servizi
1.03.02.99.002,Spese correnti,Acquisto beni e servizi
1.03.02.99.003,Spese correnti,Acquisto beni e servizi
1.03.02.99.004,Spese correnti,Acquisto beni e servizi
1.03.02.99.005,Spese correnti,Acquisto beni e servizi
1.03.02.99.007,Spese correnti,Acquisto beni e servizi
1.03.02.99.008,Spese correnti,Acquisto beni e servizi
1.03.02.99.009,Spese correnti,Acquisto beni e servizi
1.03.02.99.010,Spese correnti,Acquisto beni e servizi
1.03.02.99.011,Spese correnti,Acquisto beni e servizi
1.03.02.99.012,Spese correnti,Acquisto beni e servizi
1.03.02.99.013,Spese correnti,Acquisto beni e servizi
1.03.02.99.999,Spese correnti,Acquisto beni e servizi
1.04.01.01.001,Spese correnti,Trasferimenti correnti
1.04.01.01.002,Spese correnti,Trasferimenti correnti
1.04.01.01.003,Spese correnti,Trasferimenti correnti
1.04.01.01.004,Spese correnti,Trasferimenti correnti
1.04.01.01.005,Spese correnti,Trasferimenti correnti
1.04.01.01.006,Spese correnti,Trasferimenti correnti
1.04.01.01.007,Spese correnti,Trasferimenti correnti
1.04.01.01.008,Spese correnti,Trasferimenti correnti
1.04.01.01.009,Spese correnti,Trasferimenti correnti
1.04.01.01.010,Spese correnti,Trasferimenti correnti
1.04.01.01.011,Spese correnti,Trasferimenti correnti
1.04.01.01.012,Spese correnti,Trasferimenti correnti
1.04.01.01.013,Spese correnti,Trasferimenti correnti
1.04.01.01.020,Spese correnti,Trasferimenti correnti
1.04.01.01.999,Spese correnti,Trasferimenti correnti
1.04.01.02.001,Spese correnti,Trasferimenti correnti
1.04.01.02.002,Spese correnti,Trasferimenti correnti
1.04.01.02.003,Spese correnti,Trasferimenti correnti
1.04.01.02.004,Spese correnti,Trasferimenti correnti
1.04.01.02.005,Spese correnti,Trasferimenti correnti
1.04.01.02.006,Spese correnti,Trasferimenti correnti
1.04.01.02.007,Spese correnti,Trasferimenti correnti
1.04.01.02.008,Spese correnti,Trasferimenti correnti
1.04.01.02.009,Spese correnti,Trasferimenti correnti
1.04.01.02.010,Spese correnti,Trasferimenti correnti
1.04.01.02.011,Spese correnti,Trasferimenti correnti
1.04.01.02.012,Spese correnti,Trasferimenti correnti
1.04.01.02.013,Spese correnti,Trasferimenti correnti
1.04.01.02.014,Spese correnti,Trasferimenti correnti
1.04.01.02.015,Spese correnti,Trasferimenti correnti
1.04.01.02.016,Spese correnti,Trasferimenti correnti
1.04.01.02.017,Spese correnti,Trasferimenti correnti
1.04.01.02.018,Spese correnti,Trasferimenti correnti
1.04.01.02.019,Spese correnti,Trasferimenti correnti
1.04.01.02.020,Spese correnti,Trasferimenti correnti
1.04.01.02.021,Spese correnti,Trasferimenti correnti
1.04.01.02.022,Spese correnti,Trasferimenti correnti
1.04.01.02.025,Spese correnti,Trasferimenti correnti
1.04.01.02.026,Spese correnti,Trasferimenti correnti
1.04.01.02.027,Spese correnti,Trasferimenti correnti
1.04.01.02.030,Spese correnti,Trasferimenti correnti
1.04.01.02.031,Spese correnti,Trasferimenti correnti
1.04.01.02.032,Spese correnti,Trasferimenti correnti
1.04.01.02.033,Spese correnti,Trasferimenti correnti
1.04.01.02.034,Spese correnti,Trasferimenti correnti
1.04.01.02.035,Spese correnti,Trasferimenti correnti
1.04.01.02.038,Spese correnti,Trasferimenti correnti
1.04.01.02.999,Spese correnti,Trasferimenti correnti
1.04.01.03.001,Spese correnti,Trasferimenti correnti
1.04.01.03.002,Spese correnti,Trasferimenti correnti
1.04.01.03.999,Spese correnti,Trasferimenti correnti
1.04.01.04.001,Spese correnti,Trasferimenti correnti
1.04.02.01.001,Spese correnti,Trasferimenti correnti
1.04.02.01.002,Spese correnti,Trasferimenti correnti
1.04.02.01.999,Spese correnti,Trasferimenti correnti
1.04.02.02.999,Spese correnti,Trasferimenti correnti
1.04.02.03.001,Spese correnti,Trasferimenti correnti
1.04.02.03.002,Spese correnti,Trasferimenti correnti
1.04.02.03.003,Spese correnti,Trasferimenti correnti
1.04.02.03.004,Spese correnti,Trasferimenti correnti
1.04.02.03.005,Spese correnti,Trasferimenti correnti
1.04.02.04.002,Spese correnti,Trasferimenti correnti
1.04.02.04.999,Spese correnti,Trasferimenti correnti
1.04.02.05.001,Spese correnti,Trasferimenti correnti
1.04.02.05.999,Spese correnti,Trasferimenti correnti
1.04.03.01.001,Spese correnti,Trasferimenti correnti
1.04.03.02.001,Spese correnti,Trasferimenti correnti
1.04.03.99.999,Spese correnti,Trasferimenti correnti
1.04.04.01.001,Spese correnti,Trasferimenti correnti
1.04.05.04.001,Spese correnti,Trasferimenti correnti
1.04.05.99.001,Spese correnti,Trasferimenti correnti
1.05.01.01.001,Spese correnti,Trasferimenti correnti
1.05.01.02.001,Spese correnti,Trasferimenti correnti
1.05.01.03.001,Spese correnti,Trasferimenti correnti
1.05.01.04.001,Spese correnti,Trasferimenti correnti
1.05.01.05.001,Spese correnti,Trasferimenti correnti
1.05.01.06.001,Spese correnti,Trasferimenti correnti
1.05.01.07.001,Spese correnti,Trasferimenti correnti
1.05.01.08.001,Spese correnti,Trasferimenti correnti
1.05.01.09.001,Spese correnti,Trasferimenti correnti
1.05.01.10.001,Spese correnti,Trasferimenti correnti
1.05.01.11.001,Spese correnti,Trasferimenti correnti
1.05.01.12.001,Spese correnti,Trasferimenti correnti
1.05.01.13.001,Spese correnti,Trasferimenti correnti
1.05.01.14.001,Spese correnti,Trasferimenti correnti
1.05.01.15.001,Spese correnti,Trasferimenti correnti
1.05.01.16.001,Spese correnti,Trasferimenti correnti
1.05.01.17.001,Spese correnti,Trasferimenti correnti
1.05.01.18.001,Spese correnti,Trasferimenti correnti
1.05.01.19.001,Spese correnti,Trasferimenti correnti
1.05.01.99.999,Spese correnti,Trasferimenti correnti
1.05.02.01.001,Spese correnti,Trasferimenti correnti
1.05.02.02.001,Spese correnti,Trasferimenti correnti
1.05.02.03.001,Spese correnti,Trasferimenti correnti
1.05.02.04.001,Spese correnti,Trasferimenti correnti
1.05.02.05.001,Spese correnti,Trasferimenti correnti
1.05.02.98.999,Spese correnti,Trasferimenti correnti
1.05.02.99.999,Spese correnti,Trasferimenti correnti
1.06.01.01.002,Spese correnti,Trasferimenti correnti
1.06.01.01.003,Spese correnti,Trasferimenti correnti
1.07.01.01.001,Spese correnti,Interessi passivi
1.07.01.01.002,Spese correnti,Interessi passivi
1.07.02.01.001,Spese correnti,Interessi passivi
1.07.02.01.002,Spese correnti,Interessi passivi
1.07.02.02.001,Spese correnti,Interessi passivi
1.07.02.02.002,Spese correnti,Interessi passivi
1.07.04.01.001,Spese correnti,Interessi passivi
1.07.04.01.002,Spese correnti,Interessi passivi
1.07.04.01.003,Spese correnti,Interessi passivi
1.07.04.01.004,Spese correnti,Interessi passivi
1.07.04.01.005,Spese correnti,Interessi passivi
1.07.04.01.006,Spese correnti,Interessi passivi
1.07.04.01.007,Spese correnti,Interessi passivi
1.07.04.01.008,Spese correnti,Interessi passivi
1.07.04.01.009,Spese correnti,Interessi passivi
1.07.04.01.010,Spese correnti,Interessi passivi
1.07.04.01.011,Spese correnti,Interessi passivi
1.07.04.01.012,Spese correnti,Interessi passivi
1.07.04.01.013,Spese correnti,Interessi passivi
1.07.04.01.999,Spese correnti,Interessi passivi
1.07.04.02.001,Spese correnti,Interessi passivi
1.07.04.02.002,Spese correnti,Interessi passivi
1.07.04.02.003,Spese correnti,Interessi passivi
1.07.04.02.004,Spese correnti,Interessi passivi
1.07.04.02.005,Spese correnti,Interessi passivi
1.07.04.02.006,Spese correnti,Interessi passivi
1.07.04.02.007,Spese correnti,Interessi passivi
1.07.04.02.008,Spese correnti,Interessi passivi
1.07.04.02.009,Spese correnti,Interessi passivi
1.07.04.02.010,Spese correnti,Interessi passivi
1.07.04.02.011,Spese correnti,Interessi passivi
1.07.04.02.012,Spese correnti,Interessi passivi
1.07.04.02.013,Spese correnti,Interessi passivi
1.07.04.02.014,Spese correnti,Interessi passivi
1.07.04.02.015,Spese correnti,Interessi passivi
1.07.04.02.016,Spese correnti,Interessi passivi
1.07.04.02.017,Spese correnti,Interessi passivi
1.07.04.02.018,Spese correnti,Interessi passivi
1.07.04.02.019,Spese correnti,Interessi passivi
1.07.04.02.020,Spese correnti,Interessi passivi
1.07.04.02.999,Spese correnti,Interessi passivi
1.07.04.03.001,Spese correnti,Interessi passivi
1.07.04.03.002,Spese correnti,Interessi passivi
1.07.04.03.999,Spese correnti,Interessi passivi
1.07.04.04.001,Spese correnti,Interessi passivi
1.07.04.04.002,Spese correnti,Interessi passivi
1.07.04.04.003,Spese correnti,Interessi passivi
1.07.04.04.999,Spese correnti,Interessi passivi
1.07.04.05.001,Spese correnti,Interessi passivi
1.07.05.01.001,Spese correnti,Interessi passivi
1.07.05.01.002,Spese correnti,Interessi passivi
1.07.05.01.003,Spese correnti,Interessi passivi
1.07.05.01.004,Spese correnti,Interessi passivi
1.07.05.01.005,Spese correnti,Interessi passivi
1.07.05.01.006,Spese correnti,Interessi passivi
1.07.05.01.007,Spese correnti,Interessi passivi
1.07.05.01.008,Spese correnti,Interessi passivi
1.07.05.01.009,Spese correnti,Interessi passivi
1.07.05.01.010,Spese correnti,Interessi passivi
1.07.05.01.011,Spese correnti,Interessi passivi
1.07.05.01.012,Spese correnti,Interessi passivi
1.07.05.01.013,Spese correnti,Interessi passivi
1.07.05.01.999,Spese correnti,Interessi passivi
1.07.05.02.001,Spese correnti,Interessi passivi
1.07.05.02.002,Spese correnti,Interessi passivi
1.07.05.02.003,Spese correnti,Interessi passivi
1.07.05.02.004,Spese correnti,Interessi passivi
1.07.05.02.005,Spese correnti,Interessi passivi
1.07.05.02.006,Spese correnti,Interessi passivi
1.07.05.02.007,Spese correnti,Interessi passivi
1.07.05.02.008,Spese correnti,Interessi passivi
1.07.05.02.009,Spese correnti,Interessi passivi
1.07.05.02.010,Spese correnti,Interessi passivi
1.07.05.02.011,Spese correnti,Interessi passivi
1.07.05.02.012,Spese correnti,Interessi passivi
1.07.05.02.013,Spese correnti,Interessi passivi
1.07.05.02.014,Spese correnti,Interessi passivi
1.07.05.02.015,Spese correnti,Interessi passivi
1.07.05.02.016,Spese correnti,Interessi passivi
1.07.05.02.017,Spese correnti,Interessi passivi
1.07.05.02.018,Spese correnti,Interessi passivi
1.07.05.02.019,Spese correnti,Interessi passivi
1.07.05.02.020,Spese correnti,Interessi passivi
1.07.05.02.999,Spese correnti,Interessi passivi
1.07.05.03.001,Spese correnti,Interessi passivi
1.07.05.03.002,Spese correnti,Interessi passivi
1.07.05.03.999,Spese correnti,Interessi passivi
1.07.05.04.001,Spese correnti,Interessi passivi
1.07.05.04.002,Spese correnti,Interessi passivi
1.07.05.04.003,Spese correnti,Interessi passivi
1.07.05.04.004,Spese correnti,Interessi passivi
1.07.05.04.999,Spese correnti,Interessi passivi
1.07.05.05.999,Spese correnti,Interessi passivi
1.07.05.06.001,Spese correnti,Interessi passivi
1.07.06.01.001,Spese correnti,Interessi passivi
1.07.06.01.002,Spese correnti,Interessi passivi
1.07.06.02.001,Spese correnti,Interessi passivi
1.07.06.02.002,Spese correnti,Interessi passivi
1.07.06.02.003,Spese correnti,Interessi passivi
1.07.06.02.999,Spese correnti,Interessi passivi
1.07.06.03.001,Spese correnti,Interessi passivi
1.07.06.03.002,Spese correnti,Interessi passivi
1.07.06.03.003,Spese correnti,Interessi passivi
1.07.06.03.004,Spese correnti,Interessi passivi
1.07.06.03.999,Spese correnti,Interessi passivi
1.07.06.04.001,Spese correnti,Interessi passivi
1.07.06.05.001,Spese correnti,Interessi passivi
1.07.06.06.001,Spese correnti,Interessi passivi
1.07.06.99.001,Spese correnti,Interessi passivi
1.07.06.99.002,Spese correnti,Interessi passivi
1.07.06.99.003,Spese correnti,Interessi passivi
1.07.06.99.999,Spese correnti,Interessi passivi
1.08.02.01.001,Spese correnti,Altre spese
1.08.99.01.001,Spese correnti,Altre spese
1.08.99.99.999,Spese correnti,Altre spese
1.09.01.01.001,Spese correnti,Poste correttive
1.09.02.01.001,Spese correnti,Poste correttive
1.09.02.02.001,Spese correnti,Poste correttive
1.09.03.01.001,Spese correnti,Poste correttive
1.09.99.01.001,Spese correnti,Poste correttive
1.09.99.02.001,Spese correnti,Poste correttive
1.09.99.03.001,Spese correnti,Poste correttive
1.09.99.04.001,Spese correnti,Poste correttive
1.09.99.05.001,Spese correnti,Poste correttive
1.09.99.06.001,Spese correnti,Poste correttive
1.09.99.07.001,Spese correnti,Poste correttive
1.10.03.01.001,Spese correnti,Altre spese
1.10.04.01.001,Spese correnti,Altre spese
1.10.04.01.002,Spese correnti,Altre spese
1.10.04.01.003,Spese correnti,Altre spese
1.10.04.01.999,Spese correnti,Altre spese
1.10.04.99.999,Spese correnti,Altre spese
1.10.05.01.001,Spese correnti,Altre spese
1.10.05.02.001,Spese correnti,Altre spese
1.10.05.03.001,Spese correnti,Altre spese
1.10.05.04.001,Spese correnti,Altre spese
1.10.05.99.999,Spese correnti,Altre spese
1.10.97.01.001,Altre spese,Altre spese
1.10.97.02.001,Altre spese,Altre spese
1.10.97.99.999,Spese correnti,Personale
1.10.98.01.001,Spese correnti,Trasferimenti correnti
1.10.98.02.001,Spese correnti,Imposte e tasse
1.10.98.99.001,Spese correnti,Acquisto beni e servizi
1.10.98.99.999,Altre spese,Altre spese
1.10.99.99.999,Spese correnti,Altre spese
100,Spese correnti,Imposte e tasse
101,Spese correnti,Imposte e tasse
102,Spese correnti,Imposte e tasse
1030,Altre spese,Altre spese
104,Spese correnti,Imposte e tasse
105,Altre spese,Altre spese
106,Altre spese,Altre spese
107,Altre spese,Altre spese
108,Altre spese,Altre spese
109,Altre spese,Altre spese
110,Altre spese,Altre spese
1101,Spese correnti,Personale
1102,Spese correnti,Personale
1103,Spese correnti,Personale
1104,Spese correnti,Personale
1105,Spese correnti,Personale
1106,Spese correnti,Personale
1107,Spese correnti,Personale
1109,Altre spese,Altre spese
111,Altre spese,Altre spese
1110,Altre spese,Altre spese
1111,Spese correnti,Personale
1112,Spese correnti,Trasferimenti correnti
1113,Spese correnti,Personale
1114,Spese correnti,Personale
1115,Spese correnti,Trasferimenti correnti
112,Altre spese,Altre spese
1121,Spese correnti,Personale
1122,Altre spese,Altre spese
1123,Spese correnti,Acquisto beni e servizi
1124,Altre spese,Altre spese
113,Altre spese,Altre spese
1131,Spese correnti,Personale
1132,Spese correnti,Personale
1133,Spese correnti,Personale
1134,Spese correnti,Personale
114,Altre spese,Altre spese
1141,Spese correnti,Personale
1142,Altre spese,Altre spese
1143,Spese correnti,Personale
1144,Altre spese,Altre spese
115,Altre spese,Altre spese
1151,Spese correnti,Personale
1152,Spese correnti,Acquisto beni e servizi
1153,Spese correnti,Personale
116,Altre spese,Altre spese
117,Altre spese,Altre spese
118,Altre spese,Altre spese
1199,Altre spese,Altre spese
1201,Spese correnti,Personale
1202,Spese correnti,Personale
1203,Spese correnti,Personale
1204,Spese correnti,Personale
1205,Spese correnti,Personale
1206,Spese correnti,Personale
1207,Spese correnti,Personale
1208,Spese correnti,Personale
1209,Spese correnti,Acquisto beni e servizi
1210,Spese correnti,Personale
1211,Spese correnti,Acquisto beni e servizi
1212,Altre spese,Altre spese
1213,Spese correnti,Personale
1214,Altre spese,Altre spese
1215,Altre spese,Altre spese
1216,Spese correnti,Personale
1217,Spese correnti,Personale
1218,Spese correnti,Personale
1219,Spese correnti,Personale
1220,Altre spese,Altre spese
1221,Spese correnti,Personale
1222,Spese correnti,Trasferimenti correnti
1223,Spese correnti,Acquisto beni e servizi
1224,Spese correnti,Trasferimenti correnti
1230,Spese correnti,Personale
1231,Spese correnti,Personale
1232,Altre spese,Altre spese
1233,Altre spese,Altre spese
1234,Spese correnti,Personale
1240,Spese correnti,Personale
1241,Altre spese,Altre spese
1242,Altre spese,Altre spese
1243,Altre spese,Altre spese
1251,Spese correnti,Personale
1252,Altre spese,Altre spese
1253,Spese correnti,Personale
1254,Altre spese,Altre spese
1255,Altre spese,Altre spese
1256,Altre spese,Altre spese
1257,Spese correnti,Personale
1258,Spese correnti,Personale
1299,Spese correnti,Personale
1301,Spese correnti,Personale
1302,Spese correnti,Personale
1303,Spese correnti,Personale
1304,Spese correnti,Personale
1305,Spese correnti,Personale
1306,Spese correnti,Personale
1307,Spese correnti,Personale
1308,Spese correnti,Acquisto beni e servizi
1309,Spese correnti,Personale
1310,Spese correnti,Acquisto beni e servizi
1311,Spese correnti,Acquisto beni e servizi
1312,Spese correnti,Acquisto beni e servizi
1313,Spese correnti,Acquisto beni e servizi
1314,Spese correnti,Acquisto beni e servizi
1315,Spese correnti,Acquisto beni e servizi
1316,Spese correnti,Acquisto beni e servizi
1317,Spese correnti,Acquisto beni e servizi
1318,Spese correnti,Acquisto beni e servizi
1319,Spese correnti,Acquisto beni e servizi
1320,Spese correnti,Personale
1321,Altre spese,Altre spese
1322,Altre spese,Altre spese
1323,Altre spese,Altre spese
1324,Spese correnti,Acquisto beni e servizi
1325,Altre spese,Altre spese
1326,Altre spese,Altre spese
1327,Spese correnti,Personale
1329,Spese correnti,Acquisto beni e servizi
1330,Altre spese,Altre spese
1331,Altre spese,Altre spese
1332,Spese correnti,Acquisto beni e servizi
1333,Spese correnti,Acquisto beni e servizi
1334,Altre spese,Altre spese
1335,Spese correnti,Acquisto beni e servizi
1336,Altre spese,Altre spese
1337,Altre spese,Altre spese
1338,Altre spese,Altre spese
1339,Altre spese,Altre spese
1340,Altre spese,Altre spese
1341,Altre spese,Altre spese
1342,Altre spese,Altre spese
1343,Altre spese,Altre spese
1344,Altre spese,Altre spese
1345,Spese correnti,Acquisto beni e servizi
1346,Spese correnti,Acquisto beni e servizi
1347,Spese correnti,Acquisto beni e servizi
1348,Spese correnti,Acquisto beni e servizi
1349,Altre spese,Altre spese
1350,Spese correnti,Acquisto beni e servizi
1351,Spese correnti,Acquisto beni e servizi
1352,Spese correnti,Acquisto beni e servizi
1353,Spese correnti,Acquisto beni e servizi
1354,Spese correnti,Acquisto beni e servizi
1355,Spese correnti,Acquisto beni e servizi
1356,Spese correnti,Acquisto beni e servizi
1357,Spese correnti,Acquisto beni e servizi
1358,Spese correnti,Acquisto beni e servizi
1359,Altre spese,Altre spese
1360,Altre spese,Altre spese
1361,Spese correnti,Acquisto beni e servizi
1362,Spese correnti,Acquisto beni e servizi
1363,Altre spese,Altre spese
1364,Spese correnti,Acquisto beni e servizi
1365,Spese correnti,Acquisto beni e servizi
1366,Spese correnti,Acquisto beni e servizi
1367,Spese correnti,Acquisto beni e servizi
1399,Spese correnti,Acquisto beni e servizi
1401,Spese correnti,Personale
1402,Spese correnti,Personale
1403,Spese correnti,Personale
1404,Altre spese,Altre spese
1405,Altre spese,Altre spese
1406,Altre spese,Altre spese
1407,Altre spese,Altre spese
1408,Spese correnti,Personale
1409,Spese correnti,Acquisto beni e servizi
1410,Spese correnti,Trasferimenti correnti
1411,Spese correnti,Personale
1412,Spese correnti,Trasferimenti correnti
1413,Spese correnti,Personale
1414,Spese correnti,Acquisto beni e servizi
1415,Spese correnti,Acquisto beni e servizi
1416,Spese correnti,Personale
1417,Spese correnti,Trasferimenti correnti
1418,Spese correnti,Trasferimenti correnti
1419,Spese correnti,Acquisto beni e servizi
1420,Spese correnti,Acquisto beni e servizi
1421,Spese correnti,Personale
1422,Altre spese,Altre spese
1423,Spese correnti,Personale
1424,Altre spese,Altre spese
1425,Altre spese,Altre spese
1426,Spese correnti,Personale
1427,Altre spese,Altre spese
1428,Spese correnti,Trasferimenti correnti
1429,Spese correnti,Personale
143,Altre spese,Altre spese
1430,Spese correnti,Trasferimenti correnti
1431,Spese correnti,Trasferimenti correnti
144,Altre spese,Altre spese
1441,Spese correnti,Personale
1442,Spese correnti,Trasferimenti correnti
1443,Spese correnti,Personale
1444,Spese correnti,Trasferimenti correnti
1445,Spese correnti,Personale
1446,Spese correnti,Personale
1447,Spese correnti,Trasferimenti correnti
1448,Spese correnti,Trasferimenti correnti
1449,Spese correnti,Personale
145,Altre spese,Altre spese
1450,Spese correnti,Trasferimenti correnti
1451,Spese correnti,Trasferimenti correnti
146,Altre spese,Altre spese
1461,Spese correnti,Personale
1462,Spese correnti,Trasferimenti correnti
1463,Spese correnti,Personale
1464,Spese correnti,Trasferimenti correnti
1465,Spese correnti,Personale
1466,Spese correnti,Personale
1467,Spese correnti,Trasferimenti correnti
1468,Spese correnti,Trasferimenti correnti
1469,Spese correnti,Personale
147,Altre spese,Altre spese
1470,Spese correnti,Trasferimenti correnti
1471,Spese correnti,Trasferimenti correnti
148,Altre spese,Altre spese
149,Altre spese,Altre spese
1499,Spese correnti,Acquisto beni e servizi
150,Altre spese,Altre spese
1501,Spese correnti,Personale
1502,Spese correnti,Personale
1503,Spese correnti,Personale
151,Altre spese,Altre spese
1510,Spese correnti,Personale
1511,Spese correnti,Trasferimenti correnti
1512,Spese correnti,Trasferimenti correnti
1513,Spese correnti,Trasferimenti correnti
152,Altre spese,Altre spese
1520,Altre spese,Altre spese
1521,Spese correnti,Trasferimenti correnti
1522,Spese correnti,Trasferimenti correnti
1523,Spese correnti,Trasferimenti correnti
153,Altre spese,Altre spese
1530,Altre spese,Altre spese
1531,Spese correnti,Trasferimenti correnti
1532,Spese correnti,Trasferimenti correnti
1533,Spese correnti,Trasferimenti correnti
1534,Spese correnti,Trasferimenti correnti
1535,Spese correnti,Trasferimenti correnti
1536,Spese correnti,Trasferimenti correnti
1537,Spese correnti,Trasferimenti correnti
1538,Spese correnti,Trasferimenti correnti
1539,Spese correnti,Trasferimenti correnti
154,Spese correnti,Acquisto beni e servizi
1540,Altre spese,Altre spese
1541,Spese correnti,Trasferimenti correnti
1542,Spese correnti,Trasferimenti correnti
1543,Spese correnti,Trasferimenti correnti
1544,Spese correnti,Trasferimenti correnti
1545,Spese correnti,Trasferimenti correnti
1546,Spese correnti,Trasferimenti correnti
1547,Spese correnti,Trasferimenti correnti
1548,Spese correnti,Trasferimenti correnti
1549,Spese correnti,Trasferimenti correnti
155,Altre spese,Altre spese
1550,Spese correnti,Trasferimenti correnti
1551,Spese correnti,Trasferimenti correnti
1552,Spese correnti,Trasferimenti correnti
1553,Spese correnti,Trasferimenti correnti
1554,Spese correnti,Trasferimenti correnti
1555,Spese correnti,Trasferimenti correnti
1556,Spese correnti,Trasferimenti correnti
1557,Spese correnti,Trasferimenti correnti
1558,Altre spese,Altre spese
1559,Altre spese,Altre spese
1560,Altre spese,Altre spese
1561,Altre spese,Altre spese
1562,Spese correnti,Trasferimenti correnti
1563,Spese correnti,Trasferimenti correnti
1564,Spese correnti,Trasferimenti correnti
1565,Spese correnti,Trasferimenti correnti
1566,Spese correnti,Trasferimenti correnti
1567,Spese correnti,Trasferimenti correnti
1568,Spese correnti,Trasferimenti correnti
1569,Spese correnti,Trasferimenti correnti
157,Altre spese,Altre spese
1570,Spese correnti,Trasferimenti correnti
1571,Spese correnti,Trasferimenti correnti
1572,Spese correnti,Trasferimenti correnti
158,Altre spese,Altre spese
1580,Altre spese,Altre spese
1581,Altre spese,Altre spese
1582,Spese correnti,Trasferimenti correnti
1583,Spese correnti,Trasferimenti correnti
159,Spese correnti,Acquisto beni e servizi
1590,Spese correnti,Personale
1599,Spese correnti,Personale
160,Spese correnti,Acquisto beni e servizi
1601,Spese correnti,Interessi passivi
1602,Spese correnti,Interessi passivi
161,Altre spese,Altre spese
1611,Spese correnti,Interessi passivi
1612,Spese correnti,Interessi passivi
1613,Anticipazioni e partite di giro,Anticipazioni
162,Altre spese,Altre spese
1621,Spese correnti,Interessi passivi
1622,Spese correnti,Interessi passivi
1623,Spese correnti,Trasferimenti correnti
1624,Spese correnti,Trasferimenti correnti
1625,Spese correnti,Interessi passivi
1626,Spese correnti,Interessi passivi
163,Altre spese,Altre spese
1631,Spese correnti,Trasferimenti correnti
1632,Spese correnti,Trasferimenti correnti
1633,Spese correnti,Trasferimenti correnti
1634,Spese correnti,Trasferimenti correnti
1636,Spese correnti,Trasferimenti correnti
164,Altre spese,Altre spese
165,Spese correnti,Acquisto beni e servizi
166,Spese correnti,Acquisto beni e servizi
167,Altre spese,Altre spese
168,Spese correnti,Acquisto beni e servizi
169,Spese correnti,Trasferimenti correnti
1699,Spese correnti,Interessi passivi
170,Spese correnti,Trasferimenti correnti
1701,Spese correnti,Imposte e tasse
171,Spese correnti,Trasferimenti correnti
1711,Spese correnti,Imposte e tasse
1712,Spese correnti,Interessi passivi
1713,Altre spese,Altre spese
1714,Altre spese,Altre spese
1715,Altre spese,Altre spese
1716,Altre spese,Altre spese
172,Spese correnti,Acquisto beni e servizi
1721,Spese correnti,Interessi passivi
1722,Spese correnti,Interessi passivi
173,Spese correnti,Trasferimenti correnti
1731,Spese correnti,Interessi passivi
1732,Spese correnti,Interessi passivi
174,Spese correnti,Trasferimenti correnti
1741,Spese correnti,Interessi passivi
1742,Spese correnti,Interessi passivi
175,Spese correnti,Trasferimenti correnti
1750,Anticipazioni e partite di giro,Anticipazioni
176,Altre spese,Altre spese
1760,Spese correnti,Interessi passivi
177,Altre spese,Altre spese
1770,Altre spese,Altre spese
178,Spese correnti,Trasferimenti correnti
179,Altre spese,Altre spese
180,Altre spese,Altre spese
1801,Spese correnti,Acquisto beni e servizi
1802,Altre spese,Altre spese
1803,Altre spese,Altre spese
1804,Altre spese,Altre spese
1805,Altre spese,Altre spese
1806,Altre spese,Altre spese
1807,Altre spese,Altre spese
1808,Altre spese,Altre spese
181,Altre spese,Altre spese
1811,Spese correnti,Imposte e tasse
1812,Altre spese,Altre spese
1813,Spese correnti,Imposte e tasse
1814,Altre spese,Altre spese
182,Spese correnti,Acquisto beni e servizi
183,Altre spese,Altre spese
184,Altre spese,Altre spese
185,Altre spese,Altre spese
186,Spese correnti,Acquisto beni e servizi
187,Altre spese,Altre spese
188,Spese correnti,Acquisto beni e servizi
189,Altre spese,Altre spese
190,Altre spese,Altre spese
191,Altre spese,Altre spese
1911,Altre spese,Altre spese
1912,Altre spese,Altre spese
1913,Altre spese,Altre spese
192,Altre spese,Altre spese
193,Altre spese,Altre spese
194,Altre spese,Altre spese
195,Spese correnti,Trasferimenti correnti
196,Altre spese,Altre spese
197,Altre spese,Altre spese
198,Spese in conto capitale,Trasferimenti c/capitale
199,Altre spese,Altre spese
2.01.01.01.000,Spese correnti,Imposte e tasse
2.01.01.01.001,Spese correnti,Imposte e tasse
2.01.99.01.999,Spese correnti,Imposte e tasse
2.02.01.01.001,Spese in conto capitale,Investimenti fissi
2.02.01.01.002,Spese in conto capitale,Investimenti fissi
2.02.01.01.003,Spese in conto capitale,Investimenti fissi
2.02.01.01.999,Spese in conto capitale,Investimenti fissi
2.02.01.03.001,Spese in conto capitale,Investimenti fissi
2.02.01.03.002,Spese in conto capitale,Investimenti fissi
2.02.01.03.003,Spese in conto capitale,Investimenti fissi
2.02.01.03.999,Spese in conto capitale,Investimenti fissi
2.02.01.04.001,Spese in conto capitale,Investimenti fissi
2.02.01.04.002,Spese in conto capitale,Investimenti fissi
2.02.01.05.001,Spese in conto capitale,Investimenti fissi
2.02.01.05.002,Spese in conto capitale,Investimenti fissi
2.02.01.05.999,Spese in conto capitale,Investimenti fissi
2.02.01.06.001,Spese in conto capitale,Investimenti fissi
2.02.01.07.001,Spese in conto capitale,Investimenti fissi
2.02.01.07.002,Spese in conto capitale,Investimenti fissi
2.02.01.07.003,Spese in conto capitale,Investimenti fissi
2.02.01.07.004,Spese in conto capitale,Investimenti fissi
2.02.01.07.005,Spese in conto capitale,Investimenti fissi
2.02.01.07.999,Spese in conto capitale,Investimenti fissi
2.02.01.08.001,Spese in conto capitale,Investimenti fissi
2.02.01.08.999,Spese in conto capitale,Investimenti fissi
2.02.01.09.001,Spese in conto capitale,Investimenti fissi
2.02.01.09.002,Spese in conto capitale,Investimenti fissi
2.02.01.09.003,Spese in conto capitale,Investimenti fissi
2.02.01.09.004,Spese in conto capitale,Investimenti fissi
2.02.01.09.005,Spese in conto capitale,Investimenti fissi
2.02.01.09.007,Spese in conto capitale,Investimenti fissi
2.02.01.09.008,Spese in conto capitale,Investimenti fissi
2.02.01.09.009,Spese in conto capitale,Investimenti fissi
2.02.01.09.010,Spese in conto capitale,Investimenti fissi
2.02.01.09.011,Spese in conto capitale,Investimenti fissi
2.02.01.09.012,Spese in conto capitale,Investimenti fissi
2.02.01.09.013,Spese in conto capitale,Investimenti fissi
2.02.01.09.014,Spese in conto capitale,Investimenti fissi
2.02.01.09.015,Spese in conto capitale,Investimenti fissi
2.02.01.09.016,Spese in conto capitale,Investimenti fissi
2.02.01.09.017,Spese in conto capitale,Investimenti fissi
2.02.01.09.018,Spese in conto capitale,Investimenti fissi
2.02.01.09.019,Spese in conto capitale,Investimenti fissi
2.02.01.09.998,Spese in conto capitale,Investimenti fissi
2.02.01.09.999,Spese in conto capitale,Investimenti fissi
2.02.01.10.001,Spese in conto capitale,Investimenti fissi
2.02.01.10.002,Spese in conto capitale,Investimenti fissi
2.02.01.10.003,Spese in conto capitale,Investimenti fissi
2.02.01.10.004,Spese in conto capitale,Investimenti fissi
2.02.01.10.005,Spese in conto capitale,Investimenti fissi
2.02.01.10.006,Spese in conto capitale,Investimenti fissi
2.02.01.10.007,Spese in conto capitale,Investimenti fissi
2.02.01.10.008,Spese in conto capitale,Investimenti fissi
2.02.01.10.009,Spese in conto capitale,Investimenti fissi
2.02.01.10.999,Spese in conto capitale,Investimenti fissi
2.02.01.11.001,Spese in conto capitale,Investimenti fissi
2.02.01.99.001,Spese in conto capitale,Investimenti fissi
2.02.01.99.002,Spese in conto capitale,Investimenti fissi
2.02.01.99.999,Spese in conto capitale,Investimenti fissi
2.02.02.01.001,Spese in conto capitale,Investimenti fissi
2.02.02.01.002,Spese in conto capitale,Investimenti fissi
2.02.02.01.999,Spese in conto capitale,Investimenti fissi
2.02.02.02.001,Spese in conto capitale,Investimenti fissi
2.02.02.02.002,Spese in conto capitale,Investimenti fissi
2.02.02.02.003,Spese in conto capitale,Investimenti fissi
2.02.02.02.004,Spese in conto capitale,Investimenti fissi
2.02.02.02.005,Spese in conto capitale,Investimenti fissi
2.02.02.02.006,Spese in conto capitale,Investimenti fissi
2.02.03.01.001,Spese in conto capitale,Investimenti fissi
2.02.03.02.001,Spese in conto capitale,Investimenti fissi
2.02.03.02.002,Spese in conto capitale,Investimenti fissi
2.02.03.03.001,Spese in conto capitale,Investimenti fissi
2.02.03.04.001,Spese in conto capitale,Investimenti fissi
2.02.03.05.001,Spese in conto capitale,Investimenti fissi
2.02.03.06.001,Spese in conto capitale,Investimenti fissi
2.02.03.06.999,Spese in conto capitale,Investimenti fissi
2.02.03.07.001,Spese in conto capitale,Investimenti fissi
2.02.03.99.001,Spese in conto capitale,Investimenti fissi
2.02.04.01.001,Spese in conto capitale,Investimenti fissi
2.02.04.01.002,Spese in conto capitale,Investimenti fissi
2.02.04.01.003,Spese in conto capitale,Investimenti fissi
2.02.04.01.999,Spese in conto capitale,Investimenti fissi
2.02.04.02.999,Spese in conto capitale,Contributi investimenti
2.02.04.03.001,Spese in conto capitale,Investimenti fissi
2.02.04.03.002,Spese in conto capitale,Investimenti fissi
2.02.04.03.999,Spese in conto capitale,Investimenti fissi
2.02.04.04.001,Spese in conto capitale,Investimenti fissi
2.02.04.04.002,Spese in conto capitale,Investimenti fissi
2.02.04.05.001,Spese in conto capitale,Investimenti fissi
2.02.04.05.002,Spese in conto capitale,Investimenti fissi
2.02.04.05.999,Spese in conto capitale,Investimenti fissi
2.02.04.06.001,Spese in conto capitale,Investimenti fissi
2.02.04.07.001,Spese in conto capitale,Investimenti fissi
2.02.04.07.002,Spese in conto capitale,Investimenti fissi
2.02.04.07.003,Spese in conto capitale,Investimenti fissi
2.02.04.07.004,Spese in conto capitale,Investimenti fissi
2.02.04.07.005,Spese in conto capitale,Investimenti fissi
2.02.04.07.999,Spese in conto capitale,Investimenti fissi
2.02.04.08.001,Spese in conto capitale,Investimenti fissi
2.02.04.08.999,Spese in conto capitale,Investimenti fissi
2.02.04.09.001,Spese in conto capitale,Investimenti fissi
2.02.04.09.002,Spese in conto capitale,Investimenti fissi
2.02.04.09.003,Spese in conto capitale,Investimenti fissi
2.02.04.09.004,Spese in conto capitale,Investimenti fissi
2.02.04.09.005,Spese in conto capitale,Investimenti fissi
2.02.04.09.006,Spese in conto capitale,Investimenti fissi
2.02.04.09.007,Spese in conto capitale,Investimenti fissi
2.02.04.09.008,Spese in conto capitale,Investimenti fissi
2.02.04.09.009,Spese in conto capitale,Investimenti fissi
2.02.04.09.010,Spese in conto capitale,Investimenti fissi
2.02.04.09.011,Spese in conto capitale,Investimenti fissi
2.02.04.09.012,Spese in conto capitale,Investimenti fissi
2.02.04.09.013,Spese in conto capitale,Investimenti fissi
2.02.04.09.014,Spese in conto capitale,Investimenti fissi
2.02.04.09.998,Spese in conto capitale,Investimenti fissi
2.02.04.09.999,Spese in conto capitale,Investimenti fissi
2.02.04.10.001,Spese in conto capitale,Investimenti fissi
2.02.04.99.001,Spese in conto capitale,Investimenti fissi
2.02.04.99.002,Spese in conto capitale,Investimenti fissi
2.02.04.99.999,Spese in conto capitale,Investimenti fissi
2.02.05.01.001,Spese in conto capitale,Investimenti fissi
2.02.05.01.002,Spese in conto capitale,Investimenti fissi
2.02.05.01.999,Spese in conto capitale,Investimenti fissi
2.02.06.01.001,Spese in conto capitale,Investimenti fissi
2.02.06.02.001,Spese in conto capitale,Investimenti fissi
2.02.06.03.001,Spese in conto capitale,Investimenti fissi
2.02.06.99.999,Spese in conto capitale,Investimenti fissi
2.03.01.01.001,Spese in conto capitale,Contributi investimenti
2.03.01.01.002,Spese in conto capitale,Contributi investimenti
2.03.01.01.003,Spese in conto capitale,Contributi investimenti
2.03.01.01.004,Spese in conto capitale,Contributi investimenti
2.03.01.01.005,Spese in conto capitale,Contributi investimenti
2.03.01.01.006,Spese in conto capitale,Contributi investimenti
2.03.01.01.007,Spese in conto capitale,Contributi investimenti
2.03.01.01.008,Spese in conto capitale,Contributi investimenti
2.03.01.01.009,Spese in conto capitale,Contributi investimenti
2.03.01.01.010,Spese in conto capitale,Contributi investimenti
2.03.01.01.011,Spese in conto capitale,Contributi investimenti
2.03.01.01.012,Spese in conto capitale,Contributi investimenti
2.03.01.01.013,Spese in conto capitale,Contributi investimenti
2.03.01.01.999,Spese in conto capitale,Contributi investimenti
2.03.01.02.001,Spese in conto capitale,Contributi investimenti
2.03.01.02.002,Spese in conto capitale,Contributi investimenti
2.03.01.02.003,Spese in conto capitale,Contributi investimenti
2.03.01.02.004,Spese in conto capitale,Contributi investimenti
2.03.01.02.005,Spese in conto capitale,Contributi investimenti
2.03.01.02.006,Spese in conto capitale,Contributi investimenti
2.03.01.02.007,Spese in conto capitale,Contributi investimenti
2.03.01.02.008,Spese in conto capitale,Contributi investimenti
2.03.01.02.009,Spese in conto capitale,Contributi investimenti
2.03.01.02.010,Spese in conto capitale,Contributi investimenti
2.03.01.02.011,Spese in conto capitale,Contributi investimenti
2.03.01.02.012,Spese in conto capitale,Contributi investimenti
2.03.01.02.013,Spese in conto capitale,Contributi investimenti
2.03.01.02.014,Spese in conto capitale,Contributi investimenti
2.03.01.02.015,Spese in conto capitale,Contributi investimenti
2.03.01.02.016,Spese in conto capitale,Contributi investimenti
2.03.01.02.017,Spese in conto capitale,Contributi investimenti
2.03.01.02.018,Spese in conto capitale,Contributi investimenti
2.03.01.02.019,Spese in conto capitale,Contributi investimenti
2.03.01.02.023,Spese in conto capitale,Contributi investimenti
2.03.01.02.028,Spese in conto capitale,Contributi investimenti
2.03.01.02.036,Spese in conto capitale,Contributi investimenti
2.03.01.02.999,Spese in conto capitale,Contributi investimenti
2.03.01.03.001,Spese in conto capitale,Contributi investimenti
2.03.01.03.002,Spese in conto capitale,Contributi investimenti
2.03.01.03.999,Spese in conto capitale,Contributi investimenti
2.03.01.04.001,Spese in conto capitale,Contributi investimenti
2.03.02.01.001,Spese in conto capitale,Contributi investimenti
2.03.03.01.001,Spese in conto capitale,Contributi investimenti
2.03.03.02.001,Spese in conto capitale,Contributi investimenti
2.03.03.03.999,Spese in conto capitale,Contributi investimenti
2.03.04.01.001,Spese in conto capitale,Contributi investimenti
2.03.05.01.001,Spese in conto capitale,Contributi investimenti
2.03.05.02.001,Spese in conto capitale,Contributi investimenti
2.04.01.01.001,Spese in conto capitale,Trasferimenti c/capitale
2.04.01.01.003,Spese in conto capitale,Trasferimenti c/capitale
2.04.01.01.004,Spese in conto capitale,Trasferimenti c/capitale
2.04.01.01.005,Spese in conto capitale,Trasferimenti c/capitale
2.04.01.01.006,Spese in conto capitale,Trasferimenti c/capitale
2.04.01.01.007,Spese in conto capitale,Trasferimenti c/capitale
2.04.01.01.008,Spese in conto capitale,Trasferimenti c/capitale
2.04.01.01.009,Spese in conto capitale,Trasferimenti c/capitale
2.04.01.01.010,Spese in conto capitale,Trasferimenti c/capitale
2.04.01.01.011,Spese in conto capitale,Trasferimenti c/capitale
2.04.01.01.012,Spese in conto capitale,Trasferimenti c/capitale
2.04.01.01.013,Spese in conto capitale,Trasferimenti c/capitale
2.04.01.01.999,Spese in conto capitale,Trasferimenti c/capitale
2.04.01.02.001,Spese in conto capitale,Trasferimenti c/capitale
2.04.01.02.002,Spese in conto capitale,Trasferimenti c/capitale
2.04.01.02.003,Spese in conto capitale,Trasferimenti c/capitale
2.04.01.02.004,Spese in conto capitale,Trasferimenti c/capitale
2.04.01.02.005,Spese in conto capitale,Trasferimenti c/capitale
2.04.01.02.006,Spese in conto capitale,Trasferimenti c/capitale
2.04.01.02.007,Spese in conto capitale,Trasferimenti c/capitale
2.04.01.02.008,Spese in conto capitale,Trasferimenti c/capitale
2.04.01.02.009,Spese in conto capitale,Trasferimenti c/capitale
2.04.01.02.010,Spese in conto capitale,Trasferimenti c/capitale
2.04.01.02.011,Spese in conto capitale,Trasferimenti c/capitale
2.04.01.02.012,Spese in conto capitale,Trasferimenti c/capitale
2.04.01.02.013,Spese in conto capitale,Trasferimenti c/capitale
2.04.01.02.014,Spese in conto capitale,Trasferimenti c/capitale
2.04.01.02.015,Spese in conto capitale,Trasferimenti c/capitale
2.04.01.02.016,Spese in conto capitale,Trasferimenti c/capitale
2.04.01.02.017,Spese in conto capitale,Trasferimenti c/capitale
2.04.01.02.018,Spese in conto capitale,Trasferimenti c/capitale
2.04.01.02.019,Spese in conto capitale,Trasferimenti c/capitale
2.04.01.02.999,Spese in conto capitale,Trasferimenti c/capitale
2.04.01.03.001,Spese in conto capitale,Trasferimenti c/capitale
2.04.01.03.002,Spese in conto capitale,Trasferimenti c/capitale
2.04.01.03.999,Spese in conto capitale,Trasferimenti c/capitale
2.04.01.04.001,Spese in conto capitale,Trasferimenti c/capitale
2.04.02.01.001,Spese in conto capitale,Trasferimenti c/capitale
2.04.03.01.001,Spese in conto capitale,Trasferimenti c/capitale
2.04.03.02.001,Spese in conto capitale,Trasferimenti c/capitale
2.04.03.03.999,Spese in conto capitale,Trasferimenti c/capitale
2.04.04.01.001,Spese in conto capitale,Trasferimenti c/capitale
2.04.05.01.001,Spese in conto capitale,Trasferimenti c/capitale
2.04.05.02.001,Spese in conto capitale,Trasferimenti c/capitale
2.04.11.01.001,Spese in conto capitale,Trasferimenti c/capitale
2.04.11.01.003,Spese in conto capitale,Trasferimenti c/capitale
2.04.11.01.004,Spese in conto capitale,Trasferimenti c/capitale
2.04.11.01.005,Spese in conto capitale,Trasferimenti c/capitale
2.04.11.01.006,Spese in conto capitale,Trasferimenti c/capitale
2.04.11.01.007,Spese in conto capitale,Trasferimenti c/capitale
2.04.11.01.008,Spese in conto capitale,Trasferimenti c/capitale
2.04.11.01.009,Spese in conto capitale,Trasferimenti c/capitale
2.04.11.01.010,Spese in conto capitale,Trasferimenti c/capitale
2.04.11.01.011,Spese in conto capitale,Trasferimenti c/capitale
2.04.11.01.012,Spese in conto capitale,Trasferimenti c/capitale
2.04.11.01.013,Spese in conto capitale,Trasferimenti c/capitale
2.04.11.01.999,Spese in conto capitale,Trasferimenti c/capitale
2.04.11.02.001,Spese in conto capitale,Trasferimenti c/capitale
2.04.11.02.002,Spese in conto capitale,Trasferimenti c/capitale
2.04.11.02.003,Spese in conto capitale,Trasferimenti c/capitale
2.04.11.02.004,Spese in conto capitale,Trasferimenti c/capitale
2.04.11.02.005,Spese in conto capitale,Trasferimenti c/capitale
2.04.11.02.006,Spese in conto capitale,Trasferimenti c/capitale
2.04.11.02.007,Spese in conto capitale,Trasferimenti c/capitale
2.04.11.02.008,Spese in conto capitale,Trasferimenti c/capitale
2.04.11.02.009,Spese in conto capitale,Trasferimenti c/capitale
2.04.11.02.010,Spese in conto capitale,Trasferimenti c/capitale
2.04.11.02.011,Spese in conto capitale,Trasferimenti c/capitale
2.04.11.02.012,Spese in conto capitale,Trasferimenti c/capitale
2.04.11.02.013,Spese in conto capitale,Trasferimenti c/capitale
2.04.11.02.014,Spese in conto capitale,Trasferimenti c/capitale
2.04.11.02.015,Spese in conto capitale,Trasferimenti c/capitale
2.04.11.02.016,Spese in conto capitale,Trasferimenti c/capitale
2.04.11.02.017,Spese in conto capitale,Trasferimenti c/capitale
2.04.11.02.018,Spese in conto capitale,Trasferimenti c/capitale
2.04.11.02.019,Spese in conto capitale,Trasferimenti c/capitale
2.04.11.02.999,Spese in conto capitale,Trasferimenti c/capitale
2.04.11.03.001,Spese in conto capitale,Trasferimenti c/capitale
2.04.11.03.002,Spese in conto capitale,Trasferimenti c/capitale
2.04.11.03.999,Spese in conto capitale,Trasferimenti c/capitale
2.04.11.04.001,Spese in conto capitale,Trasferimenti c/capitale
2.04.12.01.001,Spese in conto capitale,Trasferimenti c/capitale
2.04.13.01.001,Spese in conto capitale,Trasferimenti c/capitale
2.04.13.02.001,Spese in conto capitale,Trasferimenti c/capitale
2.04.13.03.999,Spese in conto capitale,Trasferimenti c/capitale
2.04.14.01.001,Spese in conto capitale,Trasferimenti c/capitale
2.04.15.01.001,Spese in conto capitale,Trasferimenti c/capitale
2.04.15.02.001,Spese in conto capitale,Trasferimenti c/capitale
2.04.16.01.001,Spese in conto capitale,Trasferimenti c/capitale
2.04.16.01.003,Spese in conto capitale,Trasferimenti c/capitale
2.04.16.01.004,Spese in conto capitale,Trasferimenti c/capitale
2.04.16.01.005,Spese in conto capitale,Trasferimenti c/capitale
2.04.16.01.006,Spese in conto capitale,Trasferimenti c/capitale
2.04.16.01.007,Spese in conto capitale,Trasferimenti c/capitale
2.04.16.01.008,Spese in conto capitale,Trasferimenti c/capitale
2.04.16.01.009,Spese in conto capitale,Trasferimenti c/capitale
2.04.16.01.010,Spese in conto capitale,Trasferimenti c/capitale
2.04.16.01.011,Spese in conto capitale,Trasferimenti c/capitale
2.04.16.01.012,Spese in conto capitale,Trasferimenti c/capitale
2.04.16.01.013,Spese in conto capitale,Trasferimenti c/capitale
2.04.16.01.999,Spese in conto capitale,Trasferimenti c/capitale
2.04.16.02.001,Spese in conto capitale,Trasferimenti c/capitale
2.04.16.02.002,Spese in conto capitale,Trasferimenti c/capitale
2.04.16.02.003,Spese in conto capitale,Trasferimenti c/capitale
2.04.16.02.004,Spese in conto capitale,Trasferimenti c/capitale
2.04.16.02.005,Spese in conto capitale,Trasferimenti c/capitale
2.04.16.02.006,Spese in conto capitale,Trasferimenti c/capitale
2.04.16.02.007,Spese in conto capitale,Trasferimenti c/capitale
2.04.16.02.008,Spese in conto capitale,Trasferimenti c/capitale
2.04.16.02.009,Spese in conto capitale,Trasferimenti c/capitale
2.04.16.02.010,Spese in conto capitale,Trasferimenti c/capitale
2.04.16.02.011,Spese in conto capitale,Trasferimenti c/capitale
2.04.16.02.012,Spese in conto capitale,Trasferimenti c/capitale
2.04.16.02.013,Spese in conto capitale,Trasferimenti c/capitale
2.04.16.02.014,Spese in conto capitale,Trasferimenti c/capitale
2.04.16.02.015,Spese in conto capitale,Trasferimenti c/capitale
2.04.16.02.016,Spese in conto capitale,Trasferimenti c/capitale
2.04.16.02.017,Spese in conto capitale,Trasferimenti c/capitale
2.04.16.02.018,Spese in conto capitale,Trasferimenti c/capitale
2.04.16.02.019,Spese in conto capitale,Trasferimenti c/capitale
2.04.16.02.999,Spese in conto capitale,Trasferimenti c/capitale
2.04.16.03.001,Spese in conto capitale,Trasferimenti c/capitale
2.04.16.03.002,Spese in conto capitale,Trasferimenti c/capitale
2.04.16.03.999,Spese in conto capitale,Trasferimenti c/capitale
2.04.16.99.001,Spese in conto capitale,Trasferimenti c/capitale
2.04.17.01.001,Spese in conto capitale,Trasferimenti c/capitale
2.04.18.01.001,Spese in conto capitale,Trasferimenti c/capitale
2.04.18.02.001,Spese in conto capitale,Trasferimenti c/capitale
2.04.18.03.999,Spese in conto capitale,Trasferimenti c/capitale
2.04.19.01.001,Spese in conto capitale,Trasferimenti c/capitale
2.04.20.01.001,Spese in conto capitale,Trasferimenti c/capitale
2.04.20.02.001,Spese in conto capitale,Trasferimenti c/capitale
2.04.21.01.001,Spese in conto capitale,Trasferimenti c/capitale
2.04.21.01.003,Spese in conto capitale,Trasferimenti c/capitale
2.04.21.01.004,Spese in conto capitale,Trasferimenti c/capitale
2.04.21.01.005,Spese in conto capitale,Trasferimenti c/capitale
2.04.21.01.006,Spese in conto capitale,Trasferimenti c/capitale
2.04.21.01.007,Spese in conto capitale,Trasferimenti c/capitale
2.04.21.01.008,Spese in conto capitale,Trasferimenti c/capitale
2.04.21.01.009,Spese in conto capitale,Trasferimenti c/capitale
2.04.21.01.010,Spese in conto capitale,Trasferimenti c/capitale
2.04.21.01.011,Spese in conto capitale,Trasferimenti c/capitale
2.04.21.01.012,Spese in conto capitale,Trasferimenti c/capitale
2.04.21.01.013,Spese in conto capitale,Trasferimenti c/capitale
2.04.21.01.999,Spese in conto capitale,Trasferimenti c/capitale
2.04.21.02.001,Spese in conto capitale,Trasferimenti c/capitale
2.04.21.02.002,Spese in conto capitale,Trasferimenti c/capitale
2.04.21.02.003,Spese in conto capitale,Trasferimenti c/capitale
2.04.21.02.004,Spese in conto capitale,Trasferimenti c/capitale
2.04.21.02.005,Spese in conto capitale,Trasferimenti c/capitale
2.04.21.02.006,Spese in conto capitale,Trasferimenti c/capitale
2.04.21.02.007,Spese in conto capitale,Trasferimenti c/capitale
2.04.21.02.008,Spese in conto capitale,Trasferimenti c/capitale
2.04.21.02.009,Spese in conto capitale,Trasferimenti c/capitale
2.04.21.02.010,Spese in conto capitale,Trasferimenti c/capitale
2.04.21.02.011,Spese in conto capitale,Trasferimenti c/capitale
2.04.21.02.012,Spese in conto capitale,Trasferimenti c/capitale
2.04.21.02.013,Spese in conto capitale,Trasferimenti c/capitale
2.04.21.02.014,Spese in conto capitale,Trasferimenti c/capitale
2.04.21.02.015,Spese in conto capitale,Trasferimenti c/capitale
2.04.21.02.016,Spese in conto capitale,Trasferimenti c/capitale
2.04.21.02.017,Spese in conto capitale,Trasferimenti c/capitale
2.04.21.02.018,Spese in conto capitale,Trasferimenti c/capitale
2.04.21.02.019,Spese in conto capitale,Trasferimenti c/capitale
2.04.21.02.024,Spese in conto capitale,Trasferimenti c/capitale
2.04.21.02.029,Spese in conto capitale,Trasferimenti c/capitale
2.04.21.02.037,Spese in conto capitale,Trasferimenti c/capitale
2.04.21.02.999,Spese in conto capitale,Trasferimenti c/capitale
2.04.21.03.001,Spese in conto capitale,Trasferimenti c/capitale
2.04.21.03.002,Spese in conto capitale,Trasferimenti c/capitale
2.04.21.03.999,Spese in conto capitale,Trasferimenti c/capitale
2.04.21.99.001,Spese in conto capitale,Trasferimenti c/capitale
2.04.22.01.001,Spese in conto capitale,Trasferimenti c/capitale
2.04.23.01.001,Spese in conto capitale,Trasferimenti c/capitale
2.04.23.02.001,Spese in conto capitale,Trasferimenti c/capitale
2.04.23.03.999,Spese in conto capitale,Trasferimenti c/capitale
2.04.24.01.001,Spese in conto capitale,Trasferimenti c/capitale
2.04.25.01.001,Spese in conto capitale,Trasferimenti c/capitale
2.04.25.02.001,Spese in conto capitale,Trasferimenti c/capitale
2.05.04.01.001,Spese correnti,Altre spese
2.05.04.02.001,Spese correnti,Altre spese
2.05.04.03.001,Spese correnti,Altre spese
2.05.04.04.001,Spese correnti,Altre spese
2.05.04.05.001,Spese correnti,Altre spese
2.05.04.06.001,Spese correnti,Altre spese
2.05.04.07.001,Spese correnti,Altre spese
2.05.99.99.999,Spese correnti,Altre spese
200,Spese in conto capitale,Trasferimenti c/capitale
2001,Altre spese,Altre spese
2002,Altre spese,Altre spese
201,Altre spese,Altre spese
2011,Altre spese,Altre spese
2012,Altre spese,Altre spese
202,Altre spese,Altre spese
2021,Altre spese,Altre spese
203,Altre spese,Altre spese
2031,Altre spese,Altre spese
2032,Altre spese,Altre spese
2033,Altre spese,Altre spese
2034,Altre spese,Altre spese
2035,Altre spese,Altre spese
204,Altre spese,Altre spese
2041,Altre spese,Altre spese
2042,Spese correnti,Acquisto beni e servizi
205,Altre spese,Altre spese
2051,Altre spese,Altre spese
206,Altre spese,Altre spese
2061,Altre spese,Altre spese
207,Altre spese,Altre spese
2071,Altre spese,Altre spese
208,Altre spese,Altre spese
2081,Altre spese,Altre spese
209,Altre spese,Altre spese
2091,Altre spese,Altre spese
2092,Altre spese,Altre spese
2093,Altre spese,Altre spese
210,Altre spese,Altre spese
2101,Spese correnti,Acquisto beni e servizi
2102,Spese correnti,Acquisto beni e servizi
2103,Spese correnti,Acquisto beni e servizi
2104,Spese correnti,Acquisto beni e servizi
2105,Spese correnti,Acquisto beni e servizi
2106,Spese correnti,Acquisto beni e servizi
2107,Spese correnti,Acquisto beni e servizi
2108,Spese correnti,Acquisto beni e servizi
2109,Spese correnti,Acquisto beni e servizi
211,Altre spese,Altre spese
2110,Spese correnti,Acquisto beni e servizi
2111,Spese correnti,Acquisto beni e servizi
2112,Spese correnti,Acquisto beni e servizi
2113,Spese correnti,Acquisto beni e servizi
2114,Spese correnti,Acquisto beni e servizi
2115,Spese correnti,Acquisto beni e servizi
2116,Spese correnti,Acquisto beni e servizi
2117,Spese correnti,Acquisto beni e servizi
2118,Altre spese,Altre spese
2119,Spese correnti,Acquisto beni e servizi
212,Altre spese,Altre spese
2120,Altre spese,Altre spese
2121,Altre spese,Altre spese
2122,Altre spese,Altre spese
2123,Spese correnti,Acquisto beni e servizi
2124,Spese correnti,Acquisto beni e servizi
2125,Spese correnti,Acquisto beni e servizi
2126,Altre spese,Altre spese
2127,Spese correnti,Acquisto beni e servizi
213,Altre spese,Altre spese
2130,Altre spese,Altre spese
2131,Altre spese,Altre spese
2132,Altre spese,Altre spese
2133,Altre spese,Altre spese
2134,Altre spese,Altre spese
2135,Altre spese,Altre spese
2136,Altre spese,Altre spese
2137,Spese correnti,Acquisto beni e servizi
2138,Spese correnti,Acquisto beni e servizi
214,Altre spese,Altre spese
2140,Altre spese,Altre spese
2141,Altre spese,Altre spese
2142,Altre spese,Altre spese
215,Altre spese,Altre spese
216,Spese in conto capitale,Investimenti fissi
217,Spese in conto capitale,Investimenti fissi
218,Spese in conto capitale,Investimenti fissi
219,Spese in conto capitale,Investimenti fissi
2198,Spese correnti,Acquisto beni e servizi
2199,Spese correnti,Acquisto beni e servizi
220,Altre spese,Altre spese
2201,Spese correnti,Acquisto beni e servizi
2202,Spese correnti,Acquisto beni e servizi
2203,Spese correnti,Acquisto beni e servizi
2204,Spese correnti,Acquisto beni e servizi
2205,Spese correnti,Acquisto beni e servizi
2206,Spese correnti,Acquisto beni e servizi
2207,Spese correnti,Acquisto beni e servizi
2208,Spese correnti,Trasferimenti correnti
2209,Spese correnti,Trasferimenti correnti
221,Altre spese,Altre spese
2210,Spese correnti,Trasferimenti correnti
2211,Spese in conto capitale,Trasferimenti c/capitale
2212,Spese correnti,Trasferimenti correnti
2213,Spese in conto capitale,Trasferimenti c/capitale
2214,Spese correnti,Trasferimenti correnti
2215,Spese correnti,Trasferimenti correnti
2216,Spese correnti,Trasferimenti correnti
2217,Spese correnti,Trasferimenti correnti
2218,Spese correnti,Trasferimenti correnti
2219,Spese correnti,Trasferimenti correnti
222,Altre spese,Altre spese
2220,Spese in conto capitale,Trasferimenti c/capitale
2221,Spese correnti,Acquisto beni e servizi
2222,Spese correnti,Trasferimenti correnti
2223,Altre spese,Altre spese
2224,Altre spese,Altre spese
2225,Altre spese,Altre spese
2226,Spese correnti,Acquisto beni e servizi
2227,Spese correnti,Acquisto beni e servizi
2228,Altre spese,Altre spese
2229,Altre spese,Altre spese
223,Altre spese,Altre spese
2230,Spese correnti,Acquisto beni e servizi
2231,Spese in conto capitale,Trasferimenti c/capitale
2232,Spese in conto capitale,Trasferimenti c/capitale
2233,Spese in conto capitale,Trasferimenti c/capitale
2234,Spese in conto capitale,Trasferimenti c/capitale
2235,Spese in conto capitale,Trasferimenti c/capitale
2236,Spese in conto capitale,Trasferimenti c/capitale
2237,Spese in conto capitale,Trasferimenti c/capitale
2238,Spese in conto capitale,Trasferimenti c/capitale
2239,Spese in conto capitale,Trasferimenti c/capitale
224,Altre spese,Altre spese
2240,Spese in conto capitale,Trasferimenti c/capitale
2241,Spese in conto capitale,Trasferimenti c/capitale
2242,Spese in conto capitale,Trasferimenti c/capitale
2243,Spese in conto capitale,Trasferimenti c/capitale
2244,Spese in conto capitale,Trasferimenti c/capitale
2245,Spese in conto capitale,Trasferimenti c/capitale
2246,Spese in conto capitale,Trasferimenti c/capitale
2247,Spese in conto capitale,Trasferimenti c/capitale
2248,Spese in conto capitale,Trasferimenti c/capitale
2249,Spese in conto capitale,Trasferimenti c/capitale
225,Altre spese,Altre spese
2250,Spese in conto capitale,Trasferimenti c/capitale
2251,Spese in conto capitale,Trasferimenti c/capitale
2252,Spese in conto capitale,Trasferimenti c/capitale
2253,Spese in conto capitale,Trasferimenti c/capitale
2254,Spese in conto capitale,Trasferimenti c/capitale
226,Altre spese,Altre spese
227,Altre spese,Altre spese
228,Altre spese,Altre spese
2289,Spese correnti,Trasferimenti correnti
229,Altre spese,Altre spese
2291,Spese correnti,Trasferimenti correnti
2292,Spese correnti,Trasferimenti correnti
2293,Spese correnti,Trasferimenti correnti
2294,Spese correnti,Trasferimenti correnti
2295,Spese correnti,Trasferimenti correnti
2296,Spese correnti,Trasferimenti correnti
2298,Spese correnti,Acquisto beni e servizi
2299,Spese correnti,Acquisto beni e servizi
230,Altre spese,Altre spese
2301,Altre spese,Altre spese
2302,Spese correnti,Interessi passivi
2303,Spese correnti,Interessi passivi
2304,Spese correnti,Interessi passivi
2305,Spese correnti,Interessi passivi
2306,Anticipazioni e partite di giro,Anticipazioni
231,Altre spese,Altre spese
2311,Spese correnti,Acquisto beni e servizi
2312,Spese correnti,Acquisto beni e servizi
2313,Spese correnti,Acquisto beni e servizi
2314,Spese correnti,Acquisto beni e servizi
2315,Spese correnti,Acquisto beni e servizi
2316,Spese correnti,Acquisto beni e servizi
2317,Spese correnti,Acquisto beni e servizi
232,Altre spese,Altre spese
2323,Spese in conto capitale,Trasferimenti c/capitale
2324,Spese in conto capitale,Trasferimenti c/capitale
2325,Spese in conto capitale,Trasferimenti c/capitale
233,Altre spese,Altre spese
2331,Spese in conto capitale,Trasferimenti c/capitale
2332,Spese in conto capitale,Trasferimenti c/capitale
2334,Spese in conto capitale,Trasferimenti c/capitale
235,Altre spese,Altre spese
236,Altre spese,Altre spese
237,Altre spese,Altre spese
238,Altre spese,Altre spese
239,Altre spese,Altre spese
2391,Altre spese,Altre spese
2392,Altre spese,Altre spese
2393,Altre spese,Altre spese
2401,Spese correnti,Imposte e tasse
2402,Altre spese,Altre spese
2403,Altre spese,Altre spese
2404,Altre spese,Altre spese
2405,Altre spese,Altre spese
2406,Altre spese,Altre spese
241,Altre spese,Altre spese
2410,Altre spese,Altre spese
2412,Altre spese,Altre spese
2413,Altre spese,Altre spese
242,Altre spese,Altre spese
2420,Altre spese,Altre spese
243,Altre spese,Altre spese
2430,Spese correnti,Acquisto beni e servizi
244,Spese correnti,Acquisto beni e servizi
2440,Spese correnti,Acquisto beni e servizi
245,Altre spese,Altre spese
2450,Spese correnti,Acquisto beni e servizi
246,Altre spese,Altre spese
2460,Spese correnti,Acquisto beni e servizi
2470,Spese correnti,Acquisto beni e servizi
248,Altre spese,Altre spese
249,Altre spese,Altre spese
250,Altre spese,Altre spese
2501,Altre spese,Altre spese
2502,Spese correnti,Personale
2503,Spese correnti,Personale
2504,Altre spese,Altre spese
2505,Altre spese,Altre spese
2506,Altre spese,Altre spese
2507,Altre spese,Altre spese
2508,Altre spese,Altre spese
2509,Altre spese,Altre spese
251,Altre spese,Altre spese
2510,Altre spese,Altre spese
2511,Altre spese,Altre spese
2512,Spese correnti,Acquisto beni e servizi
2513,Altre spese,Altre spese
2514,Altre spese,Altre spese
2515,Altre spese,Altre spese
2516,Altre spese,Altre spese
2517,Altre spese,Altre spese
2518,Altre spese,Altre spese
2519,Altre spese,Altre spese
252,Altre spese,Altre spese
2520,Spese correnti,Acquisto beni e servizi
2523,Altre spese,Altre spese
2524,Altre spese,Altre spese
253,Altre spese,Altre spese
2530,Altre spese,Altre spese
2531,Altre spese,Altre spese
2540,Altre spese,Altre spese
2550,Altre spese,Altre spese
257,Anticipazioni e partite di giro,Anticipazioni
259,Spese correnti,Acquisto beni e servizi
260,Spese correnti,Acquisto beni e servizi
2601,Altre spese,Altre spese
2602,Altre spese,Altre spese
261,Altre spese,Altre spese
262,Altre spese,Altre spese
263,Altre spese,Altre spese
2630,Spese in conto capitale,Trasferimenti c/capitale
264,Spese in conto capitale,Investimenti fissi
265,Spese in conto capitale,Investimenti fissi
266,Spese in conto capitale,Investimenti fissi
267,Spese correnti,Acquisto beni e servizi
268,Altre spese,Altre spese
269,Spese correnti,Acquisto beni e servizi
2699,Altre spese,Altre spese
270,Altre spese,Altre spese
2701,Spese in conto capitale,Trasferimenti c/capitale
271,Altre spese,Altre spese
2710,Altre spese,Altre spese
2711,Spese in conto capitale,Trasferimenti c/capitale
2712,Spese in conto capitale,Trasferimenti c/capitale
272,Altre spese,Altre spese
2720,Spese correnti,Personale
2721,Spese in conto capitale,Trasferimenti c/capitale
2722,Spese in conto capitale,Trasferimenti c/capitale
273,Altre spese,Altre spese
2730,Spese correnti,Acquisto beni e servizi
2731,Spese in conto capitale,Trasferimenti c/capitale
274,Altre spese,Altre spese
2741,Spese in conto capitale,Trasferimenti c/capitale
2742,Spese in conto capitale,Trasferimenti c/capitale
2743,Spese in conto capitale,Trasferimenti c/capitale
2744,Spese in conto capitale,Trasferimenti c/capitale
2745,Spese in conto capitale,Trasferimenti c/capitale
275,Spese correnti,Acquisto beni e servizi
2751,Spese in conto capitale,Trasferimenti c/capitale
2752,Spese in conto capitale,Trasferimenti c/capitale
276,Spese correnti,Acquisto beni e servizi
2761,Spese in conto capitale,Trasferimenti c/capitale
2762,Spese in conto capitale,Trasferimenti c/capitale
2763,Spese in conto capitale,Trasferimenti c/capitale
2764,Spese in conto capitale,Trasferimenti c/capitale
2765,Spese in conto capitale,Trasferimenti c/capitale
2766,Spese in conto capitale,Trasferimenti c/capitale
2767,Spese in conto capitale,Trasferimenti c/capitale
2768,Spese in conto capitale,Trasferimenti c/capitale
2769,Spese in conto capitale,Trasferimenti c/capitale
277,Spese correnti,Acquisto beni e servizi
2770,Spese in conto capitale,Trasferimenti c/capitale
2781,Spese in conto capitale,Trasferimenti c/capitale
2782,Spese in conto capitale,Trasferimenti c/capitale
279,Spese correnti,Acquisto beni e servizi
2791,Spese in conto capitale,Trasferimenti c/capitale
2792,Spese in conto capitale,Trasferimenti c/capitale
2799,Spese in conto capitale,Trasferimenti c/capitale
280,Spese correnti,Acquisto beni e servizi
2801,Spese correnti,Acquisto beni e servizi
2802,Altre spese,Altre spese
2901,Spese correnti,Acquisto beni e servizi
2902,Altre spese,Altre spese
3.01.01.01.001,Incremento attivita' finanziarie,Incremento attivita' finanziarie
3.01.01.01.002,Incremento attivita' finanziarie,Incremento attivita' finanziarie
3.01.01.01.003,Incremento attivita' finanziarie,Incremento attivita' finanziarie
3.01.01.02.001,Incremento attivita' finanziarie,Incremento attivita' finanziarie
3.01.01.02.002,Incremento attivita' finanziarie,Incremento attivita' finanziarie
3.01.01.02.003,Incremento attivita' finanziarie,Incremento attivita' finanziarie
3.01.01.03.001,Incremento attivita' finanziarie,Incremento attivita' finanziarie
3.01.01.03.002,Incremento attivita' finanziarie,Incremento attivita' finanziarie
3.01.01.03.003,Incremento attivita' finanziarie,Incremento attivita' finanziarie
3.01.01.04.001,Incremento attivita' finanziarie,Incremento attivita' finanziarie
3.01.01.04.002,Incremento attivita' finanziarie,Incremento attivita' finanziarie
3.01.01.05.001,Incremento attivita' finanziarie,Incremento attivita' finanziarie
3.01.01.05.002,Incremento attivita' finanziarie,Incremento attivita' finanziarie
3.01.01.05.003,Incremento attivita' finanziarie,Incremento attivita' finanziarie
3.01.02.01.001,Incremento attivita' finanziarie,Incremento attivita' finanziarie
3.01.02.02.001,Incremento attivita' finanziarie,Incremento attivita' finanziarie
3.01.03.01.001,Incremento attivita' finanziarie,Incremento attivita' finanziarie
3.01.03.02.001,Incremento attivita' finanziarie,Incremento attivita' finanziarie
3.01.03.03.001,Incremento attivita' finanziarie,Incremento attivita' finanziarie
3.01.03.04.001,Incremento attivita' finanziarie,Incremento attivita' finanziarie
3.01.04.01.001,Incremento attivita' finanziarie,Incremento attivita' finanziarie
3.01.04.02.001,Incremento attivita' finanziarie,Incremento attivita' finanziarie
3.01.04.03.001,Incremento attivita' finanziarie,Incremento attivita' finanziarie
3.01.04.04.001,Incremento attivita' finanziarie,Incremento attivita' finanziarie
3.02.01.01.001,Incremento attivita' finanziarie,Incremento attivita' finanziarie
3.02.01.01.003,Incremento attivita' finanziarie,Incremento attivita' finanziarie
3.02.01.01.004,Incremento attivita' finanziarie,Incremento attivita' finanziarie
3.02.01.01.005,Incremento attivita' finanziarie,Incremento attivita' finanziarie
3.02.01.01.006,Incremento attivita' finanziarie,Incremento attivita' finanziarie
3.02.01.01.007,Incremento attivita' finanziarie,Incremento attivita' finanziarie
3.02.01.01.008,Incremento attivita' finanziarie,Incremento attivita' finanziarie
3.02.01.01.009,Incremento attivita' finanziarie,Incremento attivita' finanziarie
3.02.01.01.010,Incremento attivita' finanziarie,Incremento attivita' finanziarie
3.02.01.01.011,Incremento attivita' finanziarie,Incremento attivita' finanziarie
3.02.01.01.012,Incremento attivita' finanziarie,Incremento attivita' finanziarie
3.02.01.01.013,Incremento attivita' finanziarie,Incremento attivita' finanziarie
3.02.01.01.999,Incremento attivita' finanziarie,Incremento attivita' finanziarie
3.02.01.02.001,Incremento attivita' finanziarie,Incremento attivita' finanziarie
3.02.01.02.002,Incremento attivita' finanziarie,Incremento attivita' finanziarie
3.02.01.02.003,Incremento attivita' finanziarie,Incremento attivita' finanziarie
3.02.01.02.004,Incremento attivita' finanziarie,Incremento attivita' finanziarie
3.02.01.02.005,Incremento attivita' finanziarie,Incremento attivita' finanziarie
3.02.01.02.006,Incremento attivita' finanziarie,Incremento attivita' finanziarie
3.02.01.02.007,Incremento attivita' finanziarie,Incremento attivita' finanziarie
3.02.01.02.008,Incremento attivita' finanziarie,Incremento attivita' finanziarie
3.02.01.02.009,Incremento attivita' finanziarie,Incremento attivita' finanziarie
3.02.01.02.010,Incremento attivita' finanziarie,Incremento attivita' finanziarie
3.02.01.02.011,Incremento attivita' finanziarie,Incremento attivita' finanziarie
3.02.01.02.012,Incremento attivita' finanziarie,Incremento attivita' finanziarie
3.02.01.02.013,Incremento attivita' finanziarie,Incremento attivita' finanziarie
3.02.01.02.014,Incremento attivita' finanziarie,Incremento attivita' finanziarie
3.02.01.02.015,Incremento attivita' finanziarie,Incremento attivita' finanziarie
3.02.01.02.016,Incremento attivita' finanziarie,Incremento attivita' finanziarie
3.02.01.02.017,Incremento attivita' finanziarie,Incremento attivita' finanziarie
3.02.01.02.018,Incremento attivita' finanziarie,Incremento attivita' finanziarie
3.02.01.02.019,Incremento attivita' finanziarie,Incremento attivita' finanziarie
3.02.01.02.999,Incremento attivita' finanziarie,Incremento attivita' finanziarie
3.02.01.03.001,Incremento attivita' finanziarie,Incremento attivita' finanziarie
3.02.01.03.002,Incremento attivita' finanziarie,Incremento attivita' finanziarie
3.02.01.03.999,Incremento attivita' finanziarie,Incremento attivita' finanziarie
3.02.01.04.001,Incremento attivita' finanziarie,Incremento attivita' finanziarie
3.02.02.01.001,Incremento attivita' finanziarie,Incremento attivita' finanziarie
3.02.03.01.001,Incremento attivita' finanziarie,Incremento attivita' finanziarie
3.02.03.02.001,Incremento attivita' finanziarie,Incremento attivita' finanziarie
3.02.03.03.001,Incremento attivita' finanziarie,Incremento attivita' finanziarie
3.02.03.04.999,Incremento attivita' finanziarie,Incremento attivita' finanziarie
3.02.04.01.001,Incremento attivita' finanziarie,Incremento attivita' finanziarie
3.02.05.01.001,Incremento attivita' finanziarie,Incremento attivita' finanziarie
3.02.05.02.001,Incremento attivita' finanziarie,Incremento attivita' finanziarie
3.02.06.01.001,Incremento attivita' finanziarie,Incremento attivita' finanziarie
3.02.06.01.003,Incremento attivita' finanziarie,Incremento attivita' finanziarie
3.02.06.01.004,Incremento attivita' finanziarie,Incremento attivita' finanziarie
3.02.06.01.005,Incremento attivita' finanziarie,Incremento attivita' finanziarie
3.02.06.01.006,Incremento attivita' finanziarie,Incremento attivita' finanziarie
3.02.06.01.007,Incremento attivita' finanziarie,Incremento attivita' finanziarie
3.02.06.01.008,Incremento attivita' finanziarie,Incremento attivita' finanziarie
3.02.06.01.009,Incremento attivita' finanziarie,Incremento attivita' finanziarie
3.02.06.01.010,Incremento attivita' finanziarie,Incremento attivita' finanziarie
3.02.06.01.011,Incremento attivita' finanziarie,Incremento attivita' finanziarie
3.02.06.01.012,Incremento attivita' finanziarie,Incremento attivita' finanziarie
3.02.06.01.013,Incremento attivita' finanziarie,Incremento attivita' finanziarie
3.02.06.01.999,Incremento attivita' finanziarie,Incremento attivita' finanziarie
3.02.06.02.001,Incremento attivita' finanziarie,Incremento attivita' finanziarie
3.02.06.02.002,Incremento attivita' finanziarie,Incremento attivita' finanziarie
3.02.06.02.003,Incremento attivita' finanziarie,Incremento attivita' finanziarie
3.02.06.02.004,Incremento attivita' finanziarie,Incremento attivita' finanziarie
3.02.06.02.005,Incremento attivita' finanziarie,Incremento attivita' finanziarie
3.02.06.02.006,Incremento attivita' finanziarie,Incremento attivita' finanziarie
3.02.06.02.007,Incremento attivita' finanziarie,Incremento attivita' finanziarie
3.02.06.02.008,Incremento attivita' finanziarie,Incremento attivita' finanziarie
3.02.06.02.009,Incremento attivita' finanziarie,Incremento attivita' finanziarie
3.02.06.02.010,Incremento attivita' finanziarie,Incremento attivita' finanziarie
3.02.06.02.011,Incremento attivita' finanziarie,Incremento attivita' finanziarie
3.02.06.02.012,Incremento attivita' finanziarie,Incremento attivita' finanziarie
3.02.06.02.013,Incremento attivita' finanziarie,Incremento attivita' finanziarie
3.02.06.02.014,Incremento attivita' finanziarie,Incremento attivita' finanziarie
3.02.06.02.015,Incremento attivita' finanziarie,Incremento attivita' finanziarie
3.02.06.02.016,Incremento attivita' finanziarie,Incremento attivita' finanziarie
3.02.06.02.017,Incremento attivita' finanziarie,Incremento attivita' finanziarie
3.02.06.02.018,Incremento attivita' finanziarie,Incremento attivita' finanziarie
3.02.06.02.019,Incremento attivita' finanziarie,Incremento attivita' finanziarie
3.02.06.02.999,Incremento attivita' finanziarie,Incremento attivita' finanziarie
3.02.06.03.001,Incremento attivita' finanziarie,Incremento attivita' finanziarie
3.02.06.03.002,Incremento attivita' finanziarie,Incremento attivita' finanziarie
3.02.06.03.999,Incremento attivita' finanziarie,Incremento attivita' finanziarie
3.02.06.04.001,Incremento attivita' finanziarie,Incremento attivita' finanziarie
3.02.07.01.001,Incremento attivita' finanziarie,Incremento attivita' finanziarie
3.02.08.01.001,Incremento attivita' finanziarie,Incremento attivita' finanziarie
3.02.08.02.001,Incremento attivita' finanziarie,Incremento attivita' finanziarie
3.02.08.03.001,Incremento attivita' finanziarie,Incremento attivita' finanziarie
3.02.08.04.999,Incremento attivita' finanziarie,Incremento attivita' finanziarie
3.02.09.01.001,Incremento attivita' finanziarie,Incremento attivita' finanziarie
3.02.10.01.001,Incremento attivita' finanziarie,Incremento attivita' finanziarie
3.02.10.02.001,Incremento attivita' finanziarie,Incremento attivita' finanziarie
3.03.01.01.001,Incremento attivita' finanziarie,Incremento attivita' finanziarie
3.03.01.01.003,Incremento attivita' finanziarie,Incremento attivita' finanziarie
3.03.01.01.004,Incremento attivita' finanziarie,Incremento attivita' finanziarie
3.03.01.01.005,Incremento attivita' finanziarie,Incremento attivita' finanziarie
3.03.01.01.006,Incremento attivita' finanziarie,Incremento attivita' finanziarie
3.03.01.01.007,Incremento attivita' finanziarie,Incremento attivita' finanziarie
3.03.01.01.008,Incremento attivita' finanziarie,Incremento attivita' finanziarie
3.03.01.01.009,Incremento attivita' finanziarie,Incremento attivita' finanziarie
3.03.01.01.010,Incremento attivita' finanziarie,Incremento attivita' finanziarie
3.03.01.01.011,Incremento attivita' finanziarie,Incremento attivita' finanziarie
3.03.01.01.012,Incremento attivita' finanziarie,Incremento attivita' finanziarie
3.03.01.01.013,Incremento attivita' finanziarie,Incremento attivita' finanziarie
3.03.01.01.999,Incremento attivita' finanziarie,Incremento attivita' finanziarie
3.03.01.02.001,Incremento attivita' finanziarie,Incremento attivita' finanziarie
3.03.01.02.002,Incremento attivita' finanziarie,Incremento attivita' finanziarie
3.03.01.02.003,Incremento attivita' finanziarie,Incremento attivita' finanziarie
3.03.01.02.004,Incremento attivita' finanziarie,Incremento attivita' finanziarie
3.03.01.02.005,Incremento attivita' finanziarie,Incremento attivita' finanziarie
3.03.01.02.006,Incremento attivita' finanziarie,Incremento attivita' finanziarie
3.03.01.02.007,Incremento attivita' finanziarie,Incremento attivita' finanziarie
3.03.01.02.008,Incremento attivita' finanziarie,Incremento attivita' finanziarie
3.03.01.02.009,Incremento attivita' finanziarie,Incremento attivita' finanziarie
3.03.01.02.010,Incremento attivita' finanziarie,Incremento attivita' finanziarie
3.03.01.02.011,Incremento attivita' finanziarie,Incremento attivita' finanziarie
3.03.01.02.012,Incremento attivita' finanziarie,Incremento attivita' finanziarie
3.03.01.02.013,Incremento attivita' finanziarie,Incremento attivita' finanziarie
3.03.01.02.014,Incremento attivita' finanziarie,Incremento attivita' finanziarie
3.03.01.02.015,Incremento attivita' finanziarie,Incremento attivita' finanziarie
3.03.01.02.016,Incremento attivita' finanziarie,Incremento attivita' finanziarie
3.03.01.02.017,Incremento attivita' finanziarie,Incremento attivita' finanziarie
3.03.01.02.018,Incremento attivita' finanziarie,Incremento attivita' finanziarie
3.03.01.02.019,Incremento attivita' finanziarie,Incremento attivita' finanziarie
3.03.01.02.999,Incremento attivita' finanziarie,Incremento attivita' finanziarie
3.03.01.03.001,Incremento attivita' finanziarie,Incremento attivita' finanziarie
3.03.01.03.002,Incremento attivita' finanziarie,Incremento attivita' finanziarie
3.03.01.03.999,Incremento attivita' finanziarie,Incremento attivita' finanziarie
3.03.01.04.001,Incremento attivita' finanziarie,Incremento attivita' finanziarie
3.03.02.01.001,Incremento attivita' finanziarie,Incremento attivita' finanziarie
3.03.03.01.001,Incremento attivita' finanziarie,Incremento attivita' finanziarie
3.03.03.02.001,Incremento attivita' finanziarie,Incremento attivita' finanziarie
3.03.03.03.001,Incremento attivita' finanziarie,Incremento attivita' finanziarie
3.03.03.04.999,Incremento attivita' finanziarie,Incremento attivita' finanziarie
3.03.04.01.001,Incremento attivita' finanziarie,Incremento attivita' finanziarie
3.03.05.01.001,Incremento attivita' finanziarie,Incremento attivita' finanziarie
3.03.05.02.001,Incremento attivita' finanziarie,Incremento attivita' finanziarie
3.03.06.01.001,Incremento attivita' finanziarie,Incremento attivita' finanziarie
3.03.06.01.003,Incremento attivita' finanziarie,Incremento attivita' finanziarie
3.03.06.01.004,Incremento attivita' finanziarie,Incremento attivita' finanziarie
3.03.06.01.005,Incremento attivita' finanziarie,Incremento attivita' finanziarie
3.03.06.01.006,Incremento attivita' finanziarie,Incremento attivita' finanziarie
3.03.06.01.007,Incremento attivita' finanziarie,Incremento attivita' finanziarie
3.03.06.01.008,Incremento attivita' finanziarie,Incremento attivita' finanziarie
3.03.06.01.009,Incremento attivita' finanziarie,Incremento attivita' finanziarie
3.03.06.01.010,Incremento attivita' finanziarie,Incremento attivita' finanziarie
3.03.06.01.011,Incremento attivita' finanziarie,Incremento attivita' finanziarie
3.03.06.01.012,Incremento attivita' finanziarie,Incremento attivita' finanziarie
3.03.06.01.013,Incremento attivita' finanziarie,Incremento attivita' finanziarie
3.03.06.01.999,Incremento attivita' finanziarie,Incremento attivita' finanziarie
3.03.06.02.001,Incremento attivita' finanziarie,Incremento attivita' finanziarie
3.03.06.02.002,Incremento attivita' finanziarie,Incremento attivita' finanziarie
3.03.06.02.003,Incremento attivita' finanziarie,Incremento attivita' finanziarie
3.03.06.02.004,Incremento attivita' finanziarie,Incremento attivita' finanziarie
3.03.06.02.005,Incremento attivita' finanziarie,Incremento attivita' finanziarie
3.03.06.02.006,Incremento attivita' finanziarie,Incremento attivita' finanziarie
3.03.06.02.007,Incremento attivita' finanziarie,Incremento attivita' finanziarie
3.03.06.02.008,Incremento attivita' finanziarie,Incremento attivita' finanziarie
3.03.06.02.009,Incremento attivita' finanziarie,Incremento attivita' finanziarie
3.03.06.02.010,Incremento attivita' finanziarie,Incremento attivita' finanziarie
3.03.06.02.011,Incremento attivita' finanziarie,Incremento attivita' finanziarie
3.03.06.02.012,Incremento attivita' finanziarie,Incremento attivita' finanziarie
3.03.06.02.013,Incremento attivita' finanziarie,Incremento attivita' finanziarie
3.03.06.02.014,Incremento attivita' finanziarie,Incremento attivita' finanziarie
3.03.06.02.015,Incremento attivita' finanziarie,Incremento attivita' finanziarie
3.03.06.02.016,Incremento attivita' finanziarie,Incremento attivita' finanziarie
3.03.06.02.017,Incremento attivita' finanziarie,Incremento attivita' finanziarie
3.03.06.02.018,Incremento attivita' finanziarie,Incremento attivita' finanziarie
3.03.06.02.019,Incremento attivita' finanziarie,Incremento attivita' finanziarie
3.03.06.02.999,Incremento attivita' finanziarie,Incremento attivita' finanziarie
3.03.06.03.001,Incremento attivita' finanziarie,Incremento attivita' finanziarie
3.03.06.03.002,Incremento attivita' finanziarie,Incremento attivita' finanziarie
3.03.06.03.999,Incremento attivita' finanziarie,Incremento attivita' finanziarie
3.03.06.04.001,Incremento attivita' finanziarie,Incremento attivita' finanziarie
3.03.07.01.001,Incremento attivita' finanziarie,Incremento attivita' finanziarie
3.03.08.01.001,Incremento attivita' finanziarie,Incremento attivita' finanziarie
3.03.08.02.001,Incremento attivita' finanziarie,Incremento attivita' finanziarie
3.03.08.03.001,Incremento attivita' finanziarie,Incremento attivita' finanziarie
3.03.08.04.999,Incremento attivita' finanziarie,Incremento attivita' finanziarie
3.03.09.01.001,Incremento attivita' finanziarie,Incremento attivita' finanziarie
3.03.10.01.001,Incremento attivita' finanziarie,Incremento attivita' finanziarie
3.03.10.02.001,Incremento attivita' finanziarie,Incremento attivita' finanziarie
3.03.11.01.001,Incremento attivita' finanziarie,Incremento attivita' finanziarie
3.03.11.01.003,Incremento attivita' finanziarie,Incremento attivita' finanziarie
3.03.11.01.004,Incremento attivita' finanziarie,Incremento attivita' finanziarie
3.03.11.01.005,Incremento attivita' finanziarie,Incremento attivita' finanziarie
3.03.11.01.006,Incremento attivita' finanziarie,Incremento attivita' finanziarie
3.03.11.01.007,Incremento attivita' finanziarie,Incremento attivita' finanziarie
3.03.11.01.008,Incremento attivita' finanziarie,Incremento attivita' finanziarie
3.03.11.01.009,Incremento attivita' finanziarie,Incremento attivita' finanziarie
3.03.11.01.010,Incremento attivita' finanziarie,Incremento attivita' finanziarie
3.03.11.01.011,Incremento attivita' finanziarie,Incremento attivita' finanziarie
3.03.11.01.012,Incremento attivita' finanziarie,Incremento attivita' finanziarie
3.03.11.01.013,Incremento attivita' finanziarie,Incremento attivita' finanziarie
3.03.11.01.999,Incremento attivita' finanziarie,Incremento attivita' finanziarie
3.03.11.02.001,Incremento attivita' finanziarie,Incremento attivita' finanziarie
3.03.11.02.002,Incremento attivita' finanziarie,Incremento attivita' finanziarie
3.03.11.02.003,Incremento attivita' finanziarie,Incremento attivita' finanziarie
3.03.11.02.004,Incremento attivita' finanziarie,Incremento attivita' finanziarie
3.03.11.02.005,Incremento attivita' finanziarie,Incremento attivita' finanziarie
3.03.11.02.006,Incremento attivita' finanziarie,Incremento attivita' finanziarie
3.03.11.02.007,Incremento attivita' finanziarie,Incremento attivita' finanziarie
3.03.11.02.008,Incremento attivita' finanziarie,Incremento attivita' finanziarie
3.03.11.02.009,Incremento attivita' finanziarie,Incremento attivita' finanziarie
3.03.11.02.010,Incremento attivita' finanziarie,Incremento attivita' finanziarie
3.03.11.02.011,Incremento attivita' finanziarie,Incremento attivita' finanziarie
3.03.11.02.012,Incremento attivita' finanziarie,Incremento attivita' finanziarie
3.03.11.02.013,Incremento attivita' finanziarie,Incremento attivita' finanziarie
3.03.11.02.014,Incremento attivita' finanziarie,Incremento attivita' finanziarie
3.03.11.02.015,Incremento attivita' finanziarie,Incremento attivita' finanziarie
3.03.11.02.016,Incremento attivita' finanziarie,Incremento attivita' finanziarie
3.03.11.02.017,Incremento attivita' finanziarie,Incremento attivita' finanziarie
3.03.11.02.018,Incremento attivita' finanziarie,Incremento attivita' finanziarie
3.03.11.02.019,Incremento attivita' finanziarie,Incremento attivita' finanziarie
3.03.11.02.999,Incremento attivita' finanziarie,Incremento attivita' finanziarie
3.03.11.03.001,Incremento attivita' finanziarie,Incremento attivita' finanziarie
3.03.11.03.002,Incremento attivita' finanziarie,Incremento attivita' finanziarie
3.03.11.03.999,Incremento attivita' finanziarie,Incremento attivita' finanziarie
3.03.12.01.001,Incremento attivita' finanziarie,Incremento attivita' finanziarie
3.03.13.01.001,Incremento attivita' finanziarie,Incremento attivita' finanziarie
3.03.13.02.001,Incremento attivita' finanziarie,Incremento attivita' finanziarie
3.03.13.03.001,Incremento attivita' finanziarie,Incremento attivita' finanziarie
3.03.13.04.999,Incremento attivita' finanziarie,Incremento attivita' finanziarie
3.03.14.01.001,Incremento attivita' finanziarie,Incremento attivita' finanziarie
3.03.15.01.001,Incremento attivita' finanziarie,Incremento attivita' finanziarie
3.03.15.02.001,Incremento attivita' finanziarie,Incremento attivita' finanziarie
3.04.01.01.001,Incremento attivita' finanziarie,Incremento attivita' finanziarie
3.04.01.01.003,Incremento attivita' finanziarie,Incremento attivita' finanziarie
3.04.01.01.004,Incremento attivita' finanziarie,Incremento attivita' finanziarie
3.04.01.01.005,Incremento attivita' finanziarie,Incremento attivita' finanziarie
3.04.01.01.006,Incremento attivita' finanziarie,Incremento attivita' finanziarie
3.04.01.01.007,Incremento attivita' finanziarie,Incremento attivita' finanziarie
3.04.01.01.008,Incremento attivita' finanziarie,Incremento attivita' finanziarie
3.04.01.01.009,Incremento attivita' finanziarie,Incremento attivita' finanziarie
3.04.01.01.010,Incremento attivita' finanziarie,Incremento attivita' finanziarie
3.04.01.01.011,Incremento attivita' finanziarie,Incremento attivita' finanziarie
3.04.01.01.012,Incremento attivita' finanziarie,Incremento attivita' finanziarie
3.04.01.01.013,Incremento attivita' finanziarie,Incremento attivita' finanziarie
3.04.01.01.999,Incremento attivita' finanziarie,Incremento attivita' finanziarie
3.04.01.02.001,Incremento attivita' finanziarie,Incremento attivita' finanziarie
3.04.01.02.002,Incremento attivita' finanziarie,Incremento attivita' finanziarie
3.04.01.02.003,Incremento attivita' finanziarie,Incremento attivita' finanziarie
3.04.01.02.004,Incremento attivita' finanziarie,Incremento attivita' finanziarie
3.04.01.02.005,Incremento attivita' finanziarie,Incremento attivita' finanziarie
3.04.01.02.006,Incremento attivita' finanziarie,Incremento attivita' finanziarie
3.04.01.02.007,Incremento attivita' finanziarie,Incremento attivita' finanziarie
3.04.01.02.008,Incremento attivita' finanziarie,Incremento attivita' finanziarie
3.04.01.02.009,Incremento attivita' finanziarie,Incremento attivita' finanziarie
3.04.01.02.010,Incremento attivita' finanziarie,Incremento attivita' finanziarie
3.04.01.02.011,Incremento attivita' finanziarie,Incremento attivita' finanziarie
3.04.01.02.012,Incremento attivita' finanziarie,Incremento attivita' finanziarie
3.04.01.02.013,Incremento attivita' finanziarie,Incremento attivita' finanziarie
3.04.01.02.014,Incremento attivita' finanziarie,Incremento attivita' finanziarie
3.04.01.02.015,Incremento attivita' finanziarie,Incremento attivita' finanziarie
3.04.01.02.016,Incremento attivita' finanziarie,Incremento attivita' finanziarie
3.04.01.02.017,Incremento attivita' finanziarie,Incremento attivita' finanziarie
3.04.01.02.018,Incremento attivita' finanziarie,Incremento attivita' finanziarie
3.04.01.02.019,Incremento attivita' finanziarie,Incremento attivita' finanziarie
3.04.01.02.999,Incremento attivita' finanziarie,Incremento attivita' finanziarie
3.04.01.03.001,Incremento attivita' finanziarie,Incremento attivita' finanziarie
3.04.01.03.002,Incremento attivita' finanziarie,Incremento attivita' finanziarie
3.04.01.03.999,Incremento attivita' finanziarie,Incremento attivita' finanziarie
3.04.02.01.001,Incremento attivita' finanziarie,Incremento attivita' finanziarie
3.04.03.01.001,Incremento attivita' finanziarie,Incremento attivita' finanziarie
3.04.03.02.001,Incremento attivita' finanziarie,Incremento attivita' finanziarie
3.04.03.03.001,Incremento attivita' finanziarie,Incremento attivita' finanziarie
3.04.03.04.999,Incremento attivita' finanziarie,Incremento attivita' finanziarie
3.04.04.01.001,Incremento attivita' finanziarie,Incremento attivita' finanziarie
3.04.05.01.001,Incremento attivita' finanziarie,Incremento attivita' finanziarie
3.04.05.02.001,Incremento attivita' finanziarie,Incremento attivita' finanziarie
3.04.06.01.001,Incremento attivita' finanziarie,Incremento attivita' finanziarie
3.04.07.01.001,Incremento attivita' finanziarie,Incremento attivita' finanziarie
3.04.08.01.001,Incremento attivita' finanziarie,Incremento attivita' finanziarie
3.04.08.01.002,Incremento attivita' finanziarie,Incremento attivita' finanziarie
3101,Spese correnti,Acquisto beni e servizi
3102,Spese correnti,Acquisto beni e servizi
3103,Spese correnti,Acquisto beni e servizi
3104,Spese correnti,Acquisto beni e servizi
3105,Spese correnti,Acquisto beni e servizi
3106,Spese correnti,Acquisto beni e servizi
3107,Spese correnti,Acquisto beni e servizi
3108,Spese correnti,Acquisto beni e servizi
3109,Spese correnti,Acquisto beni e servizi
3110,Spese correnti,Acquisto beni e servizi
3111,Spese correnti,Acquisto beni e servizi
3112,Spese correnti,Acquisto beni e servizi
3113,Spese correnti,Acquisto beni e servizi
3114,Spese correnti,Acquisto beni e servizi
3115,Spese correnti,Acquisto beni e servizi
3116,Spese correnti,Acquisto beni e servizi
3117,Spese correnti,Acquisto beni e servizi
3118,Spese correnti,Acquisto beni e servizi
3119,Spese correnti,Acquisto beni e servizi
3120,Spese correnti,Acquisto beni e servizi
3121,Spese correnti,Acquisto beni e servizi
3122,Spese correnti,Acquisto beni e servizi
3123,Spese correnti,Acquisto beni e servizi
3124,Spese correnti,Acquisto beni e servizi
3125,Spese correnti,Acquisto beni e servizi
3126,Spese correnti,Acquisto beni e servizi
3127,Spese correnti,Acquisto beni e servizi
3128,Spese correnti,Acquisto beni e servizi
3129,Spese correnti,Acquisto beni e servizi
3130,Spese correnti,Acquisto beni e servizi
3131,Spese correnti,Acquisto beni e servizi
3132,Spese correnti,Acquisto beni e servizi
3133,Spese correnti,Acquisto beni e servizi
3134,Spese correnti,Acquisto beni e servizi
3135,Spese correnti,Acquisto beni e servizi
3136,Spese correnti,Acquisto beni e servizi
3137,Spese correnti,Acquisto beni e servizi
3138,Spese correnti,Acquisto beni e servizi
3140,Altre spese,Altre spese
3150,Spese correnti,Acquisto beni e servizi
3151,Spese correnti,Acquisto beni e servizi
3152,Spese correnti,Acquisto beni e servizi
3153,Spese correnti,Acquisto beni e servizi
3154,Spese correnti,Acquisto beni e servizi
3160,Altre spese,Altre spese
3198,Spese correnti,Acquisto beni e servizi
3199,Spese correnti,Acquisto beni e servizi
3201,Spese correnti,Acquisto beni e servizi
3202,Spese correnti,Acquisto beni e servizi
3203,Spese correnti,Acquisto beni e servizi
3204,Spese correnti,Acquisto beni e servizi
3205,Spese correnti,Acquisto beni e servizi
3206,Spese correnti,Acquisto beni e servizi
3207,Spese correnti,Acquisto beni e servizi
3208,Spese correnti,Acquisto beni e servizi
3209,Spese correnti,Acquisto beni e servizi
3210,Spese correnti,Acquisto beni e servizi
3211,Spese correnti,Acquisto beni e servizi
3212,Spese correnti,Acquisto beni e servizi
3213,Spese correnti,Acquisto beni e servizi
3214,Spese correnti,Acquisto beni e servizi
3215,Spese correnti,Acquisto beni e servizi
3216,Spese correnti,Acquisto beni e servizi
3217,Spese correnti,Acquisto beni e servizi
3218,Spese correnti,Acquisto beni e servizi
3219,Spese correnti,Acquisto beni e servizi
3220,Spese correnti,Acquisto beni e servizi
3221,Spese correnti,Acquisto beni e servizi
3222,Spese correnti,Acquisto beni e servizi
3230,Altre spese,Altre spese
3240,Altre spese,Altre spese
3298,Spese correnti,Acquisto beni e servizi
3299,Spese correnti,Acquisto beni e servizi
3301,Altre spese,Altre spese
3302,Altre spese,Altre spese
3311,Altre spese,Altre spese
3312,Altre spese,Altre spese
3321,Altre spese,Altre spese
3322,Altre spese,Altre spese
3323,Altre spese,Altre spese
3324,Altre spese,Altre spese
3325,Altre spese,Altre spese
3401,Altre spese,Altre spese
3402,Altre spese,Altre spese
341,Altre spese,Altre spese
3411,Altre spese,Altre spese
3412,Altre spese,Altre spese
342,Spese correnti,Imposte e tasse
3421,Altre spese,Altre spese
3422,Altre spese,Altre spese
343,Spese correnti,Imposte e tasse
344,Spese correnti,Poste correttive
345,Altre spese,Altre spese
346,Altre spese,Altre spese
347,Altre spese,Altre spese
348,Altre spese,Altre spese
349,Altre spese,Altre spese
350,Altre spese,Altre spese
3501,Altre spese,Altre spese
3502,Altre spese,Altre spese
351,Altre spese,Altre spese
3511,Altre spese,Altre spese
3512,Altre spese,Altre spese
3513,Altre spese,Altre spese
352,Altre spese,Altre spese
353,Altre spese,Altre spese
354,Altre spese,Altre spese
355,Altre spese,Altre spese
356,Altre spese,Altre spese
357,Altre spese,Altre spese
358,Altre spese,Altre spese
359,Altre spese,Altre spese
360,Altre spese,Altre spese
361,Altre spese,Altre spese
3611,Altre spese,Altre spese
3612,Altre spese,Altre spese
3613,Altre spese,Altre spese
362,Altre spese,Altre spese
363,Altre spese,Altre spese
364,Altre spese,Altre spese
365,Altre spese,Altre spese
367,Altre spese,Altre spese
368,Altre spese,Altre spese
369,Anticipazioni e partite di giro,Anticipazioni
370,Altre spese,Altre spese
371,Altre spese,Altre spese
3711,Altre spese,Altre spese
3712,Altre spese,Altre spese
374,Altre spese,Altre spese
375,Spese in conto capitale,Trasferimenti c/capitale
378,Altre spese,Altre spese
379,Altre spese,Altre spese
380,Altre spese,Altre spese
381,Altre spese,Altre spese
3811,Altre spese,Altre spese
3812,Altre spese,Altre spese
382,Altre spese,Altre spese
384,Altre spese,Altre spese
386,Altre spese,Altre spese
388,Altre spese,Altre spese
389,Altre spese,Altre spese
390,Altre spese,Altre spese
391,Altre spese,Altre spese
3910,Anticipazioni e partite di giro,Anticipazioni
392,Altre spese,Altre spese
393,Altre spese,Altre spese
394,Altre spese,Altre spese
395,Altre spese,Altre spese
396,Altre spese,Altre spese
398,Altre spese,Altre spese
399,Altre spese,Altre spese
4.01.01.01.001,Rimborso prestiti,Rimborso prestiti
4.01.01.01.002,Rimborso prestiti,Rimborso prestiti
4.01.01.02.001,Rimborso prestiti,Rimborso prestiti
4.01.01.02.002,Rimborso prestiti,Rimborso prestiti
4.01.02.01.001,Rimborso prestiti,Rimborso prestiti
4.01.02.01.002,Rimborso prestiti,Rimborso prestiti
4.01.02.02.001,Rimborso prestiti,Rimborso prestiti
4.01.02.02.002,Rimborso prestiti,Rimborso prestiti
4.02.01.01.001,Rimborso prestiti,Rimborso prestiti
4.02.01.01.002,Rimborso prestiti,Rimborso prestiti
4.02.01.01.003,Rimborso prestiti,Rimborso prestiti
4.02.01.01.004,Rimborso prestiti,Rimborso prestiti
4.02.01.01.005,Rimborso prestiti,Rimborso prestiti
4.02.01.01.006,Rimborso prestiti,Rimborso prestiti
4.02.01.01.007,Rimborso prestiti,Rimborso prestiti
4.02.01.01.008,Rimborso prestiti,Rimborso prestiti
4.02.01.01.009,Rimborso prestiti,Rimborso prestiti
4.02.01.01.010,Rimborso prestiti,Rimborso prestiti
4.02.01.01.011,Rimborso prestiti,Rimborso prestiti
4.02.01.01.012,Rimborso prestiti,Rimborso prestiti
4.02.01.01.999,Rimborso prestiti,Rimborso prestiti
4.02.01.02.001,Rimborso prestiti,Rimborso prestiti
4.02.01.02.002,Rimborso prestiti,Rimborso prestiti
4.02.01.02.003,Rimborso prestiti,Rimborso prestiti
4.02.01.02.004,Rimborso prestiti,Rimborso prestiti
4.02.01.02.005,Rimborso prestiti,Rimborso prestiti
4.02.01.02.006,Rimborso prestiti,Rimborso prestiti
4.02.01.02.007,Rimborso prestiti,Rimborso prestiti
4.02.01.02.008,Rimborso prestiti,Rimborso prestiti
4.02.01.02.009,Rimborso prestiti,Rimborso prestiti
4.02.01.02.010,Rimborso prestiti,Rimborso prestiti
4.02.01.02.011,Rimborso prestiti,Rimborso prestiti
4.02.01.02.012,Rimborso prestiti,Rimborso prestiti
4.02.01.02.013,Rimborso prestiti,Rimborso prestiti
4.02.01.02.014,Rimborso prestiti,Rimborso prestiti
4.02.01.02.015,Rimborso prestiti,Rimborso prestiti
4.02.01.02.016,Rimborso prestiti,Rimborso prestiti
4.02.01.02.017,Rimborso prestiti,Rimborso prestiti
4.02.01.02.018,Rimborso prestiti,Rimborso prestiti
4.02.01.02.019,Rimborso prestiti,Rimborso prestiti
4.02.01.02.999,Rimborso prestiti,Rimborso prestiti
4.02.01.03.001,Rimborso prestiti,Rimborso prestiti
4.02.01.03.002,Rimborso prestiti,Rimborso prestiti
4.02.01.03.999,Rimborso prestiti,Rimborso prestiti
4.02.01.04.001,Rimborso prestiti,Rimborso prestiti
4.02.01.04.002,Rimborso prestiti,Rimborso prestiti
4.02.01.04.999,Rimborso prestiti,Rimborso prestiti
4.02.01.05.001,Rimborso prestiti,Rimborso prestiti
4.02.02.01.001,Rimborso prestiti,Rimborso prestiti
4.02.02.01.002,Rimborso prestiti,Rimborso prestiti
4.02.02.01.003,Rimborso prestiti,Rimborso prestiti
4.02.02.01.999,Rimborso prestiti,Rimborso prestiti
4.02.02.02.001,Rimborso prestiti,Rimborso prestiti
4.02.02.02.002,Rimborso prestiti,Rimborso prestiti
4.02.02.02.003,Rimborso prestiti,Rimborso prestiti
4.02.02.02.999,Rimborso prestiti,Rimborso prestiti
4.03.01.01.001,Rimborso prestiti,Rimborso prestiti
4.03.01.01.002,Rimborso prestiti,Rimborso prestiti
4.03.01.01.003,Rimborso prestiti,Rimborso prestiti
4.03.01.01.004,Rimborso prestiti,Rimborso prestiti
4.03.01.01.005,Rimborso prestiti,Rimborso prestiti
4.03.01.01.006,Rimborso prestiti,Rimborso prestiti
4.03.01.01.007,Rimborso prestiti,Rimborso prestiti
4.03.01.01.008,Rimborso prestiti,Rimborso prestiti
4.03.01.01.009,Rimborso prestiti,Rimborso prestiti
4.03.01.01.010,Rimborso prestiti,Rimborso prestiti
4.03.01.01.011,Rimborso prestiti,Rimborso prestiti
4.03.01.01.012,Rimborso prestiti,Rimborso prestiti
4.03.01.01.999,Rimborso prestiti,Rimborso prestiti
4.03.01.02.001,Rimborso prestiti,Rimborso prestiti
4.03.01.02.002,Rimborso prestiti,Rimborso prestiti
4.03.01.02.003,Rimborso prestiti,Rimborso prestiti
4.03.01.02.004,Rimborso prestiti,Rimborso prestiti
4.03.01.02.005,Rimborso prestiti,Rimborso prestiti
4.03.01.02.006,Rimborso prestiti,Rimborso prestiti
4.03.01.02.007,Rimborso prestiti,Rimborso prestiti
4.03.01.02.008,Rimborso prestiti,Rimborso prestiti
4.03.01.02.009,Rimborso prestiti,Rimborso prestiti
4.03.01.02.010,Rimborso prestiti,Rimborso prestiti
4.03.01.02.011,Rimborso prestiti,Rimborso prestiti
4.03.01.02.012,Rimborso prestiti,Rimborso prestiti
4.03.01.02.013,Rimborso prestiti,Rimborso prestiti
4.03.01.02.014,Rimborso prestiti,Rimborso prestiti
4.03.01.02.015,Rimborso prestiti,Rimborso prestiti
4.03.01.02.016,Rimborso prestiti,Rimborso prestiti
4.03.01.02.017,Rimborso prestiti,Rimborso prestiti
4.03.01.02.018,Rimborso prestiti,Rimborso prestiti
4.03.01.02.019,Rimborso prestiti,Rimborso prestiti
4.03.01.02.999,Rimborso prestiti,Rimborso prestiti
4.03.01.03.001,Rimborso prestiti,Rimborso prestiti
4.03.01.03.002,Rimborso prestiti,Rimborso prestiti
4.03.01.03.999,Rimborso prestiti,Rimborso prestiti
4.03.01.04.001,Rimborso prestiti,Rimborso prestiti
4.03.01.04.002,Rimborso prestiti,Rimborso prestiti
4.03.01.04.003,Rimborso prestiti,Rimborso prestiti
4.03.01.04.004,Rimborso prestiti,Rimborso prestiti
4.03.01.04.999,Rimborso prestiti,Rimborso prestiti
4.03.01.05.001,Rimborso prestiti,Rimborso prestiti
4.03.01.06.001,Rimborso prestiti,Rimborso prestiti
4.03.02.01.001,Rimborso prestiti,Rimborso prestiti
4.04.02.01.001,Rimborso prestiti,Rimborso prestiti
4.04.03.01.001,Rimborso prestiti,Rimborso prestiti
4.04.04.01.001,Rimborso prestiti,Rimborso prestiti
400,Altre spese,Altre spese
401,Spese correnti,Acquisto beni e servizi
402,Altre spese,Altre spese
403,Spese correnti,Acquisto beni e servizi
404,Altre spese,Altre spese
405,Altre spese,Altre spese
406,Altre spese,Altre spese
407,Altre spese,Altre spese
408,Spese correnti,Trasferimenti correnti
409,Altre spese,Altre spese
410,Altre spese,Altre spese
4101,Spese correnti,Personale
4102,Altre spese,Altre spese
4103,Spese correnti,Trasferimenti correnti
4104,Spese correnti,Trasferimenti correnti
4105,Spese correnti,Trasferimenti correnti
4106,Spese correnti,Trasferimenti correnti
4107,Spese correnti,Trasferimenti correnti
4108,Spese correnti,Trasferimenti correnti
4109,Spese correnti,Trasferimenti correnti
411,Altre spese,Altre spese
4110,Spese correnti,Trasferimenti correnti
4111,Spese correnti,Interessi passivi
4112,Altre spese,Altre spese
4113,Spese correnti,Trasferimenti correnti
4114,Spese correnti,Trasferimenti correnti
4115,Spese correnti,Trasferimenti correnti
4116,Spese correnti,Trasferimenti correnti
4117,Spese correnti,Trasferimenti correnti
4118,Spese correnti,Trasferimenti correnti
4119,Spese correnti,Trasferimenti correnti
412,Altre spese,Altre spese
4120,Spese correnti,Trasferimenti correnti
4121,Spese correnti,Interessi passivi
4122,Spese correnti,Interessi passivi
4123,Anticipazioni e partite di giro,Anticipazioni
4124,Altre spese,Altre spese
4125,Altre spese,Altre spese
413,Spese correnti,Acquisto beni e servizi
414,Spese correnti,Acquisto beni e servizi
415,Spese correnti,Acquisto beni e servizi
416,Spese correnti,Acquisto beni e servizi
417,Spese correnti,Personale
418,Spese correnti,Personale
419,Altre spese,Altre spese
4198,Spese correnti,Trasferimenti correnti
4199,Altre spese,Altre spese
420,Altre spese,Altre spese
4200,Altre spese,Altre spese
4201,Spese correnti,Trasferimenti correnti
4202,Spese correnti,Trasferimenti correnti
4203,Spese correnti,Trasferimenti correnti
4204,Altre spese,Altre spese
4205,Altre spese,Altre spese
421,Altre spese,Altre spese
4210,Altre spese,Altre spese
422,Spese correnti,Interessi passivi
4220,Altre spese,Altre spese
423,Spese correnti,Acquisto beni e servizi
4230,Altre spese,Altre spese
424,Altre spese,Altre spese
425,Spese correnti,Acquisto beni e servizi
426,Spese in conto capitale,Investimenti fissi
428,Altre spese,Altre spese
429,Altre spese,Altre spese
4299,Spese correnti,Trasferimenti correnti
430,Spese correnti,Personale
4301,Spese correnti,Personale
4304,Anticipazioni e partite di giro,Anticipazioni
4305,Altre spese,Altre spese
4306,Spese correnti,Interessi passivi
431,Altre spese,Altre spese
4311,Altre spese,Altre spese
4312,Spese correnti,Imposte e tasse
4313,Spese correnti,Acquisto beni e servizi
4314,Spese correnti,Imposte e tasse
4315,Spese correnti,Personale
4316,Altre spese,Altre spese
4317,Anticipazioni e partite di giro,Anticipazioni
4318,Altre spese,Altre spese
4319,Spese correnti,Personale
432,Spese correnti,Personale
4320,Spese correnti,Imposte e tasse
4321,Spese correnti,Imposte e tasse
4322,Spese correnti,Imposte e tasse
4331,Spese correnti,Imposte e tasse
4332,Spese correnti,Imposte e tasse
4333,Spese correnti,Imposte e tasse
4334,Altre spese,Altre spese
4335,Altre spese,Altre spese
4336,Altre spese,Altre spese
4337,Altre spese,Altre spese
4399,Altre spese,Altre spese
4401,Altre spese,Altre spese
4402,Altre spese,Altre spese
4403,Altre spese,Altre spese
4405,Altre spese,Altre spese
4499,Altre spese,Altre spese
4502,Altre spese,Altre spese
4503,Spese correnti,Acquisto beni e servizi
4504,Altre spese,Altre spese
4505,Altre spese,Altre spese
4506,Altre spese,Altre spese
4507,Altre spese,Altre spese
4508,Altre spese,Altre spese
4509,Altre spese,Altre spese
4510,Spese correnti,Trasferimenti correnti
4511,Altre spese,Altre spese
4512,Altre spese,Altre spese
4513,Altre spese,Altre spese
4601,Spese correnti,Acquisto beni e servizi
4701,Altre spese,Altre spese
4798,Altre spese,Altre spese
4799,Altre spese,Altre spese
5.01.01.01.001,Anticipazioni e partite di giro,Anticipazioni
5101,Altre spese,Altre spese
5102,Spese correnti,Imposte e tasse
5103,Altre spese,Altre spese
5104,Altre spese,Altre spese
5105,Altre spese,Altre spese
5106,Spese correnti,Acquisto beni e servizi
5107,Spese in conto capitale,Investimenti fissi
5108,Spese in conto capitale,Investimenti fissi
5109,Altre spese,Altre spese
5110,Altre spese,Altre spese
5111,Spese correnti,Personale
5112,Altre spese,Altre spese
5113,Spese correnti,Acquisto beni e servizi
5120,Altre spese,Altre spese
5130,Altre spese,Altre spese
5140,Altre spese,Altre spese
5149,Spese correnti,Acquisto beni e servizi
5151,Spese correnti,Acquisto beni e servizi
5152,Altre spese,Altre spese
5155,Altre spese,Altre spese
5157,Altre spese,Altre spese
5199,Spese correnti,Acquisto beni e servizi
5201,Altre spese,Altre spese
5202,Altre spese,Altre spese
5203,Altre spese,Altre spese
5204,Altre spese,Altre spese
5205,Altre spese,Altre spese
5206,Altre spese,Altre spese
5207,Altre spese,Altre spese
5209,Altre spese,Altre spese
5299,Altre spese,Altre spese
5301,Spese correnti,Interessi passivi
5302,Spese correnti,Interessi passivi
5303,Spese correnti,Interessi passivi
5304,Spese correnti,Interessi passivi
5305,Spese correnti,Interessi passivi
5306,Spese correnti,Interessi passivi
5307,Spese correnti,Interessi passivi
5308,Spese correnti,Interessi passivi
5398,Altre spese,Altre spese
5399,Altre spese,Altre spese
5401,Anticipazioni e partite di giro,Anticipazioni
5402,Altre spese,Altre spese
5403,Anticipazioni e partite di giro,Anticipazioni
5404,Spese correnti,Imposte e tasse
5405,Anticipazioni e partite di giro,Anticipazioni
5406,Anticipazioni e partite di giro,Anticipazioni
5407,Anticipazioni e partite di giro,Anticipazioni
5408,Anticipazioni e partite di giro,Anticipazioni
5409,Anticipazioni e partite di giro,Anticipazioni
5410,Anticipazioni e partite di giro,Anticipazioni
5411,Anticipazioni e partite di giro,Anticipazioni
5412,Anticipazioni e partite di giro,Anticipazioni
5413,Anticipazioni e partite di giro,Anticipazioni
5414,Anticipazioni e partite di giro,Anticipazioni
5488,Anticipazioni e partite di giro,Anticipazioni
5489,Anticipazioni e partite di giro,Anticipazioni
5491,Anticipazioni e partite di giro,Anticipazioni
5492,Altre spese,Altre spese
5493,Anticipazioni e partite di giro,Anticipazioni
5494,Anticipazioni e partite di giro,Anticipazioni
5499,Altre spese,Altre spese
5501,Spese correnti,Acquisto beni e servizi
5502,Spese correnti,Personale
5503,Altre spese,Altre spese
5504,Altre spese,Altre spese
5505,Altre spese,Altre spese
5506,Altre spese,Altre spese
5507,Spese correnti,Trasferimenti correnti
5508,Altre spese,Altre spese
5509,Altre spese,Altre spese
5510,Altre spese,Altre spese
5597,Altre spese,Altre spese
5598,Altre spese,Altre spese
5599,Altre spese,Altre spese
5601,Spese correnti,Trasferimenti correnti
5602,Spese correnti,Trasferimenti correnti
5603,Spese correnti,Trasferimenti correnti
5604,Spese correnti,Trasferimenti correnti
5605,Spese correnti,Trasferimenti correnti
5606,Spese correnti,Trasferimenti correnti
5607,Spese correnti,Trasferimenti correnti
5608,Spese correnti,Trasferimenti correnti
5609,Spese correnti,Trasferimenti correnti
5610,Spese correnti,Trasferimenti correnti
5611,Spese correnti,Trasferimenti correnti
5612,Spese correnti,Trasferimenti correnti
5613,Spese correnti,Trasferimenti correnti
5614,Spese correnti,Trasferimenti correnti
5615,Spese correnti,Trasferimenti correnti
5616,Spese correnti,Trasferimenti correnti
5617,Spese correnti,Trasferimenti correnti
5618,Spese correnti,Trasferimenti correnti
5619,Spese correnti,Trasferimenti correnti
5620,Spese correnti,Trasferimenti correnti
5689,Spese correnti,Trasferimenti correnti
5690,Spese correnti,Trasferimenti correnti
5691,Spese correnti,Trasferimenti correnti
5692,Spese correnti,Trasferimenti correnti
5693,Spese correnti,Trasferimenti correnti
5694,Spese correnti,Trasferimenti correnti
5695,Spese correnti,Trasferimenti correnti
5696,Spese correnti,Trasferimenti correnti
6101,Altre spese,Altre spese
6102,Spese in conto capitale,Investimenti fissi
6103,Spese correnti,Trasferimenti correnti
6104,Spese correnti,Trasferimenti correnti
6105,Spese correnti,Trasferimenti correnti
6106,Spese correnti,Trasferimenti correnti
6107,Spese correnti,Trasferimenti correnti
6108,Spese correnti,Trasferimenti correnti
6109,Spese correnti,Trasferimenti correnti
6110,Spese correnti,Trasferimenti correnti
6111,Spese correnti,Trasferimenti correnti
6112,Spese correnti,Trasferimenti correnti
6113,Spese correnti,Trasferimenti correnti
6114,Spese correnti,Trasferimenti correnti
6115,Spese correnti,Trasferimenti correnti
6116,Spese correnti,Trasferimenti correnti
6117,Spese correnti,Trasferimenti correnti
6118,Spese correnti,Trasferimenti correnti
6119,Spese correnti,Trasferimenti correnti
6120,Spese correnti,Trasferimenti correnti
6121,Spese correnti,Trasferimenti correnti
6122,Spese correnti,Trasferimenti correnti
6123,Spese correnti,Trasferimenti correnti
6124,Spese correnti,Trasferimenti correnti
6125,Spese correnti,Trasferimenti correnti
6126,Spese correnti,Trasferimenti correnti
6127,Spese correnti,Trasferimenti correnti
6128,Spese correnti,Trasferimenti correnti
6129,Spese correnti,Trasferimenti correnti
6132,Spese correnti,Trasferimenti correnti
6133,Spese correnti,Trasferimenti correnti
6134,Spese correnti,Trasferimenti correnti
6136,Spese correnti,Trasferimenti correnti
6137,Spese correnti,Trasferimenti correnti
6138,Spese correnti,Trasferimenti correnti
6139,Spese correnti,Trasferimenti correnti
6140,Spese correnti,Trasferimenti correnti
6141,Spese correnti,Trasferimenti correnti
6199,Spese correnti,Acquisto beni e servizi
6200,Spese correnti,Acquisto beni e servizi
6201,Spese correnti,Trasferimenti correnti
6204,Spese correnti,Trasferimenti correnti
6206,Spese correnti,Trasferimenti correnti
6207,Spese correnti,Trasferimenti correnti
6208,Spese correnti,Trasferimenti correnti
6211,Spese correnti,Trasferimenti correnti
6212,Spese correnti,Trasferimenti correnti
6213,Spese correnti,Trasferimenti correnti
6214,Spese correnti,Trasferimenti correnti
6215,Spese correnti,Trasferimenti correnti
6216,Spese correnti,Trasferimenti correnti
6217,Spese correnti,Trasferimenti correnti
6218,Spese correnti,Trasferimenti correnti
6219,Spese correnti,Trasferimenti correnti
6220,Spese correnti,Trasferimenti correnti
6221,Spese correnti,Trasferimenti correnti
6222,Spese correnti,Trasferimenti correnti
6223,Spese correnti,Trasferimenti correnti
6224,Spese correnti,Trasferimenti correnti
6225,Spese correnti,Trasferimenti correnti
6226,Spese correnti,Trasferimenti correnti
6227,Spese correnti,Trasferimenti correnti
6228,Spese correnti,Trasferimenti correnti
6229,Spese correnti,Trasferimenti correnti
6232,Spese correnti,Trasferimenti correnti
6233,Spese correnti,Trasferimenti correnti
6234,Spese correnti,Trasferimenti correnti
6236,Spese correnti,Trasferimenti correnti
6237,Spese correnti,Trasferimenti correnti
6238,Spese correnti,Trasferimenti correnti
6239,Spese correnti,Trasferimenti correnti
6240,Spese correnti,Trasferimenti correnti
6241,Spese correnti,Trasferimenti correnti
6300,Spese correnti,Trasferimenti correnti
6301,Altre spese,Altre spese
6302,Altre spese,Altre spese
6303,Altre spese,Altre spese
6399,Altre spese,Altre spese
6400,Spese correnti,Trasferimenti correnti
6501,Altre spese,Altre spese
6502,Altre spese,Altre spese
7.01.01.01.001,Spese correnti,Altre spese
7.01.01.02.001,Spese correnti,Altre spese
7.01.01.99.001,Spese correnti,Altre spese
7.01.01.99.999,Spese correnti,Altre spese
7.01.02.01.001,Spese correnti,Altre spese
7.01.02.02.001,Spese correnti,Altre spese
7.01.02.99.999,Spese correnti,Altre spese
7.01.03.01.001,Spese correnti,Altre spese
7.01.03.02.001,Spese correnti,Altre spese
7.01.03.99.999,Spese correnti,Altre spese
7.01.04.01.001,Spese correnti,Altre spese
7.01.04.02.001,Spese correnti,Altre spese
7.01.04.99.999,Spese correnti,Altre spese
7.01.99.01.001,Spese correnti,Altre spese
7.01.99.02.001,Spese correnti,Altre spese
7.01.99.03.001,Spese correnti,Altre spese
7.01.99.04.001,Spese correnti,Altre spese
7.01.99.05.001,Spese correnti,Altre spese
7.01.99.06.001,Spese correnti,Altre spese
7.01.99.06.002,Spese correnti,Altre spese
7.01.99.99.999,Spese correnti,Altre spese
7.02.01.01.001,Spese correnti,Altre spese
7.02.01.02.001,Spese correnti,Altre spese
7.02.02.01.001,Spese correnti,Altre spese
7.02.02.01.003,Spese correnti,Altre spese
7.02.02.01.004,Spese correnti,Altre spese
7.02.02.01.005,Spese correnti,Altre spese
7.02.02.01.006,Spese correnti,Altre spese
7.02.02.01.007,Spese correnti,Altre spese
7.02.02.01.008,Spese correnti,Altre spese
7.02.02.01.009,Spese correnti,Altre spese
7.02.02.01.010,Spese correnti,Altre spese
7.02.02.01.011,Spese correnti,Altre spese
7.02.02.01.012,Spese correnti,Altre spese
7.02.02.01.013,Spese correnti,Altre spese
7.02.02.01.999,Spese correnti,Altre spese
7.02.02.02.001,Spese correnti,Altre spese
7.02.02.02.002,Spese correnti,Altre spese
7.02.02.02.003,Spese correnti,Altre spese
7.02.02.02.004,Spese correnti,Altre spese
7.02.02.02.005,Spese correnti,Altre spese
7.02.02.02.006,Spese correnti,Altre spese
7.02.02.02.007,Spese correnti,Altre spese
7.02.02.02.008,Spese correnti,Altre spese
7.02.02.02.009,Spese correnti,Altre spese
7.02.02.02.010,Spese correnti,Altre spese
7.02.02.02.011,Spese correnti,Altre spese
7.02.02.02.012,Spese correnti,Altre spese
7.02.02.02.013,Spese correnti,Altre spese
7.02.02.02.014,Spese correnti,Altre spese
7.02.02.02.015,Spese correnti,Altre spese
7.02.02.02.016,Spese correnti,Altre spese
7.02.02.02.017,Spese correnti,Altre spese
7.02.02.02.018,Spese correnti,Altre spese
7.02.02.02.019,Spese correnti,Altre spese
7.02.02.02.999,Spese correnti,Altre spese
7.02.02.03.001,Spese correnti,Altre spese
7.02.02.03.002,Spese correnti,Altre spese
7.02.02.03.999,Spese correnti,Altre spese
7.02.03.01.001,Spese correnti,Altre spese
7.02.03.02.001,Spese correnti,Altre spese
7.02.03.02.002,Spese correnti,Altre spese
7.02.03.02.999,Spese correnti,Altre spese
7.02.03.03.001,Spese correnti,Altre spese
7.02.03.04.001,Spese correnti,Altre spese
7.02.04.01.001,Spese correnti,Altre spese
7.02.04.02.001,Spese correnti,Altre spese
7.02.05.01.001,Spese correnti,Altre spese
7.02.05.02.001,Spese correnti,Altre spese
7.02.99.99.999,Spese correnti,Altre spese
7100,Incremento attivita' finanziarie,Incremento attivita' finanziarie
7101,Altre spese,Altre spese
7102,Spese correnti,Personale
7103,Spese correnti,Personale
7104,Altre spese,Altre spese
7105,Altre spese,Altre spese
7106,Altre spese,Altre spese
7111,Altre spese,Altre spese
7112,Spese in conto capitale,Investimenti fissi
7113,Spese in conto capitale,Investimenti fissi
7114,Spese in conto capitale,Investimenti fissi
7115,Spese in conto capitale,Investimenti fissi
7116,Altre spese,Altre spese
7117,Altre spese,Altre spese
7118,Altre spese,Altre spese
7199,Altre spese,Altre spese
7200,Incremento attivita' finanziarie,Incremento attivita' finanziarie
7211,Altre spese,Altre spese
7212,Spese in conto capitale,Investimenti fissi
7213,Spese in conto capitale,Investimenti fissi
7214,Spese in conto capitale,Investimenti fissi
7215,Spese in conto capitale,Investimenti fissi
7216,Altre spese,Altre spese
7217,Altre spese,Altre spese
7218,Altre spese,Altre spese
7300,Incremento attivita' finanziarie,Incremento attivita' finanziarie
7311,Altre spese,Altre spese
7313,Altre spese,Altre spese
7315,Altre spese,Altre spese
7317,Altre spese,Altre spese
7319,Altre spese,Altre spese
7321,Altre spese,Altre spese
7323,Altre spese,Altre spese
7325,Altre spese,Altre spese
7327,Altre spese,Altre spese
7329,Altre spese,Altre spese
7331,Spese correnti,Acquisto beni e servizi
7333,Spese correnti,Acquisto beni e servizi
7350,Spese correnti,Acquisto beni e servizi
7400,Incremento attivita' finanziarie,Incremento attivita' finanziarie
7401,Altre spese,Altre spese
7402,Altre spese,Altre spese
7403,Altre spese,Altre spese
7404,Altre spese,Altre spese
7405,Altre spese,Altre spese
7406,Altre spese,Altre spese
7407,Altre spese,Altre spese
7411,Altre spese,Altre spese
7412,Altre spese,Altre spese
7413,Altre spese,Altre spese
7414,Altre spese,Altre spese
7420,Incremento attivita' finanziarie,Incremento attivita' finanziarie
7430,Incremento attivita' finanziarie,Incremento attivita' finanziarie
7450,Incremento attivita' finanziarie,Incremento attivita' finanziarie
7460,Incremento attivita' finanziarie,Incremento attivita' finanziarie
7500,Incremento attivita' finanziarie,Incremento attivita' finanziarie
7511,Anticipazioni e partite di giro,Anticipazioni
7512,Anticipazioni e partite di giro,Anticipazioni
7513,Anticipazioni e partite di giro,Anticipazioni
7514,Anticipazioni e partite di giro,Anticipazioni
7515,Anticipazioni e partite di giro,Anticipazioni
7516,Anticipazioni e partite di giro,Anticipazioni
7517,Anticipazioni e partite di giro,Anticipazioni
7518,Anticipazioni e partite di giro,Anticipazioni
7519,Anticipazioni e partite di giro,Anticipazioni
7520,Anticipazioni e partite di giro,Anticipazioni
7523,Anticipazioni e partite di giro,Anticipazioni
7524,Anticipazioni e partite di giro,Anticipazioni
7525,Anticipazioni e partite di giro,Anticipazioni
7526,Anticipazioni e partite di giro,Anticipazioni
7527,Anticipazioni e partite di giro,Anticipazioni
7600,Altre spese,Altre spese
7910,Incremento attivita' finanziarie,Incremento attivita' finanziarie
7911,Incremento attivita' finanziarie,Incremento attivita' finanziarie
7912,Incremento attivita' finanziarie,Incremento attivita' finanziarie
8100,Rimborso prestiti,Rimborso prestiti
8101,Altre spese,Altre spese
8102,Spese correnti,Personale
8103,Spese correnti,Personale
8104,Anticipazioni e partite di giro,Anticipazioni
8105,Altre spese,Altre spese
8106,Altre spese,Altre spese
8107,Altre spese,Altre spese
8110,Anticipazioni e partite di giro,Anticipazioni
8200,Altre spese,Altre spese
8201,Altre spese,Altre spese
8202,Altre spese,Altre spese
8211,Altre spese,Altre spese
8212,Altre spese,Altre spese
8300,Altre spese,Altre spese
8311,Altre spese,Altre spese
8312,Altre spese,Altre spese
8411,Altre spese,Altre spese
8412,Altre spese,Altre spese
8413,Altre spese,Altre spese
8414,Altre spese,Altre spese
8415,Altre spese,Altre spese
8500,Altre spese,Altre spese
8999,Altre spese,Altre spese
9000,Spese correnti,Trasferimenti correnti
9110,Altre spese,Altre spese
9120,Spese correnti,Personale
9130,Spese correnti,Personale
9140,Altre spese,Altre spese
9150,Altre spese,Altre spese
9160,Spese correnti,Acquisto beni e servizi
9170,Altre spese,Altre spese
9180,Altre spese,Altre spese
9190,Altre spese,Altre spese
9200,Spese correnti,Acquisto beni e servizi
9210,Altre spese,Altre spese
9220,Altre spese,Altre spese
997,Altre spese,Altre spese
998,Altre spese,Altre spese
999,Altre spese,Altre spese
9995,Altre spese,Altre spese
9996,Altre spese,Altre spese
9997,Altre spese,Altre spese
9998,Anticipazioni e partite di giro,Anticipazioni
9999,Altre spese,Altre spese
A0100,Spese correnti,Trasferimenti correnti
A0200,Spese correnti,Trasferimenti correnti
A0300,Spese correnti,Imposte e tasse
A0400,Spese correnti,Trasferimenti correnti
A0500,Spese correnti,Trasferimenti correnti
A0600,Spese correnti,Trasferimenti correnti
A0700,Spese correnti,Trasferimenti correnti
A0800,Spese correnti,Trasferimenti correnti
A0900,Spese correnti,Interessi passivi
A1000,Spese correnti,Poste correttive
A1100,Spese correnti,Trasferimenti correnti
A1200,Spese correnti,Trasferimenti correnti
A2100,Spese in conto capitale,Investimenti fissi
A2200,Spese in conto capitale,Contributi investimenti
A2300,Spese in conto capitale,Contributi investimenti
A2400,Spese in conto capitale,Contributi investimenti
A2500,Spese in conto capitale,Contributi investimenti
A2600,Spese in conto capitale,Trasferimenti c/capitale
A3100,Incremento attivita' finanziarie,Incremento attivita' finanziarie
A6100,Rimborso prestiti,Rimborso prestiti
A9999,Spese correnti,Trasferimenti correnti
I0100,Spese correnti,Trasferimenti correnti
I0200,Spese correnti,Trasferimenti correnti
I0300,Spese correnti,Imposte e tasse
I0400,Spese correnti,Trasferimenti correnti
I0500,Spese correnti,Trasferimenti correnti
I0600,Spese correnti,Trasferimenti correnti
I0700,Spese correnti,Trasferimenti correnti
I0800,Spese correnti,Trasferimenti correnti
I0900,Spese correnti,Interessi passivi
I1000,Spese correnti,Poste correttive
I1100,Spese correnti,Trasferimenti correnti
I1200,Spese correnti,Trasferimenti correnti
I2100,Spese in conto capitale,Investimenti fissi
I2200,Spese in conto capitale,Contributi investimenti
I2300,Spese in conto capitale,Contributi investimenti
I2400,Spese in conto capitale,Contributi investimenti
I2500,Spese in conto capitale,Contributi investimenti
I2600,Spese in conto capitale,Trasferimenti c/capitale
I3100,Incremento attivita' finanziarie,Incremento attivita' finanziarie
I6100,Rimborso prestiti,Rimborso prestiti
I9999,Spese correnti,Trasferimenti correnti
